,seed,model,lambda,d_model,er_loss,no_epochs,max_len,recall,precision,f1,accuracy,dataset,time
0,8,SDFA_NAP_model,0.1,8,True,10,5,0.8064321250888415,0.9068324402026544,0.8491419468803583,0.8064321250888415,bpi12,
1,8,SDFA_NAP_model,0.2,8,True,10,5,0.806680881307747,0.9072526399151192,0.8506760516985997,0.806680881307747,bpi12,
2,8,SDFA_NAP_model,0.5,8,True,10,5,0.8138770433546553,0.9201839218547128,0.8593684920611706,0.8138770433546553,bpi12,
3,8,SDFA_NAP_model,0.1,8,True,10,10,0.7503909026297086,0.873112269928835,0.7969424900207753,0.7503909026297086,bpi12,
4,8,SDFA_NAP_model,0.2,8,True,10,10,0.7542110874200426,0.8572021488271383,0.7941932389515474,0.7542110874200426,bpi12,
5,8,SDFA_NAP_model,0.5,8,True,10,10,0.725639658848614,0.8582258412416743,0.7705672589454061,0.725639658848614,bpi12,
6,8,SDFA_NAP_model,0.1,8,True,10,20,0.6328891257995736,0.7907962828908226,0.6929354168774435,0.6328891257995736,bpi12,
7,8,SDFA_NAP_model,0.2,8,True,10,20,0.7109275053304904,0.8299601234599445,0.7581226542229493,0.7109275053304904,bpi12,
8,8,SDFA_NAP_model,0.5,8,True,10,20,0.6146055437100213,0.7890336116554715,0.679537658866651,0.6146055437100213,bpi12,
9,8,SDFA_NAP_model,0.1,16,True,10,5,0.8399609097370292,0.91438076351292,0.8712618870725671,0.8399609097370292,bpi12,
10,8,SDFA_NAP_model,0.2,16,True,10,5,0.8278606965174129,0.9041504162963432,0.8594130896659078,0.8278606965174129,bpi12,
11,8,SDFA_NAP_model,0.5,16,True,10,5,0.8393567874911159,0.9172536300993284,0.8718494902788769,0.8393567874911159,bpi12,
12,8,SDFA_NAP_model,0.1,16,True,10,10,0.8017057569296375,0.8835459258503223,0.8348939719547037,0.8017057569296375,bpi12,
13,8,SDFA_NAP_model,0.2,16,True,10,10,0.7977434257285003,0.8869924305186018,0.8324117353650954,0.7977434257285003,bpi12,
14,8,SDFA_NAP_model,0.5,16,True,10,10,0.7825692963752665,0.8622276547625164,0.8123844982692953,0.7825692963752665,bpi12,
15,8,SDFA_NAP_model,0.1,16,True,10,20,0.7320717839374555,0.8179949183790652,0.7617686532642038,0.7320717839374555,bpi12,
16,8,SDFA_NAP_model,0.2,16,True,10,20,0.7039623312011372,0.8134600051961216,0.7459344207285952,0.7039623312011372,bpi12,
17,8,SDFA_NAP_model,0.5,16,True,10,20,0.7079246624022744,0.7865717037833071,0.7347607614378419,0.7079246624022744,bpi12,
18,8,SDFA_NAP_model,0.1,32,True,10,5,0.8363006396588486,0.9115378425760712,0.8669145771208665,0.8363006396588486,bpi12,
19,8,SDFA_NAP_model,0.2,32,True,10,5,0.8316098081023454,0.909838879823008,0.862871615587863,0.8316098081023454,bpi12,
20,8,SDFA_NAP_model,0.5,32,True,10,5,0.8313255152807392,0.9091082517543604,0.8628046727185164,0.8313255152807392,bpi12,
21,8,SDFA_NAP_model,0.1,32,True,10,10,0.7909737029140014,0.8797745547423927,0.824477248467409,0.7909737029140014,bpi12,
22,8,SDFA_NAP_model,0.2,32,True,10,10,0.809363894811656,0.8936393719329688,0.8429765897919941,0.809363894811656,bpi12,
23,8,SDFA_NAP_model,0.5,32,True,10,10,0.7929992892679459,0.8692531113165937,0.8229135084058807,0.7929992892679459,bpi12,
24,8,SDFA_NAP_model,0.1,32,True,10,20,0.6829246624022743,0.7638900491635194,0.699125098346351,0.6829246624022743,bpi12,
25,8,SDFA_NAP_model,0.2,32,True,10,20,0.6814321250888415,0.767769660341757,0.6905441481168977,0.6814321250888415,bpi12,
26,8,SDFA_NAP_model,0.5,32,True,10,20,0.7013148542999289,0.7954392868419131,0.7254201797725616,0.7013148542999289,bpi12,
27,8,NAP_model,0.5,8,False,10,5,0.8076226012793177,0.8952570783317613,0.842141649468989,0.8076226012793177,bpi12,
28,8,NAP_model,0.5,8,False,10,10,0.7620113717128643,0.8753976201805449,0.8059885671396437,0.7620113717128643,bpi12,
29,8,NAP_model,0.5,8,False,10,20,0.6253909026297086,0.8043278315180606,0.6879262183067694,0.6253909026297086,bpi12,
30,8,NAP_model,0.5,16,False,10,5,0.8372956645344705,0.9122066877324178,0.8686546171600766,0.8372956645344705,bpi12,
31,8,NAP_model,0.5,16,False,10,10,0.7517590618336887,0.8435543260347526,0.7861567627094225,0.7517590618336887,bpi12,
32,8,NAP_model,0.5,16,False,10,20,0.7024875621890547,0.8160984788333294,0.7496221782507162,0.7024875621890547,bpi12,
33,8,NAP_model,0.5,32,False,10,5,0.827771855010661,0.912891060538394,0.8603149014591,0.827771855010661,bpi12,
34,8,NAP_model,0.5,32,False,10,10,0.7878287135749822,0.8472716903198123,0.8083851084951126,0.7878287135749822,bpi12,
35,8,NAP_model,0.5,32,False,10,20,0.6738805970149254,0.7886492495578498,0.7124824316591505,0.6738805970149254,bpi12,
36,15,SDFA_NAP_model,0.1,8,True,10,5,0.7828002842928216,0.8689786711375715,0.8172162889189094,0.7828002842928216,bpi12,
37,15,SDFA_NAP_model,0.2,8,True,10,5,0.8182302771855011,0.9340043002182477,0.8675638518008738,0.8182302771855011,bpi12,
38,15,SDFA_NAP_model,0.5,8,True,10,5,0.8158137882018479,0.9139113518441284,0.8594475217207692,0.8158137882018479,bpi12,
39,15,SDFA_NAP_model,0.1,8,True,10,10,0.7485785358919688,0.8550050543527671,0.7901395490394154,0.7485785358919688,bpi12,
40,15,SDFA_NAP_model,0.2,8,True,10,10,0.7532160625444208,0.8602233007198915,0.797893439379013,0.7532160625444208,bpi12,
41,15,SDFA_NAP_model,0.5,8,True,10,10,0.7490938166311301,0.8669383425900012,0.7972923254587853,0.7490938166311301,bpi12,
42,15,SDFA_NAP_model,0.1,8,True,10,20,0.6380063965884861,0.7966219409046019,0.6958599286785659,0.6380063965884861,bpi12,
43,15,SDFA_NAP_model,0.2,8,True,10,20,0.7080490405117271,0.8078603246928081,0.7471361798867316,0.7080490405117271,bpi12,
44,15,SDFA_NAP_model,0.5,8,True,10,20,0.6423418621179815,0.7861387392005277,0.6867681354628964,0.6423418621179815,bpi12,
45,15,SDFA_NAP_model,0.1,16,True,10,5,0.8439054726368159,0.9177419167206126,0.8751119343466932,0.8439054726368159,bpi12,
46,15,SDFA_NAP_model,0.2,16,True,10,5,0.8161691542288557,0.8985222743197386,0.8486945596243235,0.8161691542288557,bpi12,
47,15,SDFA_NAP_model,0.5,16,True,10,5,0.832409381663113,0.9100716656726452,0.8645333756857527,0.832409381663113,bpi12,
48,15,SDFA_NAP_model,0.1,16,True,10,10,0.7936922530206112,0.8788101752209007,0.8246762228654019,0.7936922530206112,bpi12,
49,15,SDFA_NAP_model,0.2,16,True,10,10,0.7629708599857854,0.8509493388077625,0.7929151179952133,0.7629708599857854,bpi12,
50,15,SDFA_NAP_model,0.5,16,True,10,10,0.7829779673063255,0.8837525808264375,0.8209823882298534,0.7829779673063255,bpi12,
51,15,SDFA_NAP_model,0.1,16,True,10,20,0.7503909026297086,0.8270235703021331,0.7807389916860691,0.7503909026297086,bpi12,
52,15,SDFA_NAP_model,0.2,16,True,10,20,0.7138770433546553,0.8149246984500506,0.7528621061930534,0.7138770433546553,bpi12,
53,15,SDFA_NAP_model,0.5,16,True,10,20,0.7208599857853589,0.8025188544207706,0.7541119120901929,0.7208599857853589,bpi12,
54,15,SDFA_NAP_model,0.1,32,True,10,5,0.8247690120824449,0.9087897706477128,0.8566462791473242,0.8247690120824449,bpi12,
55,15,SDFA_NAP_model,0.2,32,True,10,5,0.8256218905472636,0.909085063677578,0.8575947325564971,0.8256218905472636,bpi12,
56,15,SDFA_NAP_model,0.5,32,True,10,5,0.815724946695096,0.8955424670003825,0.8459069075194109,0.815724946695096,bpi12,
57,15,SDFA_NAP_model,0.1,32,True,10,10,0.8057569296375267,0.8819207949912308,0.8353133555512396,0.8057569296375267,bpi12,
58,15,SDFA_NAP_model,0.2,32,True,10,10,0.796997157071784,0.8745260471016315,0.8257169566191026,0.796997157071784,bpi12,
59,15,SDFA_NAP_model,0.5,32,True,10,10,0.7799573560767591,0.861185588590603,0.8090147391974741,0.7799573560767591,bpi12,
60,15,SDFA_NAP_model,0.1,32,True,10,20,0.6446162046908316,0.7662202865465915,0.6652596714708048,0.6446162046908316,bpi12,
61,15,SDFA_NAP_model,0.2,32,True,10,20,0.6996624022743426,0.7679028238990266,0.7059836192501049,0.6996624022743426,bpi12,
62,15,SDFA_NAP_model,0.5,32,True,10,20,0.7004442075337598,0.7668811076471724,0.7036246076867755,0.7004442075337598,bpi12,
63,15,NAP_model,0.5,8,False,10,5,0.7678926794598436,0.8878950428843358,0.8137054153620112,0.7678926794598436,bpi12,
64,15,NAP_model,0.5,8,False,10,10,0.748862828713575,0.8588674292610621,0.7937386398338399,0.748862828713575,bpi12,
65,15,NAP_model,0.5,8,False,10,20,0.6180525941719972,0.768292030622953,0.6673572205805955,0.6180525941719972,bpi12,
66,15,NAP_model,0.5,16,False,10,5,0.840867093105899,0.9166103552084632,0.872560596768519,0.840867093105899,bpi12,
67,15,NAP_model,0.5,16,False,10,10,0.8026474769012082,0.889259955541703,0.8379870972242439,0.8026474769012082,bpi12,
68,15,NAP_model,0.5,16,False,10,20,0.68045486851457,0.7981968279666386,0.7229125613245092,0.68045486851457,bpi12,
69,15,NAP_model,0.5,32,False,10,5,0.8351634683724236,0.9156550388472964,0.8666342437015251,0.8351634683724236,bpi12,
70,15,NAP_model,0.5,32,False,10,10,0.7979388770433546,0.8712130603800878,0.8245780238102345,0.7979388770433546,bpi12,
71,15,NAP_model,0.5,32,False,10,20,0.6646055437100213,0.7939845160256973,0.691112154914139,0.6646055437100213,bpi12,
72,76,SDFA_NAP_model,0.1,8,True,10,5,0.7966773276474769,0.9130020753657804,0.8455383863819786,0.7966773276474769,bpi12,
73,76,SDFA_NAP_model,0.2,8,True,10,5,0.8079957356076759,0.8960155608234012,0.845456388018647,0.8079957356076759,bpi12,
74,76,SDFA_NAP_model,0.5,8,True,10,5,0.8138948116560056,0.9145631298943384,0.8584775774333948,0.8138948116560056,bpi12,
75,76,SDFA_NAP_model,0.1,8,True,10,10,0.7426439232409382,0.8690807989747794,0.7936968327533803,0.7426439232409382,bpi12,
76,76,SDFA_NAP_model,0.2,8,True,10,10,0.7233830845771144,0.8748160807473861,0.7822732643714863,0.7233830845771144,bpi12,
77,76,SDFA_NAP_model,0.5,8,True,10,10,0.734772565742715,0.8472918036972492,0.7793434644668026,0.734772565742715,bpi12,
78,76,SDFA_NAP_model,0.1,8,True,10,20,0.6368159203980099,0.7827588138515661,0.6792213385653031,0.6368159203980099,bpi12,
79,76,SDFA_NAP_model,0.2,8,True,10,20,0.6071961620469083,0.7589876502177813,0.6549309787233654,0.6071961620469083,bpi12,
80,76,SDFA_NAP_model,0.5,8,True,10,20,0.6640902629708599,0.819376160985611,0.7212093638722218,0.6640902629708599,bpi12,
81,76,SDFA_NAP_model,0.1,16,True,10,5,0.8371712864250178,0.9184874153815884,0.8706006016348803,0.8371712864250178,bpi12,
82,76,SDFA_NAP_model,0.2,16,True,10,5,0.8338486140724947,0.9092408407521012,0.8651377924937161,0.8338486140724947,bpi12,
83,76,SDFA_NAP_model,0.5,16,True,10,5,0.8400319829424308,0.912115288759858,0.8710557499436664,0.8400319829424308,bpi12,
84,76,SDFA_NAP_model,0.1,16,True,10,10,0.7629708599857854,0.8811207894827436,0.8102699667806174,0.7629708599857854,bpi12,
85,76,SDFA_NAP_model,0.2,16,True,10,10,0.7796019900497513,0.8737076669214482,0.8141003788766286,0.7796019900497513,bpi12,
86,76,SDFA_NAP_model,0.5,16,True,10,10,0.7530739161336176,0.8615568730897919,0.7896821892604828,0.7530739161336176,bpi12,
87,76,SDFA_NAP_model,0.1,16,True,10,20,0.7481876332622601,0.8223777648305927,0.7788739406853529,0.7481876332622601,bpi12,
88,76,SDFA_NAP_model,0.2,16,True,10,20,0.7659026297085999,0.8370629998036192,0.7942936297910539,0.7659026297085999,bpi12,
89,76,SDFA_NAP_model,0.5,16,True,10,20,0.726226012793177,0.8328203890448512,0.7654806195720253,0.726226012793177,bpi12,
90,76,SDFA_NAP_model,0.1,32,True,10,5,0.8247512437810945,0.9103764247812258,0.8575134904481712,0.8247512437810945,bpi12,
91,76,SDFA_NAP_model,0.2,32,True,10,5,0.8256396588486141,0.9026291978629882,0.8574463547572535,0.8256396588486141,bpi12,
92,76,SDFA_NAP_model,0.5,32,True,10,5,0.8272210376687988,0.90076207463808,0.857943778226113,0.8272210376687988,bpi12,
93,76,SDFA_NAP_model,0.1,32,True,10,10,0.8081023454157783,0.8841602595872305,0.8383188917329869,0.8081023454157783,bpi12,
94,76,SDFA_NAP_model,0.2,32,True,10,10,0.801137171286425,0.8863980714357893,0.834147706717848,0.801137171286425,bpi12,
95,76,SDFA_NAP_model,0.5,32,True,10,10,0.7934790334044065,0.8601518925562845,0.819836247061788,0.7934790334044065,bpi12,
96,76,SDFA_NAP_model,0.1,32,True,10,20,0.6968017057569297,0.7639578882589985,0.6969029189693452,0.6968017057569297,bpi12,
97,76,SDFA_NAP_model,0.2,32,True,10,20,0.6735963041933192,0.759959589591549,0.6936950580519133,0.6735963041933192,bpi12,
98,76,SDFA_NAP_model,0.5,32,True,10,20,0.7390724946695096,0.7991690210098898,0.7528253555524738,0.7390724946695096,bpi12,
99,76,NAP_model,0.5,8,False,10,5,0.8177860696517413,0.927798208090392,0.8633829697486441,0.8177860696517413,bpi12,
100,76,NAP_model,0.5,8,False,10,10,0.7137171286425018,0.8301892333848712,0.7613007316406026,0.7137171286425018,bpi12,
101,76,NAP_model,0.5,8,False,10,20,0.6178926794598436,0.8103371186903318,0.6876938745955686,0.6178926794598436,bpi12,
102,76,NAP_model,0.5,16,False,10,5,0.8338130774697939,0.9094663516786068,0.8653971385329434,0.8338130774697939,bpi12,
103,76,NAP_model,0.5,16,False,10,10,0.7616027007818053,0.8906573110363889,0.8138377079163166,0.7616027007818053,bpi12,
104,76,NAP_model,0.5,16,False,10,20,0.725586353944563,0.8270502463664009,0.7670778567899444,0.725586353944563,bpi12,
105,76,NAP_model,0.5,32,False,10,5,0.8341862117981521,0.9111033758487732,0.8650949986838834,0.8341862117981521,bpi12,
106,76,NAP_model,0.5,32,False,10,10,0.7656538734896944,0.8661947735265079,0.8014150043551709,0.7656538734896944,bpi12,
107,76,NAP_model,0.5,32,False,10,20,0.6582444918265814,0.7754723346165061,0.6793669896840636,0.6582444918265814,bpi12,
108,23,SDFA_NAP_model,0.1,8,True,10,5,0.7897832267235252,0.8873332213141093,0.8295106613199195,0.7897832267235252,bpi12,
109,23,SDFA_NAP_model,0.2,8,True,10,5,0.8084399431414356,0.9280865757346468,0.8600894540818219,0.8084399431414356,bpi12,
110,23,SDFA_NAP_model,0.5,8,True,10,5,0.7783582089552239,0.926860289466588,0.8366714882995973,0.7783582089552239,bpi12,
111,23,SDFA_NAP_model,0.1,8,True,10,10,0.7450248756218906,0.8714399828902193,0.7979204173389197,0.7450248756218906,bpi12,
112,23,SDFA_NAP_model,0.2,8,True,10,10,0.738912579957356,0.8563599188081245,0.7846495051232713,0.738912579957356,bpi12,
113,23,SDFA_NAP_model,0.5,8,True,10,10,0.692999289267946,0.8322242604530597,0.7441849096087502,0.692999289267946,bpi12,
114,23,SDFA_NAP_model,0.1,8,True,10,20,0.6297441364605544,0.7997287248330899,0.6863120817664135,0.6297441364605544,bpi12,
115,23,SDFA_NAP_model,0.2,8,True,10,20,0.6682480454868515,0.8200443516259055,0.7265200094446862,0.6682480454868515,bpi12,
116,23,SDFA_NAP_model,0.5,8,True,10,20,0.674271499644634,0.7850511500725869,0.7156212015586103,0.674271499644634,bpi12,
117,23,SDFA_NAP_model,0.1,16,True,10,5,0.8347547974413646,0.9122305549573236,0.8659051230943675,0.8347547974413646,bpi12,
118,23,SDFA_NAP_model,0.2,16,True,10,5,0.8385749822316987,0.9127897517047274,0.8699370971019981,0.8385749822316987,bpi12,
119,23,SDFA_NAP_model,0.5,16,True,10,5,0.8369580668088131,0.9144920251310018,0.868499708308983,0.8369580668088131,bpi12,
120,23,SDFA_NAP_model,0.1,16,True,10,10,0.7972459132906894,0.8831062321008992,0.8320214610750009,0.7972459132906894,bpi12,
121,23,SDFA_NAP_model,0.2,16,True,10,10,0.800497512437811,0.8866563071739524,0.8350546710876945,0.800497512437811,bpi12,
122,23,SDFA_NAP_model,0.5,16,True,10,10,0.7918088130774698,0.8705107922310095,0.8221894996143951,0.7918088130774698,bpi12,
123,23,SDFA_NAP_model,0.1,16,True,10,20,0.7484186211798152,0.8261706368662534,0.7779259817084204,0.7484186211798152,bpi12,
124,23,SDFA_NAP_model,0.2,16,True,10,20,0.6950426439232409,0.8191597408683481,0.7377754044255967,0.6950426439232409,bpi12,
125,23,SDFA_NAP_model,0.5,16,True,10,20,0.7579779673063255,0.8428401734900811,0.7928566579744463,0.7579779673063255,bpi12,
126,23,SDFA_NAP_model,0.1,32,True,10,5,0.8403340440653874,0.9174658541483396,0.8720186782246553,0.8403340440653874,bpi12,
127,23,SDFA_NAP_model,0.2,32,True,10,5,0.8277896233120113,0.9106573334747574,0.8601042543419734,0.8277896233120113,bpi12,
128,23,SDFA_NAP_model,0.5,32,True,10,5,0.8232409381663113,0.9014895352691,0.8550935548046953,0.8232409381663113,bpi12,
129,23,SDFA_NAP_model,0.1,32,True,10,10,0.7943496801705757,0.8916723264546605,0.8311587077869685,0.7943496801705757,bpi12,
130,23,SDFA_NAP_model,0.2,32,True,10,10,0.7951847903340441,0.8902689131601383,0.8290689491747851,0.7951847903340441,bpi12,
131,23,SDFA_NAP_model,0.5,32,True,10,10,0.8039267945984364,0.8931048704854029,0.838652049512486,0.8039267945984364,bpi12,
132,23,SDFA_NAP_model,0.1,32,True,10,20,0.66954513148543,0.7873669350383086,0.7064644339636944,0.66954513148543,bpi12,
133,23,SDFA_NAP_model,0.2,32,True,10,20,0.6133972992181947,0.7430199072384858,0.6294131246649103,0.6133972992181947,bpi12,
134,23,SDFA_NAP_model,0.5,32,True,10,20,0.6843283582089552,0.7802436904986242,0.6991553564851954,0.6843283582089552,bpi12,
135,23,NAP_model,0.5,8,False,10,5,0.8111051883439944,0.9045855823948572,0.8490120960821121,0.8111051883439944,bpi12,
136,23,NAP_model,0.5,8,False,10,10,0.6646588486140725,0.822782836505851,0.7107859099618774,0.6646588486140725,bpi12,
137,23,NAP_model,0.5,8,False,10,20,0.7102523098791755,0.826194545805972,0.7504093208836436,0.7102523098791755,bpi12,
138,23,NAP_model,0.5,16,False,10,5,0.8435501066098081,0.9211509604795118,0.8754613348962317,0.8435501066098081,bpi12,
139,23,NAP_model,0.5,16,False,10,10,0.7916844349680171,0.8830181504048137,0.82673622280662,0.7916844349680171,bpi12,
140,23,NAP_model,0.5,16,False,10,20,0.6821073205401563,0.8057642859893188,0.7278266202874522,0.6821073205401563,bpi12,
141,23,NAP_model,0.5,32,False,10,5,0.826457000710732,0.9047936015296774,0.8575048013998485,0.826457000710732,bpi12,
142,23,NAP_model,0.5,32,False,10,10,0.7265991471215352,0.8820029362577491,0.7815785089895877,0.7265991471215352,bpi12,
143,23,NAP_model,0.5,32,False,10,20,0.66090973702914,0.7462368719020532,0.6865296392188492,0.66090973702914,bpi12,
144,56,SDFA_NAP_model,0.1,8,True,10,5,0.6616702698374569,0.8801974698907546,0.7357355552977806,0.6616702698374569,BPI19,87.31614817925728
145,56,SDFA_NAP_model,0.2,8,True,10,5,0.6637521018496276,0.8797876659682307,0.737694127257857,0.6637521018496276,BPI19,91.65377290821634
146,56,SDFA_NAP_model,0.5,8,True,10,5,0.6503643206021299,0.8728407129301814,0.7257628228562487,0.6503643206021299,BPI19,78.98633477510884
147,56,SDFA_NAP_model,0.1,8,True,10,10,0.6541756745936425,0.9149360169838427,0.7463429627719921,0.6541756745936425,BPI19,96.25785634592177
148,56,SDFA_NAP_model,0.2,8,True,10,10,0.6420049643686444,0.9153509745211852,0.7367435582751646,0.6420049643686444,BPI19,102.1556342415046
149,56,SDFA_NAP_model,0.5,8,True,10,10,0.6446152614300584,0.911926321057578,0.7374946771516965,0.6446152614300584,BPI19,98.56326967086645
150,56,SDFA_NAP_model,0.1,8,True,10,20,0.6293378172792057,0.9205031066441856,0.7318019238140017,0.6293378172792057,BPI19,135.1455748209264
151,56,SDFA_NAP_model,0.2,8,True,10,20,0.6317879734166068,0.9223487094985516,0.7340899946423013,0.6317879734166066,BPI19,133.1957402500324
152,56,SDFA_NAP_model,0.5,8,True,10,20,0.6343982704780207,0.9206796766751386,0.7359781364085454,0.6343982704780207,BPI19,153.3963958668988
153,56,SDFA_NAP_model,0.1,8,True,10,30,0.6401153014652895,0.917868370049522,0.7398881795742954,0.6401153014652895,BPI19,189.3312630211003
154,56,SDFA_NAP_model,0.2,8,True,10,30,0.6305709023941068,0.9147319254616416,0.7306899308944671,0.6305709023941068,BPI19,189.93486228757536
155,56,SDFA_NAP_model,0.5,8,True,10,30,0.6417967811674273,0.9349186150303528,0.7485324499489298,0.6417967811674273,BPI19,188.86675138343125
156,56,SDFA_NAP_model,0.1,16,True,10,5,0.6602610297061414,0.8885092249235054,0.7391551250372126,0.6602610297061414,BPI19,80.51785862497054
157,56,SDFA_NAP_model,0.2,16,True,10,5,0.6677235967651534,0.8832075976375702,0.7405782829046925,0.6677235967651534,BPI19,83.48971125413664
158,56,SDFA_NAP_model,0.5,16,True,10,5,0.6721114580831131,0.8830774091003198,0.7431978224031627,0.6721114580831131,BPI19,82.4384567459114
159,56,SDFA_NAP_model,0.1,16,True,10,10,0.6629674113219634,0.920193627726431,0.7539944398669904,0.6629674113219634,BPI19,137.09287487091495
160,56,SDFA_NAP_model,0.2,16,True,10,10,0.6613019457122268,0.921931504687162,0.7530886479850188,0.6613019457122268,BPI19,232.72050849986263
161,56,SDFA_NAP_model,0.5,16,True,10,10,0.6548642805668988,0.9225615772688314,0.7490758691182845,0.6548642805668988,BPI19,249.14789249566385
162,56,SDFA_NAP_model,0.1,16,True,10,20,0.6509888702057811,0.9255659808818676,0.7474936642930451,0.6509888702057811,BPI19,352.96947830817663
163,56,SDFA_NAP_model,0.2,16,True,10,20,0.6445351909680519,0.9198798488109294,0.7411348982175021,0.6445351909680519,BPI19,330.8614618251566
164,56,SDFA_NAP_model,0.5,16,True,10,20,0.6494194891504524,0.9248275878348784,0.747835125439496,0.6494194891504524,BPI19,288.6150055042002
165,56,SDFA_NAP_model,0.1,16,True,10,30,0.6463127552245976,0.9274204744955667,0.7472334821570905,0.6463127552245976,BPI19,157.56230619554407
166,56,SDFA_NAP_model,0.2,16,True,10,30,0.6558571542957803,0.9348146826257958,0.7539341462292231,0.6558571542957803,BPI19,153.52798060839996
167,56,SDFA_NAP_model,0.5,16,True,10,30,0.6497397709984787,0.933780832851896,0.7528714889531444,0.6497397709984787,BPI19,153.44484325395896
168,56,SDFA_NAP_model,0.1,32,True,10,5,0.66719513171591,0.8870643799746735,0.740466284342532,0.66719513171591,BPI19,81.99810854191892
169,56,SDFA_NAP_model,0.2,32,True,10,5,0.6727840499639683,0.8868546981407377,0.7442620472169025,0.6727840499639683,BPI19,85.02862877072766
170,56,SDFA_NAP_model,0.5,32,True,10,5,0.6723676835615342,0.8879033698744108,0.7442353385279529,0.6723676835615342,BPI19,83.45239578350447
171,56,SDFA_NAP_model,0.1,32,True,10,10,0.6579870285851549,0.9263256481378956,0.7517371536035141,0.6579870285851549,BPI19,103.6390909251757
172,56,SDFA_NAP_model,0.2,32,True,10,10,0.65926815597726,0.916789956172448,0.7484841836417649,0.65926815597726,BPI19,103.22335020429456
173,56,SDFA_NAP_model,0.5,32,True,10,10,0.6618304107614701,0.9197984489353114,0.7526949062544624,0.6618304107614701,BPI19,101.68335131257771
174,56,SDFA_NAP_model,0.1,32,True,10,20,0.6577788453839378,0.9303323710572514,0.7534515741023631,0.6577788453839378,BPI19,129.95845562089235
175,56,SDFA_NAP_model,0.2,32,True,10,20,0.6555048442629514,0.9267710263244264,0.7505947240854762,0.6555048442629514,BPI19,130.5538696126547
176,56,SDFA_NAP_model,0.5,32,True,10,20,0.6548162382896949,0.9298468725749384,0.7514970485393917,0.6548162382896949,BPI19,139.0777717750985
177,56,SDFA_NAP_model,0.1,32,True,10,30,0.651084954760189,0.921039970319831,0.7465757458895965,0.651084954760189,BPI19,161.58809941234068
178,56,SDFA_NAP_model,0.2,32,True,10,30,0.6543838577948595,0.93174545804175,0.7527239118758265,0.6543838577948595,BPI19,159.6405970207881
179,56,SDFA_NAP_model,0.5,32,True,10,30,0.6527344062775242,0.925354793905384,0.7488480638785543,0.6527344062775242,BPI19,158.6338784871623
180,56,NAP_model,0.0,8,False,10,5,0.6648730883177196,0.8761357195615437,0.7361815556579886,0.6648730883177196,BPI19,75.46059687500819
181,56,NAP_model,0.0,8,False,10,10,0.6407078228841381,0.910439524990886,0.7341330613845904,0.6407078228841381,BPI19,93.35127734569832
182,56,NAP_model,0.0,8,False,10,20,0.6337416926895668,0.9233895491671756,0.7359640405020287,0.6337416926895668,BPI19,132.44562622490338
183,56,NAP_model,0.0,8,False,10,30,0.6376811594202898,0.919819075556666,0.7362441697555795,0.6376811594202898,BPI19,164.0347614124883
184,56,NAP_model,0.0,16,False,10,5,0.6686203859396269,0.8806676630836215,0.7408749671776808,0.6686203859396269,BPI19,75.53725010864437
185,56,NAP_model,0.0,16,False,10,10,0.661622227560253,0.9200156865540968,0.7528092733961858,0.661622227560253,BPI19,120.25492331241256
186,56,NAP_model,0.0,16,False,10,20,0.6544799423492673,0.9266896011223964,0.7501159978283373,0.6544799423492673,BPI19,270.00222166255116
187,56,NAP_model,0.0,16,False,10,30,0.6476739530787092,0.9248575299418784,0.7483818298925166,0.6476739530787092,BPI19,297.12042722068725
188,56,NAP_model,0.0,32,False,10,5,0.6760989670910401,0.88388542914436,0.7458057587214302,0.6760989670910401,BPI19,79.96929203337058
189,56,NAP_model,0.0,32,False,10,10,0.6596044519176876,0.9255774916308964,0.7519412334354438,0.6596044519176876,BPI19,109.53022962082176
190,56,NAP_model,0.0,32,False,10,20,0.6573945071663063,0.9295511754398688,0.7525235499872086,0.6573945071663063,BPI19,142.8882687415462
191,56,NAP_model,0.0,32,False,10,30,0.6535991672671951,0.9239919291906374,0.7489748395358249,0.6535991672671951,BPI19,165.8739595416002
192,8,SDFA_NAP_model,0.1,8,True,10,5,0.6564817038994315,0.8716461296086763,0.7273122191456588,0.6564817038994315,BPI19,135.98571645845658
193,8,SDFA_NAP_model,0.2,8,True,10,5,0.6667947794058772,0.8829908811065662,0.7405704082362058,0.6667947794058772,BPI19,79.91390907079912
194,8,SDFA_NAP_model,0.5,8,True,10,5,0.660389142445352,0.879169654049604,0.7346720222786687,0.660389142445352,BPI19,83.49045251663775
195,8,SDFA_NAP_model,0.1,8,True,10,10,0.6399391464488751,0.912740820660459,0.7346584887302696,0.6399391464488751,BPI19,101.50051313764416
196,8,SDFA_NAP_model,0.2,8,True,10,10,0.6395708223236448,0.9108972693593648,0.7333348092891259,0.6395708223236448,BPI19,101.878185200179
197,8,SDFA_NAP_model,0.5,8,True,10,10,0.6430458803747298,0.9118167013854606,0.7384589469351058,0.6430458803747298,BPI19,99.59452501246706
198,8,SDFA_NAP_model,0.1,8,True,10,20,0.63804948354552,0.9223436964524008,0.7392670680035384,0.63804948354552,BPI19,133.016342133563
199,8,SDFA_NAP_model,0.2,8,True,10,20,0.6039714949155257,0.926645108657923,0.7130817268973502,0.6039714949155257,BPI19,134.18474362902344
200,8,SDFA_NAP_model,0.5,8,True,10,20,0.6305228601169028,0.9390521606272156,0.739738897661398,0.6305228601169028,BPI19,135.34501516260207
201,8,SDFA_NAP_model,0.1,8,True,10,30,0.6328128753302906,0.9198775570119504,0.7348692648095686,0.6328128753302906,BPI19,172.2798248791136
202,8,SDFA_NAP_model,0.2,8,True,10,30,0.638145568099928,0.9178097243320326,0.7355165880236533,0.638145568099928,BPI19,169.1020670331083
203,8,SDFA_NAP_model,0.5,8,True,10,30,0.6244535190968052,0.920510818647118,0.7290234915651733,0.6244535190968052,BPI19,162.61574097075498
204,8,SDFA_NAP_model,0.1,16,True,10,5,0.6734406277524221,0.8835938419601997,0.7445820160684501,0.6734406277524221,BPI19,82.2966758458875
205,8,SDFA_NAP_model,0.2,16,True,10,5,0.6718712466970934,0.8842580553686068,0.743673989838987,0.6718712466970934,BPI19,82.490522578964
206,8,SDFA_NAP_model,0.5,16,True,10,5,0.6738569941548562,0.8829215844930948,0.7445038191082781,0.6738569941548562,BPI19,86.00985833755695
207,8,SDFA_NAP_model,0.1,16,True,10,10,0.6601809592441349,0.9194025260547876,0.7515971603539979,0.6601809592441349,BPI19,108.74184568314811
208,8,SDFA_NAP_model,0.2,16,True,10,10,0.6574105212587077,0.9235526504373448,0.7507859556909522,0.6574105212587077,BPI19,112.60286678746344
209,8,SDFA_NAP_model,0.5,16,True,10,10,0.6639122427736408,0.9121699530899012,0.7503719535771324,0.6639122427736408,BPI19,105.99654759578408
210,8,SDFA_NAP_model,0.1,16,True,10,20,0.6454479942349267,0.9214244984460394,0.7444596951565615,0.6454479942349267,BPI19,137.93899182933382
211,8,SDFA_NAP_model,0.2,16,True,10,20,0.6532148290495636,0.9272529508845824,0.7497770507378831,0.6532148290495636,BPI19,138.98343613338656
212,8,SDFA_NAP_model,0.5,16,True,10,20,0.6490031227480183,0.9270585834935664,0.7489117185846063,0.6490031227480183,BPI19,139.1265230873134
213,8,SDFA_NAP_model,0.1,16,True,10,30,0.6490831932100248,0.9254476602916072,0.7491803513301248,0.6490831932100248,BPI19,176.64773082472385
214,8,SDFA_NAP_model,0.2,16,True,10,30,0.6460725438385779,0.9293327963273876,0.7479907132089879,0.6460725438385779,BPI19,174.03274095384404
215,8,SDFA_NAP_model,0.5,16,True,10,30,0.6481864040355513,0.9298148552273904,0.7498686821939402,0.6481864040355513,BPI19,255.10178834609687
216,8,SDFA_NAP_model,0.1,32,True,10,5,0.6647289614861078,0.8826166302321711,0.7393281527103228,0.6647289614861078,BPI19,151.20878424150868
217,8,SDFA_NAP_model,0.2,32,True,10,5,0.6708783729682121,0.885016996366522,0.7423917432726851,0.6708783729682121,BPI19,154.6895880249329
218,8,SDFA_NAP_model,0.5,32,True,10,5,0.6691488509888702,0.8873938668772995,0.7422601733225251,0.6691488509888702,BPI19,144.13110329587943
219,8,SDFA_NAP_model,0.1,32,True,10,10,0.6629353831371607,0.92234377629111,0.7539000359967952,0.6629353831371607,BPI19,207.43012057910673
220,8,SDFA_NAP_model,0.2,32,True,10,10,0.6583713668027864,0.924965554924557,0.7511045310759032,0.6583713668027864,BPI19,225.79052816247568
221,8,SDFA_NAP_model,0.5,32,True,10,10,0.6585475218192008,0.923017610937054,0.750903730005443,0.6585475218192008,BPI19,231.7984190374147
222,8,SDFA_NAP_model,0.1,32,True,10,20,0.6576507326447274,0.931436136891554,0.7535039173659231,0.6576507326447274,BPI19,298.14146765857004
223,8,SDFA_NAP_model,0.2,32,True,10,20,0.6586436063736087,0.9292082007029614,0.7536120231300226,0.6586436063736087,BPI19,316.5907004042063
224,8,SDFA_NAP_model,0.5,32,True,10,20,0.6558091120185764,0.93102409304054,0.7526732875596689,0.6558091120185764,BPI19,303.75547308330425
225,8,SDFA_NAP_model,0.1,32,True,10,30,0.6541276323164384,0.9243070345431204,0.7488821411599114,0.6541276323164384,BPI19,391.10724119986406
226,8,SDFA_NAP_model,0.2,32,True,10,30,0.6546400832732805,0.9317405942973837,0.7520989904965504,0.6546400832732805,BPI19,388.9610597123392
227,8,SDFA_NAP_model,0.5,32,True,10,30,0.6527344062775242,0.929723422550828,0.7501380438364047,0.6527344062775242,BPI19,280.1311953126453
228,8,NAP_model,0.0,8,False,10,5,0.660389142445352,0.873151662610965,0.7313258159828024,0.660389142445352,BPI19,75.52553380844184
229,8,NAP_model,0.0,8,False,10,10,0.6420530066458483,0.9150261836078032,0.7367433988480825,0.6420530066458483,BPI19,91.26976913297548
230,8,NAP_model,0.0,8,False,10,20,0.631451677476179,0.915115073168426,0.731435532353416,0.631451677476179,BPI19,130.60465722503142
231,8,NAP_model,0.0,8,False,10,30,0.6233485467211146,0.9163360082615392,0.725399143465879,0.6233485467211146,BPI19,166.64562182505614
232,8,NAP_model,0.0,16,False,10,5,0.6731523740891985,0.8831926147250498,0.74366315191398,0.6731523740891985,BPI19,79.56951785832644
233,8,NAP_model,0.0,16,False,10,10,0.6630474817839699,0.9210080404842224,0.7536502555766884,0.6630474817839699,BPI19,105.33922812095844
234,8,NAP_model,0.0,16,False,10,20,0.6481543758507486,0.9292880705624238,0.7495427382559638,0.6481543758507486,BPI19,166.01899810847826
235,8,NAP_model,0.0,16,False,10,30,0.6535190968051886,0.9291142343391056,0.7508519670181145,0.6535190968051886,BPI19,365.63756597889585
236,8,NAP_model,0.0,32,False,10,5,0.6752181920089679,0.8847295050497154,0.7453677552802698,0.6752181920089679,BPI19,142.66871728748083
237,8,NAP_model,0.0,32,False,10,10,0.6567059011930498,0.92543372186146,0.7504385120266931,0.6567059011930498,BPI19,196.7168747331016
238,8,NAP_model,0.0,32,False,10,20,0.655697013371767,0.9260845299444416,0.7507979448734465,0.6556970133717671,BPI19,283.2695539833512
239,8,NAP_model,0.0,32,False,10,30,0.6562735206982144,0.9283544549621626,0.7521028511703279,0.6562735206982144,BPI19,399.5902092124801
240,15,SDFA_NAP_model,0.1,8,True,10,5,0.6557450556489711,0.8791417136047608,0.7289499327743734,0.6557450556489711,BPI19,78.62080281684175
241,15,SDFA_NAP_model,0.2,8,True,10,5,0.6666666666666666,0.8874687157563499,0.7417468325554357,0.6666666666666666,BPI19,77.46013384172693
242,15,SDFA_NAP_model,0.5,8,True,10,5,0.6513091520538073,0.8694451155131563,0.7243147619764796,0.6513091520538073,BPI19,77.01479440396652
243,15,SDFA_NAP_model,0.1,8,True,10,10,0.6401633437424934,0.9097213734336224,0.7335994026136466,0.6401633437424934,BPI19,91.60091867083683
244,15,SDFA_NAP_model,0.2,8,True,10,10,0.6413003443029867,0.9052598317630022,0.7348951820565317,0.6413003443029867,BPI19,91.6153626169078
245,15,SDFA_NAP_model,0.5,8,True,10,10,0.6105052446152615,0.9363883367644816,0.7176864400727885,0.6105052446152615,BPI19,91.89026266238652
246,15,SDFA_NAP_model,0.1,8,True,10,20,0.6336776363199615,0.9138136570308408,0.7338041689669985,0.6336776363199615,BPI19,130.20386248342692
247,15,SDFA_NAP_model,0.2,8,True,10,20,0.6338057490591721,0.9185532974370394,0.7350425841605491,0.6338057490591721,BPI19,132.38509606253356
248,15,SDFA_NAP_model,0.5,8,True,10,20,0.6438465849947954,0.9366768082958108,0.7499152179613754,0.6438465849947954,BPI19,130.7666516917292
249,15,SDFA_NAP_model,0.1,8,True,10,30,0.6346064536792377,0.8986533955697942,0.7255753726715396,0.6346064536792377,BPI19,230.10304498327895
250,15,SDFA_NAP_model,0.2,8,True,10,30,0.6323324525582512,0.9170378129136532,0.7326419701401828,0.6323324525582512,BPI19,374.63229957087896
251,15,SDFA_NAP_model,0.5,8,True,10,30,0.6318680438786131,0.923925718869511,0.7354356648623578,0.6318680438786132,BPI19,391.97554819169454
252,15,SDFA_NAP_model,0.1,16,True,10,5,0.6701737529025542,0.8810676233988364,0.7413477850483696,0.6701737529025542,BPI19,136.89250937518665
253,15,SDFA_NAP_model,0.2,16,True,10,5,0.6690527664344623,0.8796150754244905,0.7403815156696646,0.6690527664344623,BPI19,150.83655054196714
254,15,SDFA_NAP_model,0.5,16,True,10,5,0.6680598927055809,0.8875518631561542,0.7421303378970712,0.6680598927055809,BPI19,155.69448563335465
255,15,SDFA_NAP_model,0.1,16,True,10,10,0.665865962046601,0.9122625966694996,0.7516490937867608,0.665865962046601,BPI19,206.8647583372891
256,15,SDFA_NAP_model,0.2,16,True,10,10,0.6574105212587077,0.9234159130392898,0.7505080052310867,0.6574105212587077,BPI19,203.12634507920592
257,15,SDFA_NAP_model,0.5,16,True,10,10,0.658195211786372,0.9245757669918716,0.7517641893933807,0.658195211786372,BPI19,224.8120461207349
258,15,SDFA_NAP_model,0.1,16,True,10,20,0.6413644006725919,0.9148444780685018,0.7368928851423234,0.6413644006725919,BPI19,323.64191854172384
259,15,SDFA_NAP_model,0.2,16,True,10,20,0.6476899671711106,0.9266069769962212,0.7471743994102765,0.6476899671711106,BPI19,311.83013512920587
260,15,SDFA_NAP_model,0.5,16,True,10,20,0.6442949795820322,0.9218304474224736,0.7416756401102857,0.6442949795820322,BPI19,328.7327674668748
261,15,SDFA_NAP_model,0.1,16,True,10,30,0.6431259508367363,0.9181460778484688,0.7396837811168284,0.6431259508367363,BPI19,395.89914959589953
262,15,SDFA_NAP_model,0.2,16,True,10,30,0.652878533109136,0.927186028825562,0.7497520590992057,0.652878533109136,BPI19,533.547037037462
263,15,SDFA_NAP_model,0.5,16,True,10,30,0.6362398911041717,0.9218087559569272,0.7381115612626072,0.6362398911041717,BPI19,640.1675763667096
264,15,SDFA_NAP_model,0.1,32,True,10,5,0.6705100488429818,0.8887263211309583,0.7432972943663533,0.6705100488429818,BPI19,369.7813077251427
265,15,SDFA_NAP_model,0.2,32,True,10,5,0.6728481063335735,0.8860290502053623,0.7435968646763582,0.6728481063335735,BPI19,211.90555962077343
266,15,SDFA_NAP_model,0.5,32,True,10,5,0.6749619665305469,0.885406352855391,0.7455612087381457,0.6749619665305469,BPI19,175.51027603745462
267,15,SDFA_NAP_model,0.1,32,True,10,10,0.6588357754824246,0.9245599843885344,0.7510578215123881,0.6588357754824246,BPI19,244.67818552497775
268,15,SDFA_NAP_model,0.2,32,True,10,10,0.6619745375930819,0.9224481107025196,0.7526152501026178,0.6619745375930819,BPI19,261.5379413955845
269,15,SDFA_NAP_model,0.5,32,True,10,10,0.6583553527103851,0.9230789125982728,0.7501996768970033,0.6583553527103851,BPI19,239.80932857519943
270,15,SDFA_NAP_model,0.1,32,True,10,20,0.6558251261109777,0.9305860039409114,0.7519511876794385,0.6558251261109777,BPI19,353.34200166221706
271,15,SDFA_NAP_model,0.2,32,True,10,20,0.6554728160781488,0.9320149154676524,0.7526973276899155,0.6554728160781488,BPI19,353.22919399188834
272,15,SDFA_NAP_model,0.5,32,True,10,20,0.6557770838337738,0.929901471554095,0.751917814667915,0.6557770838337738,BPI19,329.9240197916515
273,15,SDFA_NAP_model,0.1,32,True,10,30,0.6480582912963407,0.9190706134083272,0.7457068574601095,0.6480582912963407,BPI19,452.4629059832543
274,15,SDFA_NAP_model,0.2,32,True,10,30,0.6521418848586756,0.9136685132610634,0.7446777998864654,0.6521418848586756,BPI19,430.4670817668084
275,15,SDFA_NAP_model,0.5,32,True,10,30,0.651084954760189,0.9305883240277948,0.7505559045066743,0.651084954760189,BPI19,425.5163391165435
276,15,NAP_model,0.0,8,False,10,5,0.6560973656818,0.8712178889922478,0.7276133226589281,0.6560973656818,BPI19,149.26016524592416
277,15,NAP_model,0.0,8,False,10,10,0.6470654175674594,0.9126232783632148,0.7406367488632436,0.6470654175674594,BPI19,208.0685108416248
278,15,NAP_model,0.0,8,False,10,20,0.6332132276403235,0.9204542404288872,0.7355858051624927,0.6332132276403235,BPI19,317.35766543350184
279,15,NAP_model,0.0,8,False,10,30,0.6316278324925935,0.915942593488035,0.7324771108482702,0.6316278324925935,BPI19,419.8719443665817
280,15,NAP_model,0.0,16,False,10,5,0.670926415245416,0.887124845817637,0.7436732523341896,0.670926415245416,BPI19,144.07367882910185
281,15,NAP_model,0.0,16,False,10,10,0.6539194491152214,0.9236246713993403,0.7486876006498938,0.6539194491152214,BPI19,199.02760814595968
282,15,NAP_model,0.0,16,False,10,20,0.6498999119224917,0.9260074380107384,0.7475895488274319,0.6498999119224917,BPI19,319.90588741227987
283,15,NAP_model,0.0,16,False,10,30,0.6499799823844984,0.9259447579406028,0.7476193108032866,0.6499799823844984,BPI19,403.1303028875497
284,15,NAP_model,0.0,32,False,10,5,0.6738730082472576,0.885467871401193,0.7447664469041432,0.6738730082472576,BPI19,141.8117277960293
285,15,NAP_model,0.0,32,False,10,10,0.6609816638642005,0.925085497895234,0.7526801148833187,0.6609816638642005,BPI19,221.3498653831892
286,15,NAP_model,0.0,32,False,10,20,0.6556970133717671,0.9300157474976098,0.7520695079795737,0.6556970133717671,BPI19,315.9829641418066
287,15,NAP_model,0.0,32,False,10,30,0.652109856673873,0.9324509201276128,0.7521319774559472,0.652109856673873,BPI19,407.3504289500881
288,76,SDFA_NAP_model,0.1,8,True,10,5,0.6571542957802866,0.8732578981037529,0.7288519985331946,0.6571542957802866,BPI19,197.0406635399908
289,76,SDFA_NAP_model,0.2,8,True,10,5,0.6617983825766675,0.8769234174161664,0.7333336046420538,0.6617983825766675,BPI19,197.7347178300144
290,76,SDFA_NAP_model,0.5,8,True,10,5,0.6625030026423252,0.8732712476244329,0.7335634807160274,0.6625030026423252,BPI19,197.41176007001195
291,76,SDFA_NAP_model,0.1,8,True,10,10,0.6479301785571303,0.9176068703148078,0.7443753683159379,0.6479301785571303,BPI19,207.92633779000025
292,76,SDFA_NAP_model,0.2,8,True,10,10,0.647962206741933,0.9131660732017696,0.7412562192758321,0.647962206741933,BPI19,207.73046442002524
293,76,SDFA_NAP_model,0.5,8,True,10,10,0.6365281447673953,0.913430599944394,0.7350254111287897,0.6365281447673953,BPI19,207.6331459299894
294,76,SDFA_NAP_model,0.1,8,True,10,20,0.6343021859236128,0.920910358925463,0.7364365955985341,0.6343021859236128,BPI19,235.0289586700266
295,76,SDFA_NAP_model,0.2,8,True,10,20,0.63865801905677,0.9146904501310824,0.7381285946897708,0.63865801905677,BPI19,234.40908051000443
296,76,SDFA_NAP_model,0.5,8,True,10,20,0.6228360957642726,0.9282724712334048,0.7294816672548621,0.6228360957642726,BPI19,234.23122023998295
297,76,SDFA_NAP_model,0.1,8,True,10,30,0.631147409720554,0.8904523966068257,0.7233663402415742,0.631147409720554,BPI19,263.8121202499839
298,76,SDFA_NAP_model,0.2,8,True,10,30,0.6320441988950276,0.9123157521770884,0.7314424782335677,0.6320441988950276,BPI19,261.110938730021
299,76,SDFA_NAP_model,0.5,8,True,10,30,0.6347986227880534,0.9245141604615096,0.7377241217056304,0.6347986227880534,BPI19,260.7953839399619
300,76,SDFA_NAP_model,0.1,16,True,10,5,0.6715509648490672,0.8818529961559979,0.7417738303319837,0.6715509648490672,BPI19,197.1276035700459
301,76,SDFA_NAP_model,0.2,16,True,10,5,0.6745936424053167,0.8832039194859118,0.7448448987591372,0.6745936424053167,BPI19,196.58643686003052
302,76,SDFA_NAP_model,0.5,16,True,10,5,0.6725918808551525,0.8833896605082209,0.7440163307314621,0.6725918808551525,BPI19,197.3099641300505
303,76,SDFA_NAP_model,0.1,16,True,10,10,0.6625670590119305,0.9233428698746772,0.7543209740867393,0.6625670590119305,BPI19,207.14412287997547
304,76,SDFA_NAP_model,0.2,16,True,10,10,0.6601489310593323,0.907799250856232,0.7462763358389211,0.6601489310593323,BPI19,207.82396675001365
305,76,SDFA_NAP_model,0.5,16,True,10,10,0.655793097926175,0.9229040012243096,0.7491864325075644,0.655793097926175,BPI19,207.0435094999848
306,76,SDFA_NAP_model,0.1,16,True,10,20,0.652718392185123,0.9285901185600264,0.7499769725763672,0.652718392185123,BPI19,234.7299738999922
307,76,SDFA_NAP_model,0.2,16,True,10,20,0.6393946673072304,0.9199295475563484,0.7413950804519182,0.6393946673072304,BPI19,234.82431884997055
308,76,SDFA_NAP_model,0.5,16,True,10,20,0.6465689807030186,0.9272104936294466,0.7481294430732004,0.6465689807030186,BPI19,235.57920084998477
309,76,SDFA_NAP_model,0.1,16,True,10,30,0.6394587236768356,0.92517186189653,0.7416653854230363,0.6394587236768356,BPI19,266.2649866299704
310,76,SDFA_NAP_model,0.2,16,True,10,30,0.6461205861157819,0.92688467787914,0.7464863162788878,0.6461205861157819,BPI19,265.7765352600021
311,76,SDFA_NAP_model,0.5,16,True,10,30,0.6657218352149892,0.8472052708762784,0.7272164624805936,0.6657218352149892,BPI19,266.5567013299791
312,76,SDFA_NAP_model,0.1,32,True,10,5,0.6701897669949556,0.8837808481142752,0.7415807134159107,0.6701897669949556,BPI19,202.9883553800173
313,76,SDFA_NAP_model,0.2,32,True,10,5,0.6706862038593963,0.8851010277040551,0.742158241381181,0.6706862038593963,BPI19,203.1451659900369
314,76,SDFA_NAP_model,0.5,32,True,10,5,0.6689406677876532,0.8868064640469404,0.7413078512862628,0.6689406677876532,BPI19,203.64461736998055
315,76,SDFA_NAP_model,0.1,32,True,10,10,0.655584914724958,0.9231354187806398,0.7494201432768508,0.655584914724958,BPI19,213.6266181000275
316,76,SDFA_NAP_model,0.2,32,True,10,10,0.664280566898871,0.9218082910640112,0.7552851027638633,0.664280566898871,BPI19,213.7724625599338
317,76,SDFA_NAP_model,0.5,32,True,10,10,0.6572023380574906,0.9239462419792476,0.7504658176524575,0.6572023380574906,BPI19,213.62921601994896
318,76,SDFA_NAP_model,0.1,32,True,10,20,0.6542717591480502,0.9315937998799728,0.7520058474707595,0.6542717591480502,BPI19,243.9228124500019
319,76,SDFA_NAP_model,0.2,32,True,10,20,0.6570101689486748,0.935203832967778,0.7541219367638177,0.6570101689486748,BPI19,243.65403210998048
320,76,SDFA_NAP_model,0.5,32,True,10,20,0.6552646328769317,0.929068792542083,0.7512597180638881,0.6552646328769317,BPI19,244.41752064998727
321,76,SDFA_NAP_model,0.1,32,True,10,30,0.6543358155176555,0.924410468686073,0.7495334792680691,0.6543358155176555,BPI19,277.12485243000555
322,76,SDFA_NAP_model,0.2,32,True,10,30,0.6580991272319642,0.932743495840066,0.7546442746860305,0.6580991272319642,BPI19,275.3521786700003
323,76,SDFA_NAP_model,0.5,32,True,10,30,0.6531347585875571,0.9319505410000308,0.7523624092113816,0.6531347585875571,BPI19,276.00418791999107
324,76,NAP_model,0.0,8,False,10,5,0.6626471294739371,0.8819972173581108,0.7363442601747398,0.6626471294739371,BPI19,191.5918212200282
325,76,NAP_model,0.0,8,False,10,10,0.6464889102410121,0.9193900993813434,0.7415282225117736,0.6464889102410121,BPI19,201.71351805997543
326,76,NAP_model,0.0,8,False,10,20,0.6367363279686123,0.9152932276272164,0.7347223411703009,0.6367363279686123,BPI19,228.05938425003552
327,76,NAP_model,0.0,8,False,10,30,0.6168628392985828,0.9259401086619404,0.722718434464854,0.6168628392985828,BPI19,258.0875053399708
328,76,NAP_model,0.0,16,False,10,5,0.6698854992393306,0.8819320879956106,0.7417895438846348,0.6698854992393306,BPI19,193.1510132699972
329,76,NAP_model,0.0,16,False,10,10,0.6549443510289055,0.9172496604228376,0.7470829885153608,0.6549443510289055,BPI19,203.3652445200365
330,76,NAP_model,0.0,16,False,10,20,0.6522059412282809,0.9246696031963508,0.7483565263170332,0.6522059412282809,BPI19,231.28363104998135
331,76,NAP_model,0.0,16,False,10,30,0.6467611498118344,0.9268393719629509,0.7469736749217443,0.6467611498118344,BPI19,261.34330317003185
332,76,NAP_model,0.0,32,False,10,5,0.6734726559372247,0.8860972270910108,0.7439683021674263,0.6734726559372247,BPI19,197.73032439004163
333,76,NAP_model,0.0,32,False,10,10,0.6603731283529506,0.9210063057029994,0.7514285616874118,0.6603731283529506,BPI19,206.1461890099803
334,76,NAP_model,0.0,32,False,10,20,0.6580510849547602,0.9334006958264228,0.7543743659608629,0.6580510849547602,BPI19,237.29173116995952
335,76,NAP_model,0.0,32,False,10,30,0.6552165905997278,0.929959219400246,0.7516480570511832,0.6552165905997278,BPI19,274.2148908899864
336,23,SDFA_NAP_model,0.1,8,True,10,5,0.6716150212186724,0.8877678223232827,0.7457387869494354,0.6716150212186724,BPI19,199.6344210400013
337,23,SDFA_NAP_model,0.2,8,True,10,5,0.672463768115942,0.8831360421214873,0.7434579725986145,0.672463768115942,BPI19,197.8188170199981
338,23,SDFA_NAP_model,0.5,8,True,10,5,0.6566898871006486,0.8739689166306122,0.7294104669964949,0.6566898871006486,BPI19,198.6387548299972
339,23,SDFA_NAP_model,0.1,8,True,10,10,0.6396669068780527,0.9155160438858522,0.7347819782866295,0.6396669068780527,BPI19,209.47421748004857
340,23,SDFA_NAP_model,0.2,8,True,10,10,0.6139162462967411,0.9386486419678516,0.720500303526998,0.6139162462967411,BPI19,209.75398652998263
341,23,SDFA_NAP_model,0.5,8,True,10,10,0.6287933381375611,0.917463978260122,0.7314830914008784,0.6287933381375611,BPI19,209.9089551199926
342,23,SDFA_NAP_model,0.1,8,True,10,20,0.6027864520778284,0.9377317225438744,0.7165114589479703,0.6027864520778284,BPI19,236.31882575994825
343,23,SDFA_NAP_model,0.2,8,True,10,20,0.6337256785971656,0.919822549517666,0.7352819021890947,0.6337256785971656,BPI19,234.91810168998785
344,23,SDFA_NAP_model,0.5,8,True,10,20,0.6391864841060133,0.9193267524675726,0.7401035393672849,0.6391864841060133,BPI19,235.04213223000988
345,23,SDFA_NAP_model,0.1,8,True,10,30,0.6336936504123629,0.9166249581175664,0.7346186434269179,0.6336936504123629,BPI19,264.73653226997703
346,23,SDFA_NAP_model,0.2,8,True,10,30,0.6324925934822644,0.9134944410946044,0.7333412297184495,0.6324925934822644,BPI19,263.3384399499511
347,23,SDFA_NAP_model,0.5,8,True,10,30,0.6338217631515733,0.9229384862446632,0.7356534702341873,0.6338217631515733,BPI19,263.11246742999646
348,23,SDFA_NAP_model,0.1,16,True,10,5,0.6690047241572584,0.8843146763326909,0.7417225989846145,0.6690047241572584,BPI19,198.9363475800259
349,23,SDFA_NAP_model,0.2,16,True,10,5,0.6714708943870606,0.8822932435215339,0.7428804537986307,0.6714708943870606,BPI19,198.57760004003063
350,23,SDFA_NAP_model,0.5,16,True,10,5,0.6737288814156458,0.883435716688678,0.7441780363833486,0.6737288814156458,BPI19,199.48340495999437
351,23,SDFA_NAP_model,0.1,16,True,10,10,0.6628873408599567,0.922225316400439,0.7543865921945103,0.6628873408599567,BPI19,208.62828494997228
352,23,SDFA_NAP_model,0.2,16,True,10,10,0.6613980302666347,0.9154045837790776,0.7502815956316372,0.6613980302666347,BPI19,209.5655228499789
353,23,SDFA_NAP_model,0.5,16,True,10,10,0.6580991272319642,0.9132757415652404,0.7469353119029742,0.6580991272319642,BPI19,209.22810365003537
354,23,SDFA_NAP_model,0.1,16,True,10,20,0.646280727039795,0.9201261828753244,0.7454906705750485,0.646280727039795,BPI19,237.66187487998977
355,23,SDFA_NAP_model,0.2,16,True,10,20,0.6487629113619986,0.9161114558744532,0.7426983965956123,0.6487629113619986,BPI19,238.44690635998268
356,23,SDFA_NAP_model,0.5,16,True,10,20,0.6495315877972616,0.9285471798149244,0.7501732825377823,0.6495315877972616,BPI19,237.80135083999485
357,23,SDFA_NAP_model,0.1,16,True,10,30,0.6516934902714389,0.926281656927096,0.7493706423881089,0.6516934902714389,BPI19,270.3233387400396
358,23,SDFA_NAP_model,0.2,16,True,10,30,0.6507486588197614,0.935424757658218,0.7538182878683266,0.6507486588197614,BPI19,266.7770046900026
359,23,SDFA_NAP_model,0.5,16,True,10,30,0.6434302185923613,0.9220559651301964,0.7410231252153381,0.6434302185923613,BPI19,266.5785195399076
360,23,SDFA_NAP_model,0.1,32,True,10,5,0.6693089919128833,0.8856733821401478,0.7419966974345354,0.6693089919128833,BPI19,201.61382508000824
361,23,SDFA_NAP_model,0.2,32,True,10,5,0.6702538233645609,0.8854569394247667,0.7419718771377634,0.6702538233645609,BPI19,201.6452014700044
362,23,SDFA_NAP_model,0.5,32,True,10,5,0.6691008087116662,0.8842270071595357,0.7410105482983408,0.6691008087116662,BPI19,203.24106502002104
363,23,SDFA_NAP_model,0.1,32,True,10,10,0.6616702698374569,0.9216074158703184,0.7532001251178861,0.6616702698374569,BPI19,214.62242365004496
364,23,SDFA_NAP_model,0.2,32,True,10,10,0.6638161582192329,0.919146504140435,0.7525730323031433,0.6638161582192329,BPI19,211.213251900021
365,23,SDFA_NAP_model,0.5,32,True,10,10,0.6607734806629835,0.9244175483343728,0.753011186274506,0.6607734806629835,BPI19,211.67237679997925
366,23,SDFA_NAP_model,0.1,32,True,10,20,0.6531988149571623,0.9238670687520706,0.7489055128633503,0.6531988149571623,BPI19,242.91444921998772
367,23,SDFA_NAP_model,0.2,32,True,10,20,0.6588998318520298,0.9356983127906986,0.755316487267209,0.6588998318520298,BPI19,242.73682098004505
368,23,SDFA_NAP_model,0.5,32,True,10,20,0.6559532388501882,0.930589546843087,0.7524179163011065,0.6559532388501882,BPI19,243.79381531998516
369,23,SDFA_NAP_model,0.1,32,True,10,30,0.6514532788854192,0.9121522287311984,0.7435908423378067,0.6514532788854192,BPI19,275.6909349799389
370,23,SDFA_NAP_model,0.2,32,True,10,30,0.6567059011930498,0.9333393478968498,0.7539839006438113,0.6567059011930498,BPI19,276.7945398600074
371,23,SDFA_NAP_model,0.5,32,True,10,30,0.6511810393145968,0.9308709811745164,0.752529017222168,0.6511810393145968,BPI19,274.74253425998614
372,23,NAP_model,0.0,8,False,10,5,0.6626631435663384,0.8787959134444615,0.7346862754133003,0.6626631435663384,BPI19,191.6148694500327
373,23,NAP_model,0.0,8,False,10,10,0.6405476819601249,0.911854554121706,0.7347092454662657,0.6405476819601249,BPI19,201.63635438003112
374,23,NAP_model,0.0,8,False,10,20,0.6330050444391064,0.9127351697453204,0.7333801611206272,0.6330050444391064,BPI19,228.17482939006297
375,23,NAP_model,0.0,8,False,10,30,0.6294499159260148,0.9230396644653972,0.7318108786854063,0.6294499159260148,BPI19,257.61046099998055
376,23,NAP_model,0.0,16,False,10,5,0.6708783729682121,0.8784509381460972,0.7412633979269979,0.6708783729682121,BPI19,191.5301033400232
377,23,NAP_model,0.0,16,False,10,10,0.6597325646568981,0.9131989103852214,0.7484415377179912,0.6597325646568981,BPI19,201.26614053999072
378,23,NAP_model,0.0,16,False,10,20,0.6565297461766354,0.9267799384527508,0.7521224116331974,0.6565297461766354,BPI19,229.39104997997637
379,23,NAP_model,0.0,16,False,10,30,0.6494675314276563,0.9299175382259872,0.7510648684241567,0.6494675314276563,BPI19,260.3291488799732
380,23,NAP_model,0.0,32,False,10,5,0.6737128673232444,0.8829152234356753,0.744125465124226,0.6737128673232444,BPI19,195.52049140997696
381,23,NAP_model,0.0,32,False,10,10,0.6630795099687725,0.9206882935742692,0.7533373951530572,0.6630795099687725,BPI19,205.35291245998815
382,23,NAP_model,0.0,32,False,10,20,0.6551525342301225,0.9305314369711126,0.7519462873997953,0.6551525342301225,BPI19,236.26492173995356
383,23,NAP_model,0.0,32,False,10,30,0.6529105612939387,0.9152521258668476,0.7454452291061613,0.6529105612939387,BPI19,267.433530240017
384,76,SDFA_NAP_model,0.1,8,True,10,5,0.6318707429114525,0.8383944148606779,0.7135541465907371,0.6318707429114525,BPI20TravelPermitData,13.280564480018802
385,76,SDFA_NAP_model,0.2,8,True,10,5,0.61381276730556,0.8121912226390803,0.6900600514800814,0.61381276730556,BPI20TravelPermitData,13.249091370031238
386,76,SDFA_NAP_model,0.5,8,True,10,5,0.4595279581815302,0.9566313910462962,0.58318164953783,0.4595279581815302,BPI20TravelPermitData,13.29892333999742
387,76,SDFA_NAP_model,0.1,8,True,10,10,0.4906542056074766,0.8448438385434054,0.5992332755303014,0.4906542056074766,BPI20TravelPermitData,15.483124520047568
388,76,SDFA_NAP_model,0.2,8,True,10,10,0.4582607318232219,0.9096901252598004,0.5544742693768959,0.4582607318232219,BPI20TravelPermitData,15.407157550007105
389,76,SDFA_NAP_model,0.5,8,True,10,10,0.3043719309361635,0.8464542980373394,0.4256725099509049,0.3043719309361635,BPI20TravelPermitData,15.45261803001631
390,76,SDFA_NAP_model,0.1,8,True,10,20,0.4420243941073974,0.8721636558829277,0.5428144480535867,0.4420243941073974,BPI20TravelPermitData,20.036555360024796
391,76,SDFA_NAP_model,0.2,8,True,10,20,0.5209884365594805,0.7977585027950725,0.6063955032947144,0.5209884365594805,BPI20TravelPermitData,20.069571559992617
392,76,SDFA_NAP_model,0.5,8,True,10,20,0.2153492792650087,0.8697593104789071,0.3168469059774618,0.2153492792650087,BPI20TravelPermitData,20.04338648004923
393,76,SDFA_NAP_model,0.1,8,True,10,30,0.5177411690163155,0.8757258411090929,0.6270635309993144,0.5177411690163155,BPI20TravelPermitData,21.761393660004252
394,76,SDFA_NAP_model,0.2,8,True,10,30,0.3430223348645652,0.6633503979734606,0.44203289268974,0.3430223348645652,BPI20TravelPermitData,21.717946369992568
395,76,SDFA_NAP_model,0.5,8,True,10,30,0.2586725803896721,0.5915375863731533,0.358169430131897,0.2586725803896721,BPI20TravelPermitData,21.7472706399858
396,76,SDFA_NAP_model,0.1,16,True,10,5,0.7495643909393316,0.876919818764605,0.8011619125688498,0.7495643909393316,BPI20TravelPermitData,13.468013229966164
397,76,SDFA_NAP_model,0.2,16,True,10,5,0.7581181688579123,0.8818785896787054,0.8057850313788273,0.7581181688579123,BPI20TravelPermitData,13.485326199932024
398,76,SDFA_NAP_model,0.5,16,True,10,5,0.7133692380801521,0.9008073166002134,0.7911615775528175,0.7133692380801521,BPI20TravelPermitData,13.548003350035287
399,76,SDFA_NAP_model,0.1,16,True,10,10,0.6836686203073024,0.8850856479537762,0.746243606791179,0.6836686203073024,BPI20TravelPermitData,15.424385159974918
400,76,SDFA_NAP_model,0.2,16,True,10,10,0.7117852051322667,0.8549105030654055,0.7699040184290619,0.7117852051322667,BPI20TravelPermitData,15.488310940004885
401,76,SDFA_NAP_model,0.5,16,True,10,10,0.6045461745604308,0.8861457115182344,0.6859095775336421,0.6045461745604308,BPI20TravelPermitData,15.491981449979358
402,76,SDFA_NAP_model,0.1,16,True,10,20,0.6431965784888326,0.7881277124407586,0.6974399083373816,0.6431965784888326,BPI20TravelPermitData,20.396860620053484
403,76,SDFA_NAP_model,0.2,16,True,10,20,0.6485822905116426,0.842608693229536,0.7159993415156386,0.6485822905116426,BPI20TravelPermitData,20.355386400036515
404,76,SDFA_NAP_model,0.5,16,True,10,20,0.5858545857753841,0.8461972204469336,0.6583392013718425,0.5858545857753841,BPI20TravelPermitData,20.387451010034415
405,76,SDFA_NAP_model,0.1,16,True,10,30,0.7047362585141771,0.8666983938500277,0.7679016282016502,0.7047362585141771,BPI20TravelPermitData,22.222029950027355
406,76,SDFA_NAP_model,0.2,16,True,10,30,0.624267384761603,0.8709166333850462,0.7121947609569943,0.624267384761603,BPI20TravelPermitData,22.158652730076575
407,76,SDFA_NAP_model,0.5,16,True,10,30,0.5992396641850151,0.8361358746509523,0.6858578314475405,0.5992396641850151,BPI20TravelPermitData,22.19865409003105
408,76,SDFA_NAP_model,0.1,32,True,10,5,0.7819578647235863,0.8528975759526429,0.8060962516151496,0.7819578647235863,BPI20TravelPermitData,14.306955639994705
409,76,SDFA_NAP_model,0.2,32,True,10,5,0.7823538729605576,0.8527383113266443,0.8075511619814428,0.7823538729605576,BPI20TravelPermitData,14.391699160006828
410,76,SDFA_NAP_model,0.5,32,True,10,5,0.7627910660541739,0.8400165111566259,0.7921178202668638,0.7627910660541739,BPI20TravelPermitData,14.448542959988115
411,76,SDFA_NAP_model,0.1,32,True,10,10,0.7882939965151275,0.8866394497478657,0.8296213535277426,0.7882939965151275,BPI20TravelPermitData,16.386402539978736
412,76,SDFA_NAP_model,0.2,32,True,10,10,0.7747505148107081,0.8861235513439673,0.8206028003327888,0.7747505148107081,BPI20TravelPermitData,16.393760039983317
413,76,SDFA_NAP_model,0.5,32,True,10,10,0.7486139711706004,0.8533125052795678,0.792949382199487,0.7486139711706004,BPI20TravelPermitData,16.433505729981697
414,76,SDFA_NAP_model,0.1,32,True,10,20,0.7807698400126722,0.8850667271870793,0.8245289047275333,0.7807698400126722,BPI20TravelPermitData,21.877316519943996
415,76,SDFA_NAP_model,0.2,32,True,10,20,0.775621732932045,0.876143100720187,0.8192648225703357,0.775621732932045,BPI20TravelPermitData,21.82582307998091
416,76,SDFA_NAP_model,0.5,32,True,10,20,0.7303183906225249,0.8666825595642236,0.7808338569303807,0.7303183906225249,BPI20TravelPermitData,21.880721889995037
417,76,SDFA_NAP_model,0.1,32,True,10,30,0.7891652146364644,0.8946273900213074,0.8331281236431791,0.7891652146364644,BPI20TravelPermitData,23.76340565998107
418,76,SDFA_NAP_model,0.2,32,True,10,30,0.7749881197528908,0.8815882618253584,0.8215867995622446,0.7749881197528908,BPI20TravelPermitData,24.05027220000047
419,76,SDFA_NAP_model,0.5,32,True,10,30,0.7162204973863456,0.9054976531610304,0.7937610034480211,0.7162204973863456,BPI20TravelPermitData,23.67681524006184
420,76,SDFA_NAP_model,0.1,8,True,10,5,0.6998944696386298,0.8779541441554092,0.7714304217707584,0.6998944696386298,BPI20TravelPermitData,33.161097349971534
421,76,SDFA_NAP_model,0.2,8,True,10,5,0.6866889136077122,0.8713566338459133,0.7491923290920284,0.6866889136077122,BPI20TravelPermitData,33.0424139799783
422,76,SDFA_NAP_model,0.5,8,True,10,5,0.6459598984626793,0.8838872225653668,0.7280217828304747,0.6459598984626793,BPI20TravelPermitData,32.136851279903205
423,76,SDFA_NAP_model,0.1,8,True,10,10,0.6652405807022047,0.822696602521028,0.7276425697567553,0.6652405807022047,BPI20TravelPermitData,35.53265249000397
424,76,SDFA_NAP_model,0.2,8,True,10,10,0.5629616953309946,0.8496879064505904,0.6536740911005987,0.5629616953309946,BPI20TravelPermitData,35.39093979999889
425,76,SDFA_NAP_model,0.5,8,True,10,10,0.6075981860186532,0.8566010586822993,0.6896282128995821,0.6075981860186532,BPI20TravelPermitData,35.4237554699881
426,76,SDFA_NAP_model,0.1,8,True,10,20,0.6114771398419897,0.7886694269631132,0.6767065889496384,0.6114771398419897,BPI20TravelPermitData,44.16012066998519
427,76,SDFA_NAP_model,0.2,8,True,10,20,0.5825275947634123,0.7591518476058148,0.6493444074051699,0.5825275947634123,BPI20TravelPermitData,44.212096289917824
428,76,SDFA_NAP_model,0.5,8,True,10,20,0.5114229485753401,0.8490476444134976,0.5989407657012462,0.5114229485753401,BPI20TravelPermitData,44.156940150004814
429,76,SDFA_NAP_model,0.1,8,True,10,30,0.4899175722312541,0.6827835687513012,0.5358747423225314,0.4899175722312541,BPI20TravelPermitData,46.029842230002394
430,76,SDFA_NAP_model,0.2,8,True,10,30,0.4361256096517498,0.7693236029200027,0.5121120037798308,0.4361256096517498,BPI20TravelPermitData,46.02636761001777
431,76,SDFA_NAP_model,0.5,8,True,10,30,0.5311599783234934,0.8581355519216761,0.6278000104861963,0.5311599783234934,BPI20TravelPermitData,46.11191803000402
432,76,SDFA_NAP_model,0.1,16,True,10,5,0.7725963321068994,0.8856030406414642,0.8172372978530523,0.7725963321068994,BPI20TravelPermitData,30.397125190030785
433,76,SDFA_NAP_model,0.2,16,True,10,5,0.7728815492997918,0.8883304433649349,0.8179116728053317,0.7728815492997918,BPI20TravelPermitData,30.43375355999451
434,76,SDFA_NAP_model,0.5,16,True,10,5,0.7723966800718748,0.8945698272420658,0.8199608222101747,0.7723966800718748,BPI20TravelPermitData,30.393906689994036
435,76,SDFA_NAP_model,0.1,16,True,10,10,0.7629559909871367,0.8917496900586644,0.8147198469936218,0.7629559909871367,BPI20TravelPermitData,35.72560694999993
436,76,SDFA_NAP_model,0.2,16,True,10,10,0.7671201620033655,0.8698842518539278,0.8062477767101044,0.7671201620033655,BPI20TravelPermitData,35.889667890034616
437,76,SDFA_NAP_model,0.5,16,True,10,10,0.7530589543937709,0.8769654692955959,0.8004710614757563,0.7530589543937709,BPI20TravelPermitData,35.80270149991848
438,76,SDFA_NAP_model,0.1,16,True,10,20,0.6894840420980577,0.8792014307326853,0.7573951564097714,0.6894840420980577,BPI20TravelPermitData,45.28529841003474
439,76,SDFA_NAP_model,0.2,16,True,10,20,0.6924503009041385,0.8008253179528653,0.7277397071518407,0.6924503009041385,BPI20TravelPermitData,45.2921665399801
440,76,SDFA_NAP_model,0.5,16,True,10,20,0.7251932346481846,0.8769140161859732,0.7829915265379641,0.7251932346481846,BPI20TravelPermitData,45.313552239979614
441,76,SDFA_NAP_model,0.1,16,True,10,30,0.7028607284447106,0.8679717115828812,0.7646480332470402,0.7028607284447106,BPI20TravelPermitData,47.19059190000407
442,76,SDFA_NAP_model,0.2,16,True,10,30,0.7332648812070391,0.8580933099747663,0.7687505376434738,0.7332648812070391,BPI20TravelPermitData,47.16712922002189
443,76,SDFA_NAP_model,0.5,16,True,10,30,0.6838082199594991,0.8706761124982506,0.7463772055265814,0.6838082199594991,BPI20TravelPermitData,47.219397679995744
444,76,SDFA_NAP_model,0.1,32,True,10,5,0.7890248424175009,0.8770918722752414,0.8233307825182917,0.7890248424175009,BPI20TravelPermitData,32.75913815998938
445,76,SDFA_NAP_model,0.2,32,True,10,5,0.79093579760988,0.8709069475309055,0.8219633944257972,0.79093579760988,BPI20TravelPermitData,32.869568599993364
446,76,SDFA_NAP_model,0.5,32,True,10,5,0.7853455406291892,0.8694610187481348,0.8190470026272517,0.7853455406291892,BPI20TravelPermitData,32.81422023999039
447,76,SDFA_NAP_model,0.1,32,True,10,10,0.7911639713641938,0.8944188066589445,0.8334031226138269,0.7911639713641938,BPI20TravelPermitData,38.323277689982206
448,76,SDFA_NAP_model,0.2,32,True,10,10,0.7888251903824762,0.8936112172246691,0.8322746173611478,0.7888251903824762,BPI20TravelPermitData,38.30507508998271
449,76,SDFA_NAP_model,0.5,32,True,10,10,0.7956704030118935,0.8858883637590432,0.8304198565937296,0.7956704030118935,BPI20TravelPermitData,38.4546294799773
450,76,SDFA_NAP_model,0.1,32,True,10,20,0.7916488405921109,0.8727151779908826,0.8261522944464573,0.7916488405921109,BPI20TravelPermitData,48.93450525996741
451,76,SDFA_NAP_model,0.2,32,True,10,20,0.7237671486837226,0.8931105692767318,0.7834087434938242,0.7237671486837226,BPI20TravelPermitData,48.65351274993736
452,76,SDFA_NAP_model,0.5,32,True,10,20,0.7723111149140071,0.8867656009084758,0.8179092017752333,0.7723111149140071,BPI20TravelPermitData,48.63181269997731
453,76,SDFA_NAP_model,0.1,32,True,10,30,0.7217135848948975,0.901677456047038,0.7902008928274873,0.7217135848948975,BPI20TravelPermitData,50.61862341999076
454,76,SDFA_NAP_model,0.2,32,True,10,30,0.7790422406662674,0.8545607399632467,0.8007221356066823,0.7790422406662674,BPI20TravelPermitData,50.55881187003106
455,76,SDFA_NAP_model,0.5,32,True,10,30,0.7903653632240951,0.8969857009377058,0.8330586187375261,0.7903653632240951,BPI20TravelPermitData,50.52095788000152
456,76,NAP_model,0.0,8,False,10,5,0.7272467984370098,0.8903809944296213,0.7882232238669358,0.7272467984370098,BPI20TravelPermitData,25.994223220017737
457,76,NAP_model,0.0,8,False,10,10,0.682239525398591,0.8508612406893689,0.7460476630653707,0.682239525398591,BPI20TravelPermitData,31.4364121099934
458,76,NAP_model,0.0,8,False,10,20,0.500299478052537,0.8304372619615128,0.5920380441087774,0.500299478052537,BPI20TravelPermitData,40.3962529900251
459,76,NAP_model,0.0,8,False,10,30,0.6112489660876758,0.8570444820179781,0.6883170681324561,0.6112489660876758,BPI20TravelPermitData,42.25935529000126
460,76,NAP_model,0.0,16,False,10,5,0.7765608510881036,0.8898105412775491,0.8211840601195822,0.7765608510881036,BPI20TravelPermitData,26.75979785998352
461,76,NAP_model,0.0,16,False,10,10,0.7555118222526453,0.8893043077460381,0.8102356588175263,0.7555118222526453,BPI20TravelPermitData,32.01153347999789
462,76,NAP_model,0.0,16,False,10,20,0.6773908331194204,0.8854855081646503,0.7558667636285874,0.6773908331194204,BPI20TravelPermitData,41.46993977006059
463,76,NAP_model,0.0,16,False,10,30,0.6847779584153333,0.8838842379124592,0.7558200478669623,0.6847779584153333,BPI20TravelPermitData,43.3593543200288
464,76,NAP_model,0.0,32,False,10,5,0.7908502324520122,0.8712057221132901,0.8230120157133457,0.7908502324520122,BPI20TravelPermitData,28.47205399000086
465,76,NAP_model,0.0,32,False,10,10,0.7963834459941245,0.8915241438967688,0.8348239706126275,0.7963834459941245,BPI20TravelPermitData,33.95146588999778
466,76,NAP_model,0.0,32,False,10,20,0.7970394455377771,0.8968407622944032,0.8376211332802309,0.7970394455377771,BPI20TravelPermitData,44.24325562003069
467,76,NAP_model,0.0,32,False,10,30,0.661447192036736,0.8744800561819353,0.7196338973859191,0.661447192036736,BPI20TravelPermitData,46.180296679981986
468,23,SDFA_NAP_model,0.1,8,True,10,5,0.7189754998431306,0.8902526122486168,0.7815101759701302,0.7189754998431306,BPI20TravelPermitData,29.4098861299688
469,23,SDFA_NAP_model,0.2,8,True,10,5,0.7006930777787285,0.8734564887449324,0.7669494240274585,0.7006930777787285,BPI20TravelPermitData,29.370632790005764
470,23,SDFA_NAP_model,0.5,8,True,10,5,0.7015202076381164,0.8853366606232506,0.7662713356295481,0.7015202076381164,BPI20TravelPermitData,29.44873214000836
471,23,SDFA_NAP_model,0.1,8,True,10,10,0.6717720544194404,0.8450172320580956,0.7374665762252541,0.6717720544194404,BPI20TravelPermitData,35.40643999001477
472,23,SDFA_NAP_model,0.2,8,True,10,10,0.6460169419012578,0.8606040723432757,0.7152634329997218,0.6460169419012578,BPI20TravelPermitData,35.38836855001282
473,23,SDFA_NAP_model,0.5,8,True,10,10,0.6529477196885428,0.8374670196831862,0.718023749044282,0.6529477196885428,BPI20TravelPermitData,35.45036634001881
474,23,SDFA_NAP_model,0.1,8,True,10,20,0.6289324320470038,0.8249280775450465,0.6867772826185977,0.6289324320470038,BPI20TravelPermitData,44.15730456998572
475,23,SDFA_NAP_model,0.2,8,True,10,20,0.6060009697384559,0.7998563316630994,0.6621952396491174,0.6060009697384559,BPI20TravelPermitData,44.1879942300031
476,23,SDFA_NAP_model,0.5,8,True,10,20,0.5619634351558712,0.7714274075300244,0.6239223341104878,0.5619634351558712,BPI20TravelPermitData,44.15360064001288
477,23,SDFA_NAP_model,0.1,8,True,10,30,0.4123955392031032,0.7253175338567008,0.5016069891558519,0.4123955392031032,BPI20TravelPermitData,46.00708786994219
478,23,SDFA_NAP_model,0.2,8,True,10,30,0.4586292461709592,0.8035803567008432,0.5493893697887519,0.4586292461709592,BPI20TravelPermitData,46.07777804001235
479,23,SDFA_NAP_model,0.5,8,True,10,30,0.4238327486380879,0.8053460446484918,0.5288366057452271,0.4238327486380879,BPI20TravelPermitData,46.0759347099578
480,23,SDFA_NAP_model,0.1,16,True,10,5,0.7754485040358233,0.8958053928314954,0.8227585350135004,0.7754485040358233,BPI20TravelPermitData,30.37556304996833
481,23,SDFA_NAP_model,0.2,16,True,10,5,0.7699438122130002,0.8923186155714585,0.8172882404889527,0.7699438122130002,BPI20TravelPermitData,30.382373399985955
482,23,SDFA_NAP_model,0.5,16,True,10,5,0.7661789452668207,0.890252611575186,0.8143548768069278,0.7661789452668207,BPI20TravelPermitData,30.43479027997237
483,23,SDFA_NAP_model,0.1,16,True,10,10,0.7536864322181341,0.8800607381576566,0.8020365009863916,0.7536864322181341,BPI20TravelPermitData,35.68908650998492
484,23,SDFA_NAP_model,0.2,16,True,10,10,0.7620718176891703,0.8821248057434412,0.8109675135167276,0.7620718176891703,BPI20TravelPermitData,35.87544068999123
485,23,SDFA_NAP_model,0.5,16,True,10,10,0.7449017426770486,0.8891233897786968,0.8021809136728348,0.7449017426770486,BPI20TravelPermitData,35.74594854994211
486,23,SDFA_NAP_model,0.1,16,True,10,20,0.7591340806023787,0.8893084178687013,0.8091466333976282,0.7591340806023787,BPI20TravelPermitData,45.24964902999345
487,23,SDFA_NAP_model,0.2,16,True,10,20,0.7485810444653603,0.8918659588076826,0.8051777148628902,0.7485810444653603,BPI20TravelPermitData,45.267162419995294
488,23,SDFA_NAP_model,0.5,16,True,10,20,0.7401671372750349,0.8783024234454865,0.7971824267736355,0.7401671372750349,BPI20TravelPermitData,45.263388580013995
489,23,SDFA_NAP_model,0.1,16,True,10,30,0.5989275833547246,0.853649634346938,0.6677317816067883,0.5989275833547246,BPI20TravelPermitData,47.19726649005897
490,23,SDFA_NAP_model,0.2,16,True,10,30,0.5723738626964433,0.7824389321220607,0.6277840787860084,0.5723738626964433,BPI20TravelPermitData,47.26551885001827
491,23,SDFA_NAP_model,0.5,16,True,10,30,0.6454750292347623,0.8937193168842045,0.7334457176501848,0.6454750292347623,BPI20TravelPermitData,47.19506072006188
492,23,SDFA_NAP_model,0.1,32,True,10,5,0.790108667750492,0.8683297813689428,0.8211761753591827,0.790108667750492,BPI20TravelPermitData,32.85757934004069
493,23,SDFA_NAP_model,0.2,32,True,10,5,0.7885970166281624,0.8688666051199953,0.8195879767131339,0.7885970166281624,BPI20TravelPermitData,32.787845790036954
494,23,SDFA_NAP_model,0.5,32,True,10,5,0.7873991044180143,0.8804479312771195,0.8231096411553624,0.7873991044180143,BPI20TravelPermitData,32.82287020999938
495,23,SDFA_NAP_model,0.1,32,True,10,10,0.7762756338952111,0.8659894591803372,0.8068127061463086,0.7762756338952111,BPI20TravelPermitData,38.22749876999296
496,23,SDFA_NAP_model,0.2,32,True,10,10,0.7899375374347566,0.8931288131833877,0.8298502842812389,0.7899375374347566,BPI20TravelPermitData,38.2126848799875
497,23,SDFA_NAP_model,0.5,32,True,10,10,0.7842331935769088,0.8845412994977039,0.8252075636113403,0.7842331935769088,BPI20TravelPermitData,38.286139539978464
498,23,SDFA_NAP_model,0.1,32,True,10,20,0.7911639713641938,0.8991833878894968,0.8354642865499406,0.7911639713641938,BPI20TravelPermitData,48.4942856100155
499,23,SDFA_NAP_model,0.2,32,True,10,20,0.7992926613616269,0.8977442441070245,0.836243427138285,0.7992926613616269,BPI20TravelPermitData,48.56452815998345
500,23,SDFA_NAP_model,0.5,32,True,10,20,0.7212572373862697,0.8805348126413117,0.7784074534453229,0.7212572373862697,BPI20TravelPermitData,48.55024745997507
501,23,SDFA_NAP_model,0.1,32,True,10,30,0.7917058840306894,0.9002961207846593,0.8353309641101989,0.7917058840306894,BPI20TravelPermitData,50.618275079969315
502,23,SDFA_NAP_model,0.2,32,True,10,30,0.7837483243489918,0.8624447889239767,0.8085986970830914,0.7837483243489918,BPI20TravelPermitData,50.50500678997487
503,23,SDFA_NAP_model,0.5,32,True,10,30,0.6779042240666268,0.8282713126847876,0.7206055495317494,0.6779042240666268,BPI20TravelPermitData,50.602138799987735
504,23,NAP_model,0.0,8,False,10,5,0.7077094207238812,0.8874288067843737,0.7728712856291813,0.7077094207238812,BPI20TravelPermitData,25.991071010008454
505,23,NAP_model,0.0,8,False,10,10,0.6889706511508513,0.8456556749370937,0.747632833518376,0.6889706511508513,BPI20TravelPermitData,31.40654851999134
506,23,NAP_model,0.0,8,False,10,20,0.448817774735461,0.8156479404538245,0.5564775396295449,0.448817774735461,BPI20TravelPermitData,40.15889375002589
507,23,NAP_model,0.0,8,False,10,30,0.5261401557285873,0.7536039535719081,0.5777732536480374,0.5261401557285873,BPI20TravelPermitData,42.084668259997855
508,23,NAP_model,0.0,16,False,10,5,0.7717977239668007,0.8889706044344018,0.8179510682331098,0.7717977239668007,BPI20TravelPermitData,26.701580340019422
509,23,NAP_model,0.0,16,False,10,10,0.7570519950942642,0.8787528897280635,0.8047685992339358,0.7570519950942642,BPI20TravelPermitData,31.959157480020075
510,23,NAP_model,0.0,16,False,10,20,0.6807849177148398,0.880126120239012,0.7467832490298776,0.6807849177148398,BPI20TravelPermitData,41.439652770012614
511,23,NAP_model,0.0,16,False,10,30,0.6762499643478509,0.8826508226306562,0.7471273619045256,0.6762499643478509,BPI20TravelPermitData,43.41273408995475
512,23,NAP_model,0.0,32,False,10,5,0.7879124953652206,0.8703632336082203,0.8199791299874248,0.7879124953652206,BPI20TravelPermitData,28.51871207000222
513,23,NAP_model,0.0,32,False,10,10,0.7903653632240951,0.8774197847267348,0.8248888611435023,0.7903653632240951,BPI20TravelPermitData,34.01649829002563
514,23,NAP_model,0.0,32,False,10,20,0.7264196685776219,0.9005674646757027,0.7869795877252997,0.7264196685776219,BPI20TravelPermitData,44.30847720000893
515,23,NAP_model,0.0,32,False,10,30,0.7235389749294088,0.8943287383414454,0.7859325279476268,0.7235389749294088,BPI20TravelPermitData,46.26120810005814
516,56,SDFA_NAP_model,0.1,8,True,10,5,0.7217706283334759,0.8938131468964824,0.7830863277470141,0.7217706283334759,BPI20TravelPermitData,30.280011730035767
517,56,SDFA_NAP_model,0.2,8,True,10,5,0.7107042012492513,0.8759178243115007,0.7730980394327728,0.7107042012492513,BPI20TravelPermitData,30.244046559999695
518,56,SDFA_NAP_model,0.5,8,True,10,5,0.6837226548016314,0.8836069487302268,0.7548844574892214,0.6837226548016314,BPI20TravelPermitData,30.51777312997729
519,56,SDFA_NAP_model,0.1,8,True,10,10,0.6816976127320955,0.856004461199255,0.7457195355866554,0.6816976127320955,BPI20TravelPermitData,36.673837139992976
520,56,SDFA_NAP_model,0.2,8,True,10,10,0.4561763783120846,0.764623131301116,0.5499564077881447,0.4561763783120846,BPI20TravelPermitData,36.69241694002413
521,56,SDFA_NAP_model,0.5,8,True,10,10,0.6328399075896295,0.8476308933713502,0.7013287557282374,0.6328399075896295,BPI20TravelPermitData,36.737627950008026
522,56,SDFA_NAP_model,0.1,8,True,10,20,0.5246855480448361,0.7694904907368125,0.6075643187829984,0.5246855480448361,BPI20TravelPermitData,46.18606837000698
523,56,SDFA_NAP_model,0.2,8,True,10,20,0.541627449302644,0.8052549915967858,0.6161402751135219,0.541627449302644,BPI20TravelPermitData,46.10205050001387
524,56,SDFA_NAP_model,0.5,8,True,10,20,0.6363766007814952,0.8261002913199716,0.7007701788082195,0.6363766007814952,BPI20TravelPermitData,46.319545460003425
525,56,SDFA_NAP_model,0.1,8,True,10,30,0.4377513476512364,0.8108254807017299,0.5373507371889564,0.4377513476512364,BPI20TravelPermitData,48.11840881002136
526,56,SDFA_NAP_model,0.2,8,True,10,30,0.3913465103676449,0.6447361495760487,0.4609807024814265,0.3913465103676449,BPI20TravelPermitData,48.14136379999108
527,56,SDFA_NAP_model,0.5,8,True,10,30,0.4755141039901885,0.844650575312631,0.5452369710760235,0.4755141039901885,BPI20TravelPermitData,48.23880893997848
528,56,SDFA_NAP_model,0.1,16,True,10,5,0.7693733778272154,0.886792215778096,0.8164059794376108,0.7693733778272154,BPI20TravelPermitData,31.348646750021725
529,56,SDFA_NAP_model,0.2,16,True,10,5,0.7721685063175608,0.8905775695428018,0.8165651820179044,0.7721685063175608,BPI20TravelPermitData,31.31328160997946
530,56,SDFA_NAP_model,0.5,16,True,10,5,0.7707709420723882,0.8915428139256978,0.8189730168511699,0.7707709420723882,BPI20TravelPermitData,31.36840586999897
531,56,SDFA_NAP_model,0.1,16,True,10,10,0.682952568380822,0.8759833230455079,0.7554603669454547,0.682952568380822,BPI20TravelPermitData,37.40796077998821
532,56,SDFA_NAP_model,0.2,16,True,10,10,0.6912809104132797,0.8679797092910609,0.7522852316694345,0.6912809104132797,BPI20TravelPermitData,37.54949011001736
533,56,SDFA_NAP_model,0.5,16,True,10,10,0.7336641852770885,0.8799692391702106,0.788682120723792,0.7336641852770885,BPI20TravelPermitData,37.32943078996614
534,56,SDFA_NAP_model,0.1,16,True,10,20,0.7526596503237215,0.881191027981838,0.8040823478943825,0.7526596503237215,BPI20TravelPermitData,47.81266321998555
535,56,SDFA_NAP_model,0.2,16,True,10,20,0.7221128889649469,0.8724360858077976,0.7808423486852056,0.7221128889649469,BPI20TravelPermitData,47.74219484999776
536,56,SDFA_NAP_model,0.5,16,True,10,20,0.6710590114372095,0.8483668276592902,0.7320832817400926,0.6710590114372095,BPI20TravelPermitData,47.43909420999698
537,56,SDFA_NAP_model,0.1,16,True,10,30,0.6235988705399161,0.8050249818826468,0.6794264617397101,0.6235988705399161,BPI20TravelPermitData,49.51059081996791
538,56,SDFA_NAP_model,0.2,16,True,10,30,0.6258806080830552,0.8705204336591102,0.6997978516268833,0.6258806080830552,BPI20TravelPermitData,49.489285679976454
539,56,SDFA_NAP_model,0.5,16,True,10,30,0.6638715381763213,0.8813977508797017,0.7386498677617203,0.6638715381763213,BPI20TravelPermitData,49.47628337000496
540,56,SDFA_NAP_model,0.1,32,True,10,5,0.78868258178603,0.8718679583202105,0.8211149999637715,0.78868258178603,BPI20TravelPermitData,34.02810785002075
541,56,SDFA_NAP_model,0.2,32,True,10,5,0.7929037962408374,0.8892120464176226,0.8308965653966135,0.7929037962408374,BPI20TravelPermitData,34.084364269976504
542,56,SDFA_NAP_model,0.5,32,True,10,5,0.7847180628048259,0.8761778537359798,0.8219924766366716,0.7847180628048259,BPI20TravelPermitData,34.05297105005011
543,56,SDFA_NAP_model,0.1,32,True,10,10,0.7896808419611534,0.8931192691345433,0.8312726912816772,0.7896808419611534,BPI20TravelPermitData,40.2016040999908
544,56,SDFA_NAP_model,0.2,32,True,10,10,0.7935597957844899,0.8925470771940662,0.8340844393600196,0.7935597957844899,BPI20TravelPermitData,40.15412919998634
545,56,SDFA_NAP_model,0.5,32,True,10,10,0.7154958500898434,0.8846987392248489,0.7787782616898452,0.7154958500898434,BPI20TravelPermitData,40.222056279960086
546,56,SDFA_NAP_model,0.1,32,True,10,20,0.7335786201192208,0.8927025070806844,0.7935935159878206,0.7335786201192208,BPI20TravelPermitData,51.129295949963854
547,56,SDFA_NAP_model,0.2,32,True,10,20,0.7899660591540458,0.8922699672641718,0.8268998835215252,0.7899660591540458,BPI20TravelPermitData,51.16115323998965
548,56,SDFA_NAP_model,0.5,32,True,10,20,0.7803542397535723,0.8929190693082746,0.8268714360745738,0.7803542397535723,BPI20TravelPermitData,51.0945107099833
549,56,SDFA_NAP_model,0.1,32,True,10,30,0.7038304669005447,0.8736497815905505,0.7560936331447375,0.7038304669005447,BPI20TravelPermitData,53.31261253003031
550,56,SDFA_NAP_model,0.2,32,True,10,30,0.7726818972647671,0.8927865988590296,0.8192630148925009,0.7726818972647671,BPI20TravelPermitData,53.28344794996083
551,56,SDFA_NAP_model,0.5,32,True,10,30,0.7919340577850033,0.9039695472041688,0.8369491049345119,0.7919340577850033,BPI20TravelPermitData,53.412186060054225
552,56,NAP_model,0.0,8,False,10,5,0.642822509340863,0.8880361989991015,0.7293601670736595,0.642822509340863,BPI20TravelPermitData,26.51620056000538
553,56,NAP_model,0.0,8,False,10,10,0.6514645902855024,0.8238998789997413,0.7146617299511626,0.6514645902855024,BPI20TravelPermitData,32.79106091004796
554,56,NAP_model,0.0,8,False,10,20,0.5873192436040044,0.8236637621994604,0.6582056450166694,0.5873192436040044,BPI20TravelPermitData,42.62240508000832
555,56,NAP_model,0.0,8,False,10,30,0.6310715609936967,0.8106387752490857,0.6941511820516619,0.6310715609936967,BPI20TravelPermitData,44.334622390009464
556,56,NAP_model,0.0,16,False,10,5,0.7737657225977582,0.8939829851996396,0.8198731561495755,0.7737657225977582,BPI20TravelPermitData,27.39824429003056
557,56,NAP_model,0.0,16,False,10,10,0.6868600439234477,0.8805307245183068,0.7569755511361637,0.6868600439234477,BPI20TravelPermitData,33.22946039000526
558,56,NAP_model,0.0,16,False,10,20,0.6789024842417501,0.8889864050627594,0.7586974582803853,0.6789024842417501,BPI20TravelPermitData,43.75518885005731
559,56,NAP_model,0.0,16,False,10,30,0.7558826046034055,0.8831362658338198,0.8072792003654676,0.7558826046034055,BPI20TravelPermitData,45.50692363998387
560,56,NAP_model,0.0,32,False,10,5,0.7923618835743419,0.88698087819051,0.8292704092166814,0.7923618835743419,BPI20TravelPermitData,29.412197859957818
561,56,NAP_model,0.0,32,False,10,10,0.7968397935027524,0.8836813082273154,0.831531629232828,0.7968397935027524,BPI20TravelPermitData,35.57859128995333
562,56,NAP_model,0.0,32,False,10,20,0.7330937508913037,0.8762689962339373,0.7802292294587432,0.7330937508913037,BPI20TravelPermitData,47.01733472994529
563,56,NAP_model,0.0,32,False,10,30,0.7263341034197541,0.8901460062656944,0.7829972876182726,0.7263341034197541,BPI20TravelPermitData,49.203209099988456
564,8,SDFA_NAP_model,0.1,8,True,10,5,0.6914235190097259,0.8823611170761951,0.7621595156295641,0.6914235190097259,BPI20TravelPermitData,30.289211279992013
565,8,SDFA_NAP_model,0.2,8,True,10,5,0.7008642080944639,0.8824780539358251,0.7680605400798145,0.7008642080944639,BPI20TravelPermitData,30.233650530013257
566,8,SDFA_NAP_model,0.5,8,True,10,5,0.6513790251276347,0.874756731025893,0.7229634604658925,0.6513790251276347,BPI20TravelPermitData,30.176780219958165
567,8,SDFA_NAP_model,0.1,8,True,10,10,0.6207466986109923,0.839630510432684,0.6935047322120939,0.6207466986109923,BPI20TravelPermitData,36.54437024998479
568,8,SDFA_NAP_model,0.2,8,True,10,10,0.6587091069849691,0.8341782616886428,0.7217569450408281,0.6587091069849691,BPI20TravelPermitData,36.52605289001949
569,8,SDFA_NAP_model,0.5,8,True,10,10,0.5574570035081715,0.8361861365083753,0.6545229730754594,0.5574570035081715,BPI20TravelPermitData,36.52877732997295
570,8,SDFA_NAP_model,0.1,8,True,10,20,0.4490174267704857,0.7190825218324939,0.522252506077298,0.4490174267704857,BPI20TravelPermitData,46.05100871003233
571,8,SDFA_NAP_model,0.2,8,True,10,20,0.5163857277316677,0.6998597838952969,0.5708683450156975,0.5163857277316677,BPI20TravelPermitData,46.09058215995319
572,8,SDFA_NAP_model,0.5,8,True,10,20,0.4368386526339807,0.5745351067354875,0.4763645957512934,0.4368386526339807,BPI20TravelPermitData,46.03708634003997
573,8,SDFA_NAP_model,0.1,8,True,10,30,0.5659849975756539,0.6821710384734044,0.6007133961133505,0.5659849975756539,BPI20TravelPermitData,48.0326175800059
574,8,SDFA_NAP_model,0.2,8,True,10,30,0.4219217934457089,0.8581199088235417,0.5018553861791005,0.4219217934457089,BPI20TravelPermitData,47.99922665997874
575,8,SDFA_NAP_model,0.5,8,True,10,30,0.3291691623171044,0.7080928427099064,0.4342318575336996,0.3291691623171044,BPI20TravelPermitData,47.993026979989374
576,8,SDFA_NAP_model,0.1,16,True,10,5,0.7735375488434443,0.8893880615049905,0.8187601045239041,0.7735375488434443,BPI20TravelPermitData,31.171891730022615
577,8,SDFA_NAP_model,0.2,16,True,10,5,0.7696585950201078,0.8962674881621228,0.8197464250397388,0.7696585950201078,BPI20TravelPermitData,31.17908049998805
578,8,SDFA_NAP_model,0.5,16,True,10,5,0.7658081629160606,0.88224614554154,0.812532084426556,0.7658081629160606,BPI20TravelPermitData,31.247450609970837
579,8,SDFA_NAP_model,0.1,16,True,10,10,0.7389121816263085,0.8780712351596289,0.79153321881685,0.7389121816263085,BPI20TravelPermitData,37.04061565999873
580,8,SDFA_NAP_model,0.2,16,True,10,10,0.7638401642851032,0.8865795787297179,0.8132392358736303,0.7638401642851032,BPI20TravelPermitData,37.14059632003773
581,8,SDFA_NAP_model,0.5,16,True,10,10,0.7452154815892302,0.883814633601025,0.7971182628421811,0.7452154815892302,BPI20TravelPermitData,37.00694470996969
582,8,SDFA_NAP_model,0.1,16,True,10,20,0.7248509740167137,0.862184160203449,0.769032860291443,0.7248509740167137,BPI20TravelPermitData,47.41084493000526
583,8,SDFA_NAP_model,0.2,16,True,10,20,0.6675223182453438,0.8730415004181583,0.7424646170905758,0.6675223182453438,BPI20TravelPermitData,47.32039574997034
584,8,SDFA_NAP_model,0.5,16,True,10,20,0.6758791819970907,0.8842752610277071,0.7507672355636217,0.6758791819970907,BPI20TravelPermitData,47.38266049001832
585,8,SDFA_NAP_model,0.1,16,True,10,30,0.7414506146430507,0.8802613295820658,0.7878155372382397,0.7414506146430507,BPI20TravelPermitData,49.46368982996792
586,8,SDFA_NAP_model,0.2,16,True,10,30,0.6294743447134993,0.7898128271433857,0.681572811632548,0.6294743447134993,BPI20TravelPermitData,49.42491839001887
587,8,SDFA_NAP_model,0.5,16,True,10,30,0.6023787113887226,0.8807732726926761,0.6870134476080596,0.6023787113887226,BPI20TravelPermitData,49.50085841999389
588,8,SDFA_NAP_model,0.1,32,True,10,5,0.7925615356093665,0.8736303795680795,0.8243860406715163,0.7925615356093665,BPI20TravelPermitData,33.84685866998043
589,8,SDFA_NAP_model,0.2,32,True,10,5,0.7885684949088732,0.8700812485320024,0.8218299307488132,0.7885684949088732,BPI20TravelPermitData,33.939425669959746
590,8,SDFA_NAP_model,0.5,32,True,10,5,0.7823222383845299,0.8677151429899718,0.8168623184181891,0.7823222383845299,BPI20TravelPermitData,33.98141220996622
591,8,SDFA_NAP_model,0.1,32,True,10,10,0.7923618835743419,0.8831181794943047,0.8283784112327401,0.7923618835743419,BPI20TravelPermitData,40.122802199982104
592,8,SDFA_NAP_model,0.2,32,True,10,10,0.7901942329083597,0.8954833834331524,0.8329521796300428,0.7901942329083597,BPI20TravelPermitData,40.179599000001325
593,8,SDFA_NAP_model,0.5,32,True,10,10,0.7895097116454179,0.8852080222749306,0.8285784289705065,0.7895097116454179,BPI20TravelPermitData,40.08735963997897
594,8,SDFA_NAP_model,0.1,32,True,10,20,0.794044665012407,0.9020519029894888,0.8388710285944606,0.794044665012407,BPI20TravelPermitData,50.99614165006206
595,8,SDFA_NAP_model,0.2,32,True,10,20,0.7237671486837226,0.8853911421422589,0.7794487805205531,0.7237671486837226,BPI20TravelPermitData,51.109562770044434
596,8,SDFA_NAP_model,0.5,32,True,10,20,0.7237956704030118,0.8780278790702863,0.7774743840400116,0.7237956704030118,BPI20TravelPermitData,51.110724460007624
597,8,SDFA_NAP_model,0.1,32,True,10,30,0.7035737714269417,0.8985209774025253,0.7661206716212045,0.7035737714269417,BPI20TravelPermitData,53.08216691997368
598,8,SDFA_NAP_model,0.2,32,True,10,30,0.7673483357576795,0.8670474171942425,0.8034033109629514,0.7673483357576795,BPI20TravelPermitData,53.19656917999964
599,8,SDFA_NAP_model,0.5,32,True,10,30,0.7905935369784091,0.8942306063146334,0.8339535559158459,0.7905935369784091,BPI20TravelPermitData,53.12179352000821
600,8,NAP_model,0.0,8,False,10,5,0.7025184678132398,0.8746327816945516,0.7672329659786377,0.7025184678132398,BPI20TravelPermitData,26.419358099997044
601,8,NAP_model,0.0,8,False,10,10,0.6792732665925102,0.8722926055259315,0.74996403135278,0.6792732665925102,BPI20TravelPermitData,32.59538919006009
602,8,NAP_model,0.0,8,False,10,20,0.6370040786058584,0.8117862109689422,0.6989126700278667,0.6370040786058584,BPI20TravelPermitData,42.20743796997704
603,8,NAP_model,0.0,8,False,10,30,0.4931405265109381,0.8325192865935916,0.5790036017934542,0.4931405265109381,BPI20TravelPermitData,44.0880908800289
604,8,NAP_model,0.0,16,False,10,5,0.7762185904566328,0.8861920325570439,0.818910695047285,0.7762185904566328,BPI20TravelPermitData,27.269973159977233
605,8,NAP_model,0.0,16,False,10,10,0.7668349448104732,0.8794883392811437,0.813723985226451,0.7668349448104732,BPI20TravelPermitData,33.114742539962755
606,8,NAP_model,0.0,16,False,10,20,0.7444168734491315,0.8747053925798415,0.7953793726982071,0.7444168734491315,BPI20TravelPermitData,43.43402703998144
607,8,NAP_model,0.0,16,False,10,30,0.5526368329482901,0.8301162801390554,0.6283035631661786,0.5526368329482901,BPI20TravelPermitData,45.3523871900281
608,8,NAP_model,0.0,32,False,10,5,0.7900231025926243,0.8877297030751837,0.8284261011436572,0.7900231025926243,BPI20TravelPermitData,29.27954311000649
609,8,NAP_model,0.0,32,False,10,10,0.7922192749778957,0.889273460004259,0.829741054402375,0.7922192749778957,BPI20TravelPermitData,35.50430924000684
610,8,NAP_model,0.0,32,False,10,20,0.7705712900373635,0.8764027770176346,0.8146984435009835,0.7705712900373635,BPI20TravelPermitData,46.43429591995664
611,8,NAP_model,0.0,32,False,10,30,0.7861726704885771,0.8977480184878565,0.8308652468527975,0.7861726704885771,BPI20TravelPermitData,48.554885360016485
612,15,SDFA_NAP_model,0.1,8,True,10,5,0.7152106328969511,0.8779522386751211,0.7791126263891639,0.7152106328969511,BPI20TravelPermitData,30.104010080033913
613,15,SDFA_NAP_model,0.2,8,True,10,5,0.7024614243746613,0.8774788044328949,0.7718584103610773,0.7024614243746613,BPI20TravelPermitData,30.06885014998261
614,15,SDFA_NAP_model,0.5,8,True,10,5,0.6970137759904167,0.876374355920045,0.7664768085752554,0.6970137759904167,BPI20TravelPermitData,30.185124380048364
615,15,SDFA_NAP_model,0.1,8,True,10,10,0.6115341832805682,0.821871154679215,0.6842290901940804,0.6115341832805682,BPI20TravelPermitData,36.68089280000422
616,15,SDFA_NAP_model,0.2,8,True,10,10,0.692878126693477,0.8507569285769883,0.7523476382198678,0.692878126693477,BPI20TravelPermitData,36.58815846997313
617,15,SDFA_NAP_model,0.5,8,True,10,10,0.5745700350817148,0.8275422668600021,0.6543353363454778,0.5745700350817148,BPI20TravelPermitData,36.64591519003734
618,15,SDFA_NAP_model,0.1,8,True,10,20,0.4719488890790337,0.7928953909589439,0.5666003346573499,0.4719488890790337,BPI20TravelPermitData,45.98185663998593
619,15,SDFA_NAP_model,0.2,8,True,10,20,0.5457630985995836,0.679548576304881,0.5875382588002827,0.5457630985995836,BPI20TravelPermitData,45.95379884005524
620,15,SDFA_NAP_model,0.5,8,True,10,20,0.5394597986366618,0.7791504291168022,0.6184302217829594,0.5394597986366618,BPI20TravelPermitData,45.96375351997558
621,15,SDFA_NAP_model,0.1,8,True,10,30,0.5728587319243604,0.8669902681857249,0.6527610221865766,0.5728587319243604,BPI20TravelPermitData,48.00603962002788
622,15,SDFA_NAP_model,0.2,8,True,10,30,0.445224038105017,0.7432968652310472,0.5261843543686402,0.445224038105017,BPI20TravelPermitData,48.03191401001531
623,15,SDFA_NAP_model,0.5,8,True,10,30,0.4984740880180257,0.8441308669960147,0.5900896442195104,0.4984740880180257,BPI20TravelPermitData,48.02731097000651
624,15,SDFA_NAP_model,0.1,16,True,10,5,0.777559111263227,0.8938325363304781,0.8240261531534903,0.777559111263227,BPI20TravelPermitData,31.177697289944625
625,15,SDFA_NAP_model,0.2,16,True,10,5,0.7710561592652805,0.8945830803698934,0.8177448600966958,0.7710561592652805,BPI20TravelPermitData,31.179267010022887
626,15,SDFA_NAP_model,0.5,16,True,10,5,0.7689740737571661,0.8857514605798559,0.8162619875211053,0.7689740737571661,BPI20TravelPermitData,31.242977139959113
627,15,SDFA_NAP_model,0.1,16,True,10,10,0.756053734919141,0.8993324556165688,0.8128494710877598,0.756053734919141,BPI20TravelPermitData,37.0239249500446
628,15,SDFA_NAP_model,0.2,16,True,10,10,0.7559111263226947,0.8868521890424181,0.809556384306625,0.7559111263226947,BPI20TravelPermitData,37.11541206005495
629,15,SDFA_NAP_model,0.5,16,True,10,10,0.7497219132369299,0.879499221746666,0.8015019702912862,0.7497219132369299,BPI20TravelPermitData,37.079696219973265
630,15,SDFA_NAP_model,0.1,16,True,10,20,0.7470123499044522,0.8937643111373774,0.8048571196375779,0.7470123499044522,BPI20TravelPermitData,47.42704467005096
631,15,SDFA_NAP_model,0.2,16,True,10,20,0.6861184792219275,0.8826467443146376,0.7576714437787363,0.6861184792219275,BPI20TravelPermitData,47.387242410052565
632,15,SDFA_NAP_model,0.5,16,True,10,20,0.7127292433187873,0.852107682028586,0.7623973855486563,0.7127292433187873,BPI20TravelPermitData,47.38847777997144
633,15,SDFA_NAP_model,0.1,16,True,10,30,0.6571689341433502,0.8301319043228631,0.7207217303763739,0.6571689341433502,BPI20TravelPermitData,51.1898005500203
634,15,SDFA_NAP_model,0.2,16,True,10,30,0.6527195459342289,0.8557306416514529,0.7187935435018002,0.6527195459342289,BPI20TravelPermitData,49.43493839998264
635,15,SDFA_NAP_model,0.5,16,True,10,30,0.7041727275320157,0.8503515709726537,0.7552241266220745,0.7041727275320157,BPI20TravelPermitData,49.46967976999004
636,15,SDFA_NAP_model,0.1,32,True,10,5,0.787484669575882,0.8871016050362056,0.8271408268649167,0.787484669575882,BPI20TravelPermitData,33.9451615100028
637,15,SDFA_NAP_model,0.2,32,True,10,5,0.7908502324520122,0.8866517185238488,0.8261850694102995,0.7908502324520122,BPI20TravelPermitData,33.98514924000483
638,15,SDFA_NAP_model,0.5,32,True,10,5,0.7877413650494852,0.8706377862060711,0.819603745413824,0.7877413650494852,BPI20TravelPermitData,34.0288956100354
639,15,SDFA_NAP_model,0.1,32,True,10,10,0.7863152790850233,0.8902556600768224,0.8293502914091829,0.7863152790850233,BPI20TravelPermitData,40.12622688997071
640,15,SDFA_NAP_model,0.2,32,True,10,10,0.7866004962779156,0.8896920604403381,0.8273678805641174,0.7866004962779156,BPI20TravelPermitData,40.1822233900195
641,15,SDFA_NAP_model,0.5,32,True,10,10,0.7865434528393371,0.8908671400488689,0.8286760770261276,0.7865434528393371,BPI20TravelPermitData,40.215266060037536
642,15,SDFA_NAP_model,0.1,32,True,10,20,0.7867431048743618,0.900160099715304,0.8320798359648699,0.7867431048743618,BPI20TravelPermitData,51.05236129004042
643,15,SDFA_NAP_model,0.2,32,True,10,20,0.7259633210689941,0.8963556583456626,0.7858367240907075,0.7259633210689941,BPI20TravelPermitData,51.10667921002023
644,15,SDFA_NAP_model,0.5,32,True,10,20,0.7646102507059126,0.8902247342604244,0.8136105233161693,0.7646102507059126,BPI20TravelPermitData,51.13771157001611
645,15,SDFA_NAP_model,0.1,32,True,10,30,0.785088845155586,0.8713355175784189,0.8149090070971515,0.785088845155586,BPI20TravelPermitData,53.19945260998793
646,15,SDFA_NAP_model,0.2,32,True,10,30,0.7338353155928239,0.8826494094990852,0.7866677508508574,0.7338353155928239,BPI20TravelPermitData,53.03747895001434
647,15,SDFA_NAP_model,0.5,32,True,10,30,0.7273038418755883,0.8935573576688928,0.7814091166999699,0.7273038418755883,BPI20TravelPermitData,53.37335212996695
648,15,NAP_model,0.0,8,False,10,5,0.7267619292090928,0.8939465761879009,0.7907081117934329,0.7267619292090928,BPI20TravelPermitData,26.486581250047312
649,15,NAP_model,0.0,8,False,10,10,0.5494994438264739,0.8357603872191023,0.6327323004134723,0.5494994438264739,BPI20TravelPermitData,32.63649524999782
650,15,NAP_model,0.0,8,False,10,20,0.5759961210461767,0.8529971310137232,0.6613194609012734,0.5759961210461767,BPI20TravelPermitData,42.187665740028024
651,15,NAP_model,0.0,8,False,10,30,0.5569721342802544,0.8015631804091514,0.6311667061693415,0.5569721342802544,BPI20TravelPermitData,44.17785217002965
652,15,NAP_model,0.0,16,False,10,5,0.7739653746327828,0.8916393911656453,0.8208401411581782,0.7739653746327828,BPI20TravelPermitData,27.27641454001423
653,15,NAP_model,0.0,16,False,10,10,0.7603890362511052,0.8923033026094027,0.8129627936754561,0.7603890362511052,BPI20TravelPermitData,33.14847954998258
654,15,NAP_model,0.0,16,False,10,20,0.6929636918513448,0.8716889186242697,0.7519502311812875,0.6929636918513448,BPI20TravelPermitData,43.40769332000055
655,15,NAP_model,0.0,16,False,10,30,0.6800148312940304,0.8762736755211324,0.7502688941235429,0.6800148312940304,BPI20TravelPermitData,45.33046174999326
656,15,NAP_model,0.0,32,False,10,5,0.7903653632240951,0.8728376678232752,0.822613263790494,0.7903653632240951,BPI20TravelPermitData,29.385979479993697
657,15,NAP_model,0.0,32,False,10,10,0.7253928866832092,0.8837894324485462,0.7827123471806295,0.7253928866832092,BPI20TravelPermitData,35.456313249957745
658,15,NAP_model,0.0,32,False,10,20,0.7252787998060523,0.8899982932298008,0.7832985364150392,0.7252787998060523,BPI20TravelPermitData,46.55126423996408
659,15,NAP_model,0.0,32,False,10,30,0.7249080174552922,0.8981584335337222,0.7894219316687592,0.7249080174552922,BPI20TravelPermitData,48.873859350010754
660,56,SDFA_NAP_model,0.1,8,True,10,5,0.8089892464595223,0.8757271860964553,0.83289095837883,0.8089892464595223,bpi17,
661,56,SDFA_NAP_model,0.2,8,True,10,5,0.8254002853519341,0.8861560996130874,0.8484047435429006,0.8254002853519341,bpi17,
662,56,SDFA_NAP_model,0.5,8,True,10,5,0.8031170735573875,0.895529929552044,0.8310960324892872,0.8031170735573875,bpi17,
663,56,SDFA_NAP_model,0.1,8,True,10,10,0.8021526897061932,0.8936191774171324,0.8381702109611637,0.8021526897061932,bpi17,
664,56,SDFA_NAP_model,0.2,8,True,10,10,0.8169222944409216,0.8956889671860946,0.849826677578331,0.8169222944409216,bpi17,
665,56,SDFA_NAP_model,0.5,8,True,10,10,0.7690069488480237,0.8996338440370488,0.8162929185686547,0.7690069488480237,bpi17,
666,56,SDFA_NAP_model,0.1,8,True,10,20,0.7586992707672796,0.8228847480164587,0.7854190788447667,0.7586992707672796,bpi17,
667,56,SDFA_NAP_model,0.2,8,True,10,20,0.731359649122807,0.8228685031085027,0.7649933259861578,0.731359649122807,bpi17,
668,56,SDFA_NAP_model,0.5,8,True,10,20,0.7259729708306912,0.8136469389246928,0.7594773325225508,0.7259729708306912,bpi17,
669,56,SDFA_NAP_model,0.1,16,True,10,5,0.8204462587190868,0.8966491734156147,0.8462223392744084,0.8204462587190868,bpi17,
670,56,SDFA_NAP_model,0.2,16,True,10,5,0.8353446681462693,0.8998223659186655,0.858688130086126,0.8353446681462693,bpi17,
671,56,SDFA_NAP_model,0.5,16,True,10,5,0.8104457302895793,0.9021373454581624,0.8420177782678006,0.8104457302895793,bpi17,
672,56,SDFA_NAP_model,0.1,16,True,10,10,0.8492819964066793,0.9180642906893548,0.8787932070816538,0.8492819964066793,bpi17,
673,56,SDFA_NAP_model,0.2,16,True,10,10,0.8601676442612556,0.9212485455886364,0.8843548514371106,0.8601676442612556,bpi17,
674,56,SDFA_NAP_model,0.5,16,True,10,10,0.8272960262101036,0.9091985947411082,0.8594524883419856,0.8272960262101036,bpi17,
675,56,SDFA_NAP_model,0.1,16,True,10,20,0.7874062037624181,0.8708517014469327,0.8234929152752037,0.7874062037624181,bpi17,
676,56,SDFA_NAP_model,0.2,16,True,10,20,0.7883804956668781,0.9049285077276908,0.8267117690582626,0.7883804956668781,bpi17,
677,56,SDFA_NAP_model,0.5,16,True,10,20,0.7971392147537518,0.909429320822474,0.8382905416024876,0.7971392147537518,bpi17,
678,56,SDFA_NAP_model,0.1,32,True,10,5,0.8215988955823293,0.8959811779507988,0.8483644001675957,0.8215988955823293,bpi17,
679,56,SDFA_NAP_model,0.2,32,True,10,5,0.8642233407313464,0.908757707428388,0.8815486522998847,0.8642233407313464,bpi17,
680,56,SDFA_NAP_model,0.5,32,True,10,5,0.8190228017332488,0.8965566577464549,0.8427398782650725,0.8190228017332488,bpi17,
681,56,SDFA_NAP_model,0.1,32,True,10,10,0.8350408211794547,0.911782120744415,0.8673052705499801,0.8350408211794547,bpi17,
682,56,SDFA_NAP_model,0.2,32,True,10,10,0.8554216867469879,0.9152086634698569,0.8790138922381733,0.8554216867469879,bpi17,
683,56,SDFA_NAP_model,0.5,32,True,10,10,0.8675887761572606,0.921703206188316,0.8905640709678623,0.8675887761572606,bpi17,
684,56,SDFA_NAP_model,0.1,32,True,10,20,0.8086853994927077,0.8983023716242308,0.841590917827641,0.8086853994927077,bpi17,
685,56,SDFA_NAP_model,0.2,32,True,10,20,0.7950155886704714,0.894296840901719,0.8282933672255267,0.7950155886704714,bpi17,
686,56,SDFA_NAP_model,0.5,32,True,10,20,0.8004650179666033,0.9088725103343952,0.8425473434691277,0.8004650179666033,bpi17,
687,56,NAP_model,0.5,8,False,10,5,0.8037610970196576,0.9044494986194525,0.8376256183446663,0.8037610970196576,bpi17,
688,56,NAP_model,0.5,8,False,10,10,0.7738651976326358,0.8998644063734711,0.8215731897358173,0.7738651976326358,bpi17,
689,56,NAP_model,0.5,8,False,10,20,0.7456470619319383,0.8344976242984553,0.7796455322052692,0.7456470619319383,bpi17,
690,56,NAP_model,0.5,16,False,10,5,0.8357343849080533,0.9049713225030248,0.8605271649433858,0.8357343849080533,bpi17,
691,56,NAP_model,0.5,16,False,10,10,0.8094152927499472,0.9018936093680484,0.841747663172813,0.8094152927499472,bpi17,
692,56,NAP_model,0.5,16,False,10,20,0.8009868421052632,0.9024576289520212,0.8380874352959424,0.8009868421052632,bpi17,
693,56,NAP_model,0.5,32,False,10,5,0.8214403667300783,0.8983876028085322,0.8446163083784787,0.8214403667300783,bpi17,
694,56,NAP_model,0.5,32,False,10,10,0.7929183840625661,0.9006829366286746,0.8297925613255926,0.7929183840625661,bpi17,
695,56,NAP_model,0.5,32,False,10,20,0.7856161488057493,0.9105077001808112,0.8256343514669447,0.7856161488057493,bpi17,
696,8,SDFA_NAP_model,0.1,8,True,10,5,0.7869008930458676,0.8824400599739967,0.8236161105054121,0.7869008930458676,bpi17,
697,8,SDFA_NAP_model,0.2,8,True,10,5,0.8458835341365462,0.9029241557780964,0.8686414128429142,0.8458835341365462,bpi17,
698,8,SDFA_NAP_model,0.5,8,True,10,5,0.8447804375396322,0.8946286069937696,0.8626905648132304,0.8447804375396322,bpi17,
699,8,SDFA_NAP_model,0.1,8,True,10,10,0.7886975533713803,0.8785303146617729,0.8264479078322963,0.7886975533713803,bpi17,
700,8,SDFA_NAP_model,0.2,8,True,10,10,0.8530602673853308,0.8976347295473581,0.8698531028216127,0.8530602673853308,bpi17,
701,8,SDFA_NAP_model,0.5,8,True,10,10,0.8205618526738533,0.8995028420201182,0.850717470226966,0.8205618526738533,bpi17,
702,8,SDFA_NAP_model,0.1,8,True,10,20,0.713009934474741,0.813335525612495,0.7476092704357916,0.713009934474741,bpi17,
703,8,SDFA_NAP_model,0.2,8,True,10,20,0.7618500317057705,0.8287764780465443,0.7891021502814075,0.7618500317057705,bpi17,
704,8,SDFA_NAP_model,0.5,8,True,10,20,0.7523482086239696,0.8202745894777709,0.7797469113239734,0.7523482086239696,bpi17,
705,8,SDFA_NAP_model,0.1,16,True,10,5,0.8705083491862186,0.9159118628666232,0.8879854371588821,0.8705083491862186,bpi17,
706,8,SDFA_NAP_model,0.2,16,True,10,5,0.8633283132530121,0.9089959305977864,0.8804301625863191,0.8633283132530121,bpi17,
707,8,SDFA_NAP_model,0.5,16,True,10,5,0.8245647061931938,0.9074396130849705,0.8562714823025093,0.8245647061931938,bpi17,
708,8,SDFA_NAP_model,0.1,16,True,10,10,0.8448630046501797,0.9121583975136064,0.8714471727592172,0.8448630046501797,bpi17,
709,8,SDFA_NAP_model,0.2,16,True,10,10,0.863978942084126,0.9079244634103588,0.8811899384497909,0.863978942084126,bpi17,
710,8,SDFA_NAP_model,0.5,16,True,10,10,0.8199277372648489,0.8940786057183386,0.8466347177979596,0.8199277372648489,bpi17,
711,8,SDFA_NAP_model,0.1,16,True,10,20,0.7995369636440499,0.8835174671114965,0.835452072156913,0.7995369636440499,bpi17,
712,8,SDFA_NAP_model,0.2,16,True,10,20,0.7591847653772986,0.8653629466739213,0.8012639254661266,0.7591847653772986,bpi17,
713,8,SDFA_NAP_model,0.5,16,True,10,20,0.7649908845909955,0.8654544444794247,0.8003377172674059,0.7649908845909955,bpi17,
714,8,SDFA_NAP_model,0.1,32,True,10,5,0.8387068008877616,0.9047293086976032,0.864947066030546,0.8387068008877616,bpi17,
715,8,SDFA_NAP_model,0.2,32,True,10,5,0.8649532339885859,0.9076723182747772,0.8815059302919916,0.8649532339885859,bpi17,
716,8,SDFA_NAP_model,0.5,32,True,10,5,0.8643521454238005,0.9083289573211728,0.8814097355834547,0.8643521454238005,bpi17,
717,8,SDFA_NAP_model,0.1,32,True,10,10,0.8499359279222152,0.919117015148652,0.8790284423132201,0.8499359279222152,bpi17,
718,8,SDFA_NAP_model,0.2,32,True,10,10,0.8588201490171211,0.9139054243727726,0.8819330580295177,0.8588201490171211,bpi17,
719,8,SDFA_NAP_model,0.5,32,True,10,10,0.866895212428662,0.910442457259275,0.8838357709024836,0.866895212428662,bpi17,
720,8,SDFA_NAP_model,0.1,32,True,10,20,0.8276890456563094,0.9004565638575911,0.8565098534307597,0.8276890456563094,bpi17,
721,8,SDFA_NAP_model,0.2,32,True,10,20,0.8428946047347284,0.8980058272005033,0.8661087225517814,0.8428946047347284,bpi17,
722,8,SDFA_NAP_model,0.5,32,True,10,20,0.8046825459733672,0.8770480144726406,0.8298294563562834,0.8046825459733672,bpi17,
723,8,NAP_model,0.5,8,False,10,5,0.8210968875502008,0.8786374182126736,0.843621824342594,0.8210968875502008,bpi17,
724,8,NAP_model,0.5,8,False,10,10,0.7937605685901501,0.9014218881239588,0.8319069887586499,0.7937605685901501,bpi17,
725,8,NAP_model,0.5,8,False,10,20,0.7693900602409639,0.8670924450584698,0.8072085812811675,0.7693900602409639,bpi17,
726,8,NAP_model,0.5,16,False,10,5,0.8274875819065737,0.9113824788552036,0.8598499418370593,0.8274875819065737,bpi17,
727,8,NAP_model,0.5,16,False,10,10,0.8263646692031283,0.909107132771492,0.858485049725254,0.8263646692031283,bpi17,
728,8,NAP_model,0.5,16,False,10,20,0.7261281969985204,0.8369761386591428,0.7643952076259592,0.7261281969985204,bpi17,
729,8,NAP_model,0.5,32,False,10,5,0.83875634115409,0.9053740706941802,0.8653874783332699,0.83875634115409,bpi17,
730,8,NAP_model,0.5,32,False,10,10,0.798205981822025,0.8964219248543883,0.8296464947494505,0.798205981822025,bpi17,
731,8,NAP_model,0.5,32,False,10,20,0.7878718822659058,0.8793736798380064,0.8155459326605169,0.7878718822659058,bpi17,
732,15,SDFA_NAP_model,0.1,8,True,10,5,0.8277782181357007,0.9121749167058408,0.8621638350922562,0.8277782181357007,bpi17,
733,15,SDFA_NAP_model,0.2,8,True,10,5,0.8511513157894737,0.908044160890502,0.87427946319144,0.8511513157894737,bpi17,
734,15,SDFA_NAP_model,0.5,8,True,10,5,0.8439712798562672,0.8991022868776103,0.8668769067266223,0.8439712798562672,bpi17,
735,15,SDFA_NAP_model,0.1,8,True,10,10,0.8224641989008666,0.9043089646266624,0.8535653813491142,0.8224641989008666,bpi17,
736,15,SDFA_NAP_model,0.2,8,True,10,10,0.793598737053477,0.9045725109993142,0.8351442860011568,0.793598737053477,bpi17,
737,15,SDFA_NAP_model,0.5,8,True,10,10,0.8484662333544705,0.8914915764268807,0.8651551715420627,0.8484662333544705,bpi17,
738,15,SDFA_NAP_model,0.1,8,True,10,20,0.7154241967871486,0.8227825642663393,0.7481376577425131,0.7154241967871486,bpi17,
739,56,SDFA_NAP_model,0.1,8,True,10,5,0.8730994852148929,0.9722921734458204,0.9158496715548972,0.8730994852148929,BPI20RequestForPayment,7.262122358474881
740,56,SDFA_NAP_model,0.2,8,True,10,5,0.9033880043098288,0.9819988516919442,0.9366840734547828,0.9033880043098288,BPI20RequestForPayment,7.999771529063582
741,56,SDFA_NAP_model,0.5,8,True,10,5,0.8726206153477792,0.9741714799454404,0.9153215162007448,0.8726206153477792,BPI20RequestForPayment,7.838215787615627
742,56,SDFA_NAP_model,0.1,8,True,10,10,0.8705854184125464,0.970421321541914,0.9130653145957762,0.8705854184125464,BPI20RequestForPayment,9.418493316834793
743,56,SDFA_NAP_model,0.2,8,True,10,10,0.90254998204238,0.981535118345993,0.9357446208379226,0.90254998204238,BPI20RequestForPayment,9.446386937331408
744,56,SDFA_NAP_model,0.5,8,True,10,10,0.8726206153477792,0.972283317771894,0.9147647367057868,0.8726206153477792,BPI20RequestForPayment,9.610198578983546
745,56,SDFA_NAP_model,0.1,8,True,10,20,0.8703459834789896,0.9716850404635748,0.9088302357620524,0.8703459834789896,BPI20RequestForPayment,10.569411012530328
746,56,SDFA_NAP_model,0.2,8,True,10,20,0.7485933197653538,0.9657739414874876,0.8207088383506562,0.7485933197653538,BPI20RequestForPayment,11.918760695913807
747,56,SDFA_NAP_model,0.5,8,True,10,20,0.5569256554531307,0.9401752135693224,0.6306314829301254,0.5569256554531307,BPI20RequestForPayment,11.99976776666008
748,56,SDFA_NAP_model,0.1,8,True,10,30,0.8443672931880761,0.938890461701952,0.8629339216923237,0.8443672931880761,BPI20RequestForPayment,11.71116237109527
749,56,SDFA_NAP_model,0.2,8,True,10,30,0.8720220280138872,0.9726260530269,0.9154673644226302,0.8720220280138872,BPI20RequestForPayment,11.120747850229964
750,56,SDFA_NAP_model,0.5,8,True,10,30,0.6352208787262061,0.9953606000788714,0.6895779961894971,0.6352208787262061,BPI20RequestForPayment,10.81801147912629
751,56,SDFA_NAP_model,0.1,16,True,10,5,0.906740093379624,0.9851634175794176,0.9404570363984706,0.906740093379624,BPI20RequestForPayment,8.569519083295017
752,56,SDFA_NAP_model,0.2,16,True,10,5,0.908176702980965,0.9857625031694444,0.9414680654195634,0.908176702980965,BPI20RequestForPayment,8.277303608320654
753,56,SDFA_NAP_model,0.5,16,True,10,5,0.908176702980965,0.9864630578466852,0.9417376551445774,0.908176702980965,BPI20RequestForPayment,8.392805462842807
754,56,SDFA_NAP_model,0.1,16,True,10,10,0.90554291871184,0.9841906590687092,0.939286286962466,0.90554291871184,BPI20RequestForPayment,11.38977722087875
755,56,SDFA_NAP_model,0.2,16,True,10,10,0.9056626361786184,0.983888940180395,0.939252331632001,0.9056626361786184,BPI20RequestForPayment,11.179395695915446
756,56,SDFA_NAP_model,0.5,16,True,10,10,0.9036274392433856,0.9818598401555482,0.9370321769358512,0.9036274392433856,BPI20RequestForPayment,10.460148970829325
757,56,SDFA_NAP_model,0.1,16,True,10,20,0.7518256913683706,0.997438626517895,0.8399612710191827,0.7518256913683706,BPI20RequestForPayment,10.878112062672152
758,56,SDFA_NAP_model,0.2,16,True,10,20,0.904944331377948,0.9829771155218088,0.9384077242788456,0.904944331377948,BPI20RequestForPayment,10.965019416855649
759,56,SDFA_NAP_model,0.5,16,True,10,20,0.7897761283371244,0.9577698869649874,0.8188623094628095,0.7897761283371244,BPI20RequestForPayment,11.647068254463374
760,56,SDFA_NAP_model,0.1,16,True,10,30,0.9053034837782832,0.9836551444901056,0.938745632706062,0.9053034837782832,BPI20RequestForPayment,11.164753283420575
761,56,SDFA_NAP_model,0.2,16,True,10,30,0.9054232012450616,0.984029408149744,0.9391297941221354,0.9054232012450616,BPI20RequestForPayment,10.9956663208548
762,56,SDFA_NAP_model,0.5,16,True,10,30,0.7907338680713516,0.9592723505042712,0.8201301064112861,0.7907338680713516,BPI20RequestForPayment,10.79753904188983
763,56,SDFA_NAP_model,0.1,32,True,10,5,0.9069795283131808,0.9843425770068648,0.9403179581068696,0.9069795283131808,BPI20RequestForPayment,8.410701220668852
764,56,SDFA_NAP_model,0.2,32,True,10,5,0.9066203759128456,0.9850278719212294,0.9403020613177056,0.9066203759128456,BPI20RequestForPayment,8.593060991354287
765,56,SDFA_NAP_model,0.5,32,True,10,5,0.9062612235125104,0.9841767867760952,0.939891707560288,0.9062612235125104,BPI20RequestForPayment,8.686639983486383
766,56,SDFA_NAP_model,0.1,32,True,10,10,0.9070992457799592,0.9851611800400216,0.940536932424388,0.9070992457799592,BPI20RequestForPayment,11.537241324782372
767,56,SDFA_NAP_model,0.2,32,True,10,10,0.9063809409792888,0.9850258355451832,0.9401405342225831,0.9063809409792888,BPI20RequestForPayment,11.35219683740288
768,56,SDFA_NAP_model,0.5,32,True,10,10,0.9060217885789535,0.9844387338907984,0.9397374353728568,0.9060217885789535,BPI20RequestForPayment,11.988345158053562
769,56,SDFA_NAP_model,0.1,32,True,10,20,0.8701065485454328,0.9398212119079408,0.8797391183901354,0.8701065485454328,BPI20RequestForPayment,11.169993420736864
770,56,SDFA_NAP_model,0.2,32,True,10,20,0.906740093379624,0.9854951062747492,0.940444774746078,0.906740093379624,BPI20RequestForPayment,10.888816478988156
771,56,SDFA_NAP_model,0.5,32,True,10,20,0.9060217885789535,0.98471395391532,0.9397267087148472,0.9060217885789535,BPI20RequestForPayment,10.750670045940206
772,56,SDFA_NAP_model,0.1,32,True,10,30,0.9072189632467376,0.9854005436177422,0.9407101055038782,0.9072189632467376,BPI20RequestForPayment,11.360180883388969
773,56,SDFA_NAP_model,0.2,32,True,10,30,0.9066203759128456,0.9853692049257378,0.940402974755311,0.9066203759128456,BPI20RequestForPayment,11.841873445827511
774,56,SDFA_NAP_model,0.5,32,True,10,30,0.9060217885789535,0.984720291241877,0.9397168296588916,0.9060217885789535,BPI20RequestForPayment,12.074355162726714
775,56,NAP_model,0.0,8,False,10,5,0.9027894169759368,0.9808278200700276,0.935963097323776,0.9027894169759368,BPI20RequestForPayment,7.485256124986336
776,56,NAP_model,0.0,8,False,10,10,0.880282533221597,0.9821000264468692,0.9228178396886092,0.880282533221597,BPI20RequestForPayment,9.907994875125588
777,56,NAP_model,0.0,8,False,10,20,0.7287202202801388,0.9972187363751536,0.8214491917552275,0.7287202202801388,BPI20RequestForPayment,11.722249058354643
778,56,NAP_model,0.0,8,False,10,30,0.9005147851071471,0.9790409930443438,0.9335206337332768,0.9005147851071471,BPI20RequestForPayment,11.611527466448024
779,56,NAP_model,0.0,16,False,10,5,0.9063809409792888,0.9840124370726016,0.9397753129045489,0.9063809409792888,BPI20RequestForPayment,8.30328145418316
780,56,NAP_model,0.0,16,False,10,10,0.906141506045732,0.9847838224961694,0.9399376746334938,0.906141506045732,BPI20RequestForPayment,11.870524179190395
781,56,NAP_model,0.0,16,False,10,20,0.906141506045732,0.984776228895621,0.9399158880638252,0.906141506045732,BPI20RequestForPayment,12.091832608310506
782,56,NAP_model,0.0,16,False,10,30,0.9045851789776128,0.98312014187915,0.9382641304417932,0.9045851789776128,BPI20RequestForPayment,13.505425624968485
783,56,NAP_model,0.0,32,False,10,5,0.906740093379624,0.9826858130925786,0.9392432342023534,0.906740093379624,BPI20RequestForPayment,9.954030387522652
784,56,NAP_model,0.0,32,False,10,10,0.906740093379624,0.9854864441569462,0.9405131591033956,0.906740093379624,BPI20RequestForPayment,14.033788554370403
785,56,NAP_model,0.0,32,False,10,20,0.9062612235125104,0.9849166570893866,0.9400365327089604,0.9062612235125104,BPI20RequestForPayment,13.828630116721616
786,56,NAP_model,0.0,32,False,10,30,0.7520651263019275,0.9976694354674568,0.8402612018568174,0.7520651263019275,BPI20RequestForPayment,14.362514833174648
787,8,SDFA_NAP_model,0.1,8,True,10,5,0.903148569376272,0.9816413173757524,0.9362739420852983,0.903148569376272,BPI20RequestForPayment,8.464559250278398
788,8,SDFA_NAP_model,0.2,8,True,10,5,0.9008739375074823,0.9796265537617144,0.9337553254029252,0.9008739375074823,BPI20RequestForPayment,8.016230779327453
789,8,SDFA_NAP_model,0.5,8,True,10,5,0.8832754698910571,0.983786815179526,0.9277790448027388,0.8832754698910571,BPI20RequestForPayment,7.467846454307437
790,8,SDFA_NAP_model,0.1,8,True,10,10,0.8723811804142224,0.974906228873,0.912138606260876,0.8723811804142224,BPI20RequestForPayment,10.214313891623169
791,8,SDFA_NAP_model,0.2,8,True,10,10,0.8801628157548186,0.9821784563251748,0.9227123740302476,0.8801628157548186,BPI20RequestForPayment,11.124241212569178
792,8,SDFA_NAP_model,0.5,8,True,10,10,0.9023105471088232,0.9803179945094882,0.9355667308834796,0.9023105471088232,BPI20RequestForPayment,11.892623075004668
793,8,SDFA_NAP_model,0.1,8,True,10,20,0.7659523524482222,0.9695102048881044,0.81866992818492,0.7659523524482222,BPI20RequestForPayment,10.892781429365275
794,8,SDFA_NAP_model,0.2,8,True,10,20,0.6329462468574165,0.9559558907373008,0.6693906793175853,0.6329462468574165,BPI20RequestForPayment,10.241398854320868
795,8,SDFA_NAP_model,0.5,8,True,10,20,0.8719023105471089,0.9531274689899204,0.9065225519291982,0.8719023105471089,BPI20RequestForPayment,11.260213920706883
796,8,SDFA_NAP_model,0.1,8,True,10,30,0.72488926134323,0.9937428297984192,0.8043304980614819,0.72488926134323,BPI20RequestForPayment,10.904124545678496
797,8,SDFA_NAP_model,0.2,8,True,10,30,0.6043337722973782,0.9627977055242918,0.699057949350826,0.6043337722973782,BPI20RequestForPayment,11.119133004220204
798,8,SDFA_NAP_model,0.5,8,True,10,30,0.8696276786783191,0.9724449114374027,0.9096861439075252,0.8696276786783191,BPI20RequestForPayment,15.519543591840192
799,8,SDFA_NAP_model,0.1,16,True,10,5,0.9082964204477432,0.9866367605883568,0.9418508104691332,0.9082964204477432,BPI20RequestForPayment,12.16554505424574
800,8,SDFA_NAP_model,0.2,16,True,10,5,0.9062612235125104,0.9844467534280354,0.939924470958968,0.9062612235125104,BPI20RequestForPayment,11.517659412650392
801,8,SDFA_NAP_model,0.5,16,True,10,5,0.9084161379145216,0.9867364949921588,0.9421046271528088,0.9084161379145216,BPI20RequestForPayment,11.092131521040574
802,8,SDFA_NAP_model,0.1,16,True,10,10,0.9066203759128456,0.9853666215640416,0.9403180895380772,0.9066203759128456,BPI20RequestForPayment,15.537766266521066
803,8,SDFA_NAP_model,0.2,16,True,10,10,0.9057823536453968,0.984314603130522,0.9394009860192648,0.9057823536453968,BPI20RequestForPayment,16.144157475046814
804,8,SDFA_NAP_model,0.5,16,True,10,10,0.90554291871184,0.9839318559340328,0.9391598201696336,0.90554291871184,BPI20RequestForPayment,15.20278207086958
805,8,SDFA_NAP_model,0.1,16,True,10,20,0.7505087992338082,0.9958112854386528,0.8385531632083408,0.7505087992338082,BPI20RequestForPayment,15.40317204594612
806,8,SDFA_NAP_model,0.2,16,True,10,20,0.8683107865437567,0.9385633526179396,0.8780250384486991,0.8683107865437567,BPI20RequestForPayment,15.446573187364264
807,8,SDFA_NAP_model,0.5,16,True,10,20,0.750149646833473,0.9954069519812746,0.8380538391872983,0.750149646833473,BPI20RequestForPayment,15.7551609209273
808,8,SDFA_NAP_model,0.1,16,True,10,30,0.7922901951394709,0.9608373847284328,0.821652837248977,0.7922901951394709,BPI20RequestForPayment,16.10077310842462
809,8,SDFA_NAP_model,0.2,16,True,10,30,0.9041063091104992,0.9826114247214136,0.9374018832110752,0.9041063091104992,BPI20RequestForPayment,15.835243333363906
810,8,SDFA_NAP_model,0.5,16,True,10,30,0.9048246139111696,0.9833332761624072,0.9384232179806796,0.9048246139111696,BPI20RequestForPayment,16.130278166709466
811,8,SDFA_NAP_model,0.1,32,True,10,5,0.9062612235125104,0.984283027402262,0.9398279738898448,0.9062612235125104,BPI20RequestForPayment,13.658779541635884
812,8,SDFA_NAP_model,0.2,32,True,10,5,0.9070992457799592,0.9848167072443992,0.940570310415643,0.9070992457799592,BPI20RequestForPayment,13.816048520989716
813,8,SDFA_NAP_model,0.5,32,True,10,5,0.9065006584460672,0.984776935559634,0.940195048529207,0.9065006584460672,BPI20RequestForPayment,13.25208795000799
814,8,SDFA_NAP_model,0.1,32,True,10,10,0.9068598108464024,0.9856234465081812,0.9406506266128332,0.9068598108464024,BPI20RequestForPayment,19.489438245724887
815,8,SDFA_NAP_model,0.2,32,True,10,10,0.9066203759128456,0.9853692049257378,0.940402974755311,0.9066203759128456,BPI20RequestForPayment,32.928221670771016
816,8,SDFA_NAP_model,0.5,32,True,10,10,0.9063809409792888,0.98509294475335,0.9400838295402684,0.9063809409792888,BPI20RequestForPayment,41.65422667087987
817,8,SDFA_NAP_model,0.1,32,True,10,20,0.906740093379624,0.9854957241216492,0.9405266746356632,0.906740093379624,BPI20RequestForPayment,41.764401928987354
818,8,SDFA_NAP_model,0.2,32,True,10,20,0.8638812402729559,0.9501327106976184,0.875414320738121,0.8638812402729559,BPI20RequestForPayment,43.15022227908484
819,8,SDFA_NAP_model,0.5,32,True,10,20,0.9056626361786184,0.9843381368149196,0.9391816331880036,0.9056626361786184,BPI20RequestForPayment,45.034482079185544
820,8,SDFA_NAP_model,0.1,32,True,10,30,0.9065006584460672,0.9852645701674714,0.940213654836656,0.9065006584460672,BPI20RequestForPayment,46.525094454269855
821,8,SDFA_NAP_model,0.2,32,True,10,30,0.9066203759128456,0.9853587217704138,0.9403892071262256,0.9066203759128456,BPI20RequestForPayment,46.38071091226302
822,8,SDFA_NAP_model,0.5,32,True,10,30,0.906141506045732,0.9848454230664492,0.9398533889153684,0.906141506045732,BPI20RequestForPayment,47.42731514163315
823,8,NAP_model,0.0,8,False,10,5,0.8824374476236083,0.9839099864582554,0.9260977816839034,0.8824374476236083,BPI20RequestForPayment,28.70907148336992
824,8,NAP_model,0.0,8,False,10,10,0.9014725248413744,0.9807023570668686,0.9349063213051032,0.9014725248413744,BPI20RequestForPayment,37.54507481660694
825,8,NAP_model,0.0,8,False,10,20,0.9018316772417097,0.9801161944941934,0.9349678798808916,0.9018316772417097,BPI20RequestForPayment,39.59942404162139
826,8,NAP_model,0.0,8,False,10,30,0.9027894169759368,0.9811621570012996,0.9359408171934724,0.9027894169759368,BPI20RequestForPayment,39.94877449595369
827,8,NAP_model,0.0,16,False,10,5,0.9076978331138512,0.9841297785288772,0.940397703291529,0.9076978331138512,BPI20RequestForPayment,31.195779033284634
828,8,NAP_model,0.0,16,False,10,10,0.9050640488447264,0.9835458603894454,0.9386589798188744,0.9050640488447264,BPI20RequestForPayment,43.316867941757664
829,8,NAP_model,0.0,16,False,10,20,0.7515862564348138,0.9967216666148244,0.839758088231332,0.7515862564348138,BPI20RequestForPayment,40.7364785711281
830,8,NAP_model,0.0,16,False,10,30,0.9044654615108344,0.9829329114036288,0.9379540045073048,0.9044654615108344,BPI20RequestForPayment,46.44111954178661
831,8,NAP_model,0.0,32,False,10,5,0.9059020711121752,0.9831855154258023,0.9391767447696726,0.9059020711121752,BPI20RequestForPayment,35.35785071654245
832,8,NAP_model,0.0,32,False,10,10,0.906141506045732,0.9846744467642078,0.9398895418324866,0.906141506045732,BPI20RequestForPayment,44.98823463320732
833,8,NAP_model,0.0,32,False,10,20,0.9065006584460672,0.9852322025745026,0.9402655072458737,0.9065006584460672,BPI20RequestForPayment,49.244942533271384
834,8,NAP_model,0.0,32,False,10,30,0.9065006584460672,0.9852650306192666,0.940200423679646,0.9065006584460672,BPI20RequestForPayment,45.531057566730304
835,15,SDFA_NAP_model,0.1,8,True,10,5,0.9063809409792888,0.9844711777344444,0.9397442431363152,0.9063809409792888,BPI20RequestForPayment,31.084826229093597
836,15,SDFA_NAP_model,0.2,8,True,10,5,0.7485933197653538,0.9928139787994528,0.8359822030355664,0.7485933197653538,BPI20RequestForPayment,30.96905834148638
837,15,SDFA_NAP_model,0.5,8,True,10,5,0.8721417454806656,0.9728376402583326,0.9151776779208036,0.8721417454806656,BPI20RequestForPayment,30.96463078330271
838,15,SDFA_NAP_model,0.1,8,True,10,10,0.8473602298575362,0.9246167769074072,0.8646152212606635,0.8473602298575362,BPI20RequestForPayment,42.353839783137666
839,15,SDFA_NAP_model,0.2,8,True,10,10,0.8988387405722494,0.97776966571474,0.9313831113979004,0.8988387405722494,BPI20RequestForPayment,38.067979683354494
840,15,SDFA_NAP_model,0.5,8,True,10,10,0.8982401532383575,0.9767833182192792,0.9309985808437902,0.8982401532383575,BPI20RequestForPayment,41.37903549987823
841,15,SDFA_NAP_model,0.1,8,True,10,20,0.726086436011014,0.8188193320622921,0.7659025922566057,0.726086436011014,BPI20RequestForPayment,42.127561687678096
842,15,SDFA_NAP_model,0.2,8,True,10,20,0.7147132766670657,0.9694991382659306,0.8063790659271944,0.7147132766670657,BPI20RequestForPayment,43.370667066797616
843,15,SDFA_NAP_model,0.5,8,True,10,20,0.6464743206033761,0.9504077334802924,0.701810984786141,0.6464743206033761,BPI20RequestForPayment,44.09322713334113
844,15,SDFA_NAP_model,0.1,8,True,10,30,0.8824374476236083,0.9842165738549542,0.9262208046489008,0.8824374476236083,BPI20RequestForPayment,43.11169452080503
845,15,SDFA_NAP_model,0.2,8,True,10,30,0.8815994253561594,0.9834007945754129,0.9249787906535488,0.8815994253561594,BPI20RequestForPayment,43.71062103318982
846,15,SDFA_NAP_model,0.5,8,True,10,30,0.6796360589009937,0.940564037354069,0.7367828183755007,0.6796360589009937,BPI20RequestForPayment,46.726332562603055
847,15,SDFA_NAP_model,0.1,16,True,10,5,0.9082964204477432,0.986349063580854,0.9419034511730408,0.9082964204477432,BPI20RequestForPayment,32.86196229173802
848,15,SDFA_NAP_model,0.2,16,True,10,5,0.9060217885789535,0.9838749859280774,0.9395904837674768,0.9060217885789535,BPI20RequestForPayment,34.965073191700505
849,15,SDFA_NAP_model,0.5,16,True,10,5,0.9065006584460672,0.9848324366876386,0.9402320932578744,0.9065006584460672,BPI20RequestForPayment,30.74652618742548
850,15,SDFA_NAP_model,0.1,16,True,10,10,0.9036274392433856,0.9821895190493222,0.9369699910911952,0.9036274392433856,BPI20RequestForPayment,42.7321733457502
851,15,SDFA_NAP_model,0.2,16,True,10,10,0.9059020711121752,0.9845250061232016,0.939558277799492,0.9059020711121752,BPI20RequestForPayment,43.83223722949624
852,15,SDFA_NAP_model,0.5,16,True,10,10,0.9060217885789535,0.9845825337207692,0.9396894584507688,0.9060217885789535,BPI20RequestForPayment,43.04452076246962
853,15,SDFA_NAP_model,0.1,16,True,10,20,0.9053034837782832,0.983656331927772,0.9388835159077528,0.9053034837782832,BPI20RequestForPayment,44.20157519988716
854,15,SDFA_NAP_model,0.2,16,True,10,20,0.9036274392433856,0.9821567928878658,0.936901458428644,0.9036274392433856,BPI20RequestForPayment,44.64090909142978
855,15,SDFA_NAP_model,0.5,16,True,10,20,0.749551059499581,0.9949969517950372,0.8260215337538227,0.749551059499581,BPI20RequestForPayment,44.75115027488209
856,15,SDFA_NAP_model,0.1,16,True,10,30,0.7927690650065845,0.961269875310459,0.8219588172228741,0.7927690650065845,BPI20RequestForPayment,43.117762391828
857,15,SDFA_NAP_model,0.2,16,True,10,30,0.8677121992098648,0.9371444812155644,0.87725098087613,0.8677121992098648,BPI20RequestForPayment,42.95412318734452
858,15,SDFA_NAP_model,0.5,16,True,10,30,0.8677121992098648,0.9378129264473052,0.8770422981654189,0.8677121992098648,BPI20RequestForPayment,43.33082708735019
859,15,SDFA_NAP_model,0.1,32,True,10,5,0.9065006584460672,0.984776935559634,0.940195048529207,0.9065006584460672,BPI20RequestForPayment,44.65500269983895
860,15,SDFA_NAP_model,0.2,32,True,10,5,0.9080569855141866,0.9846251904218204,0.9408192150692276,0.9080569855141866,BPI20RequestForPayment,37.08158314167522
861,15,SDFA_NAP_model,0.5,32,True,10,5,0.9059020711121752,0.9832364028537816,0.9393277966169824,0.9059020711121752,BPI20RequestForPayment,37.00437292079441
862,15,SDFA_NAP_model,0.1,32,True,10,10,0.9066203759128456,0.9847509116719024,0.9400272675852824,0.9066203759128456,BPI20RequestForPayment,47.83046043305658
863,15,SDFA_NAP_model,0.2,32,True,10,10,0.906740093379624,0.9853384384549184,0.9404695348286112,0.906740093379624,BPI20RequestForPayment,50.57277956251055
864,15,SDFA_NAP_model,0.5,32,True,10,10,0.9066203759128456,0.9849171443657349,0.940406899931024,0.9066203759128456,BPI20RequestForPayment,48.430848758108915
865,15,SDFA_NAP_model,0.1,32,True,10,20,0.9072189632467376,0.9853698147463056,0.9407125940600076,0.9072189632467376,BPI20RequestForPayment,48.49256178746
866,15,SDFA_NAP_model,0.2,32,True,10,20,0.9065006584460672,0.9852326591413192,0.9402716954708842,0.9065006584460672,BPI20RequestForPayment,53.332609904417765
867,15,SDFA_NAP_model,0.5,32,True,10,20,0.90554291871184,0.984186936369858,0.9393134880980912,0.90554291871184,BPI20RequestForPayment,48.36107416655868
868,15,SDFA_NAP_model,0.1,32,True,10,30,0.9069795283131808,0.9857913926059538,0.9406707244459774,0.9069795283131808,BPI20RequestForPayment,47.610627591563386
869,15,SDFA_NAP_model,0.2,32,True,10,30,0.906740093379624,0.9854579854400504,0.9405159790258856,0.906740093379624,BPI20RequestForPayment,50.02735123760067
870,15,SDFA_NAP_model,0.5,32,True,10,30,0.9054232012450616,0.9840946582715364,0.9390522950583234,0.9054232012450616,BPI20RequestForPayment,48.81443890840747
871,15,NAP_model,0.0,8,False,10,5,0.9006345025739255,0.9794756227730174,0.9335468678656342,0.9006345025739255,BPI20RequestForPayment,28.18357481677085
872,15,NAP_model,0.0,8,False,10,10,0.8827966000239434,0.9849112245484823,0.925820739802311,0.8827966000239434,BPI20RequestForPayment,37.829280137550086
873,15,NAP_model,0.0,8,False,10,20,0.8339518735783551,0.9228089514115518,0.8526777264670724,0.8339518735783551,BPI20RequestForPayment,37.454142379155385
874,15,NAP_model,0.0,8,False,10,30,0.8806416856219322,0.9827395024126216,0.923323001428367,0.8806416856219322,BPI20RequestForPayment,37.872124729072674
875,15,NAP_model,0.0,16,False,10,5,0.9080569855141866,0.986046344933015,0.9416399391908749,0.9080569855141866,BPI20RequestForPayment,28.596464604046197
876,15,NAP_model,0.0,16,False,10,10,0.9053034837782832,0.9838992012670672,0.9388415673916828,0.9053034837782832,BPI20RequestForPayment,39.282034208485854
877,15,NAP_model,0.0,16,False,10,20,0.9038668741769424,0.9822075531332276,0.9372963975528864,0.9038668741769424,BPI20RequestForPayment,38.89878449579701
878,15,NAP_model,0.0,16,False,10,30,0.9056626361786184,0.984113331785484,0.9393609919612744,0.9056626361786184,BPI20RequestForPayment,40.99770239992067
879,15,NAP_model,0.0,32,False,10,5,0.9084161379145216,0.98681139183931,0.9420688991119244,0.9084161379145216,BPI20RequestForPayment,34.239935487369074
880,15,NAP_model,0.0,32,False,10,10,0.906740093379624,0.9851101255893244,0.9405125118920612,0.906740093379624,BPI20RequestForPayment,45.31201488305815
881,15,NAP_model,0.0,32,False,10,20,0.9066203759128456,0.985337676589852,0.9403880668550616,0.9066203759128456,BPI20RequestForPayment,48.479686725139615
882,15,NAP_model,0.0,32,False,10,30,0.9063809409792888,0.9851006776428426,0.9400878199768732,0.9063809409792888,BPI20RequestForPayment,45.72658194988035
883,76,SDFA_NAP_model,0.1,8,True,10,5,0.90554291871184,0.9840661768767902,0.9389439472622466,0.90554291871184,BPI20RequestForPayment,31.67888477919623
884,76,SDFA_NAP_model,0.2,8,True,10,5,0.900754220040704,0.9795206306942006,0.9337942332426912,0.900754220040704,BPI20RequestForPayment,31.668887199787424
885,76,SDFA_NAP_model,0.5,8,True,10,5,0.8845923620256195,0.9866397141000944,0.927810813418219,0.8845923620256195,BPI20RequestForPayment,29.104976816708223
886,76,SDFA_NAP_model,0.1,8,True,10,10,0.9072189632467376,0.985384220147,0.9408780393795858,0.9072189632467376,BPI20RequestForPayment,39.32078411681577
887,76,SDFA_NAP_model,0.2,8,True,10,10,0.8811205554890459,0.9828608623370269,0.9246276001363322,0.8811205554890459,BPI20RequestForPayment,37.50711644156836
888,76,SDFA_NAP_model,0.5,8,True,10,10,0.8804022506883754,0.982341513281188,0.921743220800384,0.8804022506883754,BPI20RequestForPayment,38.91075561256148
889,76,SDFA_NAP_model,0.1,8,True,10,20,0.9012330899078176,0.9800497888228974,0.9345424363462256,0.9012330899078176,BPI20RequestForPayment,39.74534042091109
890,76,SDFA_NAP_model,0.2,8,True,10,20,0.7160301688016282,0.9842715739072126,0.7985140395945953,0.7160301688016282,BPI20RequestForPayment,40.74756034580059
891,76,SDFA_NAP_model,0.5,8,True,10,20,0.7160301688016282,0.985598882065973,0.8009535428612036,0.7160301688016282,BPI20RequestForPayment,40.005231437645854
892,76,SDFA_NAP_model,0.1,8,True,10,30,0.8066562911528792,0.937095790981109,0.8296610356023791,0.8066562911528792,BPI20RequestForPayment,40.985716841602695
893,76,SDFA_NAP_model,0.2,8,True,10,30,0.7441637734945529,0.9893503428502348,0.8194747467719908,0.7441637734945529,BPI20RequestForPayment,39.73699382916093
894,76,SDFA_NAP_model,0.5,8,True,10,30,0.8801628157548186,0.98222623605332,0.922661309883875,0.8801628157548186,BPI20RequestForPayment,40.689813520852475
895,76,SDFA_NAP_model,0.1,16,True,10,5,0.9079372680474082,0.9861488197010908,0.9415099835699254,0.9079372680474082,BPI20RequestForPayment,32.95995802469552
896,76,SDFA_NAP_model,0.2,16,True,10,5,0.9065006584460672,0.984831634560558,0.940252609389683,0.9065006584460672,BPI20RequestForPayment,30.518484891438856
897,76,SDFA_NAP_model,0.5,16,True,10,5,0.9074583981802944,0.9857051514028968,0.9410052027714304,0.9074583981802944,BPI20RequestForPayment,34.152290428895505
898,76,SDFA_NAP_model,0.1,16,True,10,10,0.9036274392433856,0.9820062011030956,0.9369338804746166,0.9036274392433856,BPI20RequestForPayment,43.34443599586375
899,76,SDFA_NAP_model,0.2,16,True,10,10,0.9057823536453968,0.9840469458522696,0.9394286952386224,0.9057823536453968,BPI20RequestForPayment,40.110192004032434
900,76,SDFA_NAP_model,0.5,16,True,10,10,0.9035077217766072,0.9816373855598504,0.937103116728308,0.9035077217766072,BPI20RequestForPayment,44.127761020651086
901,76,SDFA_NAP_model,0.1,16,True,10,20,0.8685502214773135,0.9387412816725584,0.8782086463718316,0.8685502214773135,BPI20RequestForPayment,41.11521733738482
902,76,SDFA_NAP_model,0.2,16,True,10,20,0.90554291871184,0.9840486158757736,0.9392500446731352,0.90554291871184,BPI20RequestForPayment,44.56299762926064
903,76,SDFA_NAP_model,0.5,16,True,10,20,0.8668741769424159,0.9373442412422004,0.8762637811111338,0.8668741769424159,BPI20RequestForPayment,41.25582207115367
904,76,SDFA_NAP_model,0.1,16,True,10,30,0.9048246139111696,0.9833250295952404,0.9383837498683548,0.9048246139111696,BPI20RequestForPayment,41.79816949595697
905,76,SDFA_NAP_model,0.2,16,True,10,30,0.5809888662755897,0.9234590615448304,0.5943408653115263,0.5809888662755897,BPI20RequestForPayment,40.382654616516085
906,76,SDFA_NAP_model,0.5,16,True,10,30,0.9042260265772776,0.9827964815185176,0.9377901507111572,0.9042260265772776,BPI20RequestForPayment,42.9614912956953
907,76,SDFA_NAP_model,0.1,32,True,10,5,0.9063809409792888,0.9842767350527478,0.9400142062811638,0.9063809409792888,BPI20RequestForPayment,33.23972822092473
908,76,SDFA_NAP_model,0.2,32,True,10,5,0.9068598108464024,0.9843620791450548,0.9401395595858336,0.9068598108464024,BPI20RequestForPayment,15.68206399544142
909,76,SDFA_NAP_model,0.5,32,True,10,5,0.9065006584460672,0.9845937593879762,0.9400949414448508,0.9065006584460672,BPI20RequestForPayment,12.871402791654692
910,76,SDFA_NAP_model,0.1,32,True,10,10,0.9065006584460672,0.9852177525008168,0.9402595819434,0.9065006584460672,BPI20RequestForPayment,17.046453670738266
911,76,SDFA_NAP_model,0.2,32,True,10,10,0.9068598108464024,0.9856230290935892,0.9406504842897078,0.9068598108464024,BPI20RequestForPayment,17.60049265823327
912,76,SDFA_NAP_model,0.5,32,True,10,10,0.9050640488447264,0.9836657743729336,0.938756348956218,0.9050640488447264,BPI20RequestForPayment,18.20968110403046
913,76,SDFA_NAP_model,0.1,32,True,10,20,0.9060217885789535,0.9846040437606036,0.9396819655707532,0.9060217885789535,BPI20RequestForPayment,17.9411469001323
914,76,SDFA_NAP_model,0.2,32,True,10,20,0.906740093379624,0.9854856420298655,0.9405434367283964,0.906740093379624,BPI20RequestForPayment,18.04708100836724
915,76,SDFA_NAP_model,0.5,32,True,10,20,0.9066203759128456,0.985349036629542,0.9403887123643392,0.9066203759128456,BPI20RequestForPayment,17.383055820968004
916,76,SDFA_NAP_model,0.1,32,True,10,30,0.9068598108464024,0.9856232623274636,0.9406636733219952,0.9068598108464024,BPI20RequestForPayment,18.194366441713647
917,76,SDFA_NAP_model,0.2,32,True,10,30,0.906740093379624,0.985486566843364,0.9405297554154536,0.906740093379624,BPI20RequestForPayment,17.47995657939464
918,76,SDFA_NAP_model,0.5,32,True,10,30,0.8641206752065126,0.950793001765246,0.8760195473387724,0.8641206752065126,BPI20RequestForPayment,18.37738643330522
919,76,NAP_model,0.0,8,False,10,5,0.901951394708488,0.9807897558724864,0.9351516493655252,0.901951394708488,BPI20RequestForPayment,10.065329333627597
920,76,NAP_model,0.0,8,False,10,10,0.8820782952232731,0.9838783287458148,0.9248246731822656,0.8820782952232731,BPI20RequestForPayment,13.939878866681829
921,76,NAP_model,0.0,8,False,10,20,0.8904585178977613,0.9688379996459692,0.9231391105817304,0.8904585178977613,BPI20RequestForPayment,15.052640791563316
922,76,NAP_model,0.0,8,False,10,30,0.7469172752304561,0.991447992128914,0.834944549156461,0.7469172752304561,BPI20RequestForPayment,13.654155629128216
923,76,NAP_model,0.0,16,False,10,5,0.9085358553813,0.9866076025053864,0.942219119669152,0.9085358553813,BPI20RequestForPayment,9.358084225049245
924,76,NAP_model,0.0,16,False,10,10,0.9059020711121752,0.9844339841643176,0.9396257602647043,0.9059020711121752,BPI20RequestForPayment,12.147645325027408
925,76,NAP_model,0.0,16,False,10,20,0.9050640488447264,0.983564499274048,0.9386948477244462,0.9050640488447264,BPI20RequestForPayment,11.699535000137985
926,76,NAP_model,0.0,16,False,10,30,0.9066203759128456,0.9849640284392632,0.9403849681113114,0.9066203759128456,BPI20RequestForPayment,12.055400729039684
927,76,NAP_model,0.0,32,False,10,5,0.908176702980965,0.9840460985733652,0.9406502331385508,0.908176702980965,BPI20RequestForPayment,8.90658561666496
928,76,NAP_model,0.0,32,False,10,10,0.9065006584460672,0.9852650306192666,0.940200423679646,0.9065006584460672,BPI20RequestForPayment,12.33567504999228
929,76,NAP_model,0.0,32,False,10,20,0.9068598108464024,0.9856507971333702,0.9406257628061688,0.9068598108464024,BPI20RequestForPayment,12.507449462264775
930,76,NAP_model,0.0,32,False,10,30,0.907338680713516,0.9854874468157968,0.9408133287869902,0.907338680713516,BPI20RequestForPayment,12.749348754435776
931,23,SDFA_NAP_model,0.1,8,True,10,5,0.8844726445588411,0.9865595137699787,0.9255678670522162,0.8844726445588411,BPI20RequestForPayment,8.96551927914843
932,23,SDFA_NAP_model,0.2,8,True,10,5,0.907338680713516,0.9856229724995968,0.9408556340504076,0.907338680713516,BPI20RequestForPayment,10.229905883362516
933,23,SDFA_NAP_model,0.5,8,True,10,5,0.8830360349575003,0.9849023314736948,0.9256221419366047,0.8830360349575003,BPI20RequestForPayment,9.666226166905837
934,23,SDFA_NAP_model,0.1,8,True,10,10,0.9012330899078176,0.980057282868636,0.93437621887642,0.9012330899078176,BPI20RequestForPayment,12.261873862380162
935,23,SDFA_NAP_model,0.2,8,True,10,10,0.900754220040704,0.979788724965101,0.9338607496261806,0.900754220040704,BPI20RequestForPayment,12.937341658351944
936,23,SDFA_NAP_model,0.5,8,True,10,10,0.8810008380222675,0.9831026213740512,0.924492725523652,0.8810008380222675,BPI20RequestForPayment,13.374627737654372
937,23,SDFA_NAP_model,0.1,8,True,10,20,0.8823177301568299,0.984333057036582,0.9234213808023064,0.8823177301568299,BPI20RequestForPayment,13.676310837548224
938,23,SDFA_NAP_model,0.2,8,True,10,20,0.7102837303962648,0.947638378724138,0.7695463000226063,0.7102837303962648,BPI20RequestForPayment,13.380470591550694
939,23,SDFA_NAP_model,0.5,8,True,10,20,0.6037351849634862,0.946719727623001,0.6538798114290372,0.6037351849634862,BPI20RequestForPayment,13.319491974916309
940,23,SDFA_NAP_model,0.1,8,True,10,30,0.5034119478031844,0.9773702240008524,0.583176582634084,0.5034119478031844,BPI20RequestForPayment,14.570635162293913
941,23,SDFA_NAP_model,0.2,8,True,10,30,0.8347898958458039,0.926286973388498,0.8507808890294491,0.8347898958458039,BPI20RequestForPayment,14.288369087781756
942,23,SDFA_NAP_model,0.5,8,True,10,30,0.8420926613192865,0.933111997913891,0.8610707560636001,0.8420926613192865,BPI20RequestForPayment,12.997460529208183
943,23,SDFA_NAP_model,0.1,16,True,10,5,0.908176702980965,0.9862405709094774,0.9417066995673892,0.908176702980965,BPI20RequestForPayment,10.116683695930988
944,23,SDFA_NAP_model,0.2,16,True,10,5,0.908176702980965,0.9864806081090194,0.9417998975611492,0.908176702980965,BPI20RequestForPayment,11.097693683300168
945,23,SDFA_NAP_model,0.5,16,True,10,5,0.9085358553813,0.9867094391549528,0.9422577466988136,0.9085358553813,BPI20RequestForPayment,11.20861254981719
946,23,SDFA_NAP_model,0.1,16,True,10,10,0.9063809409792888,0.984733233234442,0.940156127629914,0.9063809409792888,BPI20RequestForPayment,15.764904537471011
947,23,SDFA_NAP_model,0.2,16,True,10,10,0.9051837663115048,0.9837489694160372,0.9387989928801682,0.9051837663115048,BPI20RequestForPayment,15.48242382905446
948,23,SDFA_NAP_model,0.5,16,True,10,10,0.866634742008859,0.9352859061822664,0.8759555468345738,0.866634742008859,BPI20RequestForPayment,14.819764487538489
949,23,SDFA_NAP_model,0.1,16,True,10,20,0.9060217885789535,0.9847203999854712,0.9396883956529504,0.9060217885789535,BPI20RequestForPayment,16.568430533260106
950,23,SDFA_NAP_model,0.2,16,True,10,20,0.9056626361786184,0.9843813036360558,0.9394186036443378,0.9056626361786184,BPI20RequestForPayment,16.113693945808336
951,23,SDFA_NAP_model,0.5,16,True,10,20,0.6013408356279181,0.9146104571842258,0.613962061401172,0.6013408356279181,BPI20RequestForPayment,15.734574099909514
952,23,SDFA_NAP_model,0.1,16,True,10,30,0.9059020711121752,0.984570308769192,0.9395293611582692,0.9059020711121752,BPI20RequestForPayment,15.638455400103703
953,23,SDFA_NAP_model,0.2,16,True,10,30,0.9057823536453968,0.9842860474103484,0.939479887072508,0.9057823536453968,BPI20RequestForPayment,15.870812312699854
954,23,SDFA_NAP_model,0.5,16,True,10,30,0.903148569376272,0.981743323707144,0.9363751664042388,0.903148569376272,BPI20RequestForPayment,15.842187191406264
955,23,SDFA_NAP_model,0.1,32,True,10,5,0.906141506045732,0.9823393032893304,0.9387781273049997,0.906141506045732,BPI20RequestForPayment,12.343634941708295
956,23,SDFA_NAP_model,0.2,32,True,10,5,0.9063809409792888,0.9827766893205568,0.9392464501413528,0.9063809409792888,BPI20RequestForPayment,12.507953424891458
957,23,SDFA_NAP_model,0.5,32,True,10,5,0.9084161379145216,0.98681139183931,0.9420688991119244,0.9084161379145216,BPI20RequestForPayment,11.97222228324972
958,23,SDFA_NAP_model,0.1,32,True,10,10,0.9070992457799592,0.9856112098458194,0.9408719699020932,0.9070992457799592,BPI20RequestForPayment,14.600884433276953
959,23,SDFA_NAP_model,0.2,32,True,10,10,0.9060217885789535,0.984720291241877,0.9397168296588916,0.9060217885789535,BPI20RequestForPayment,14.315990696242078
960,23,SDFA_NAP_model,0.5,32,True,10,10,0.9063809409792888,0.9848862007402368,0.940045740863884,0.9063809409792888,BPI20RequestForPayment,14.936506350059062
961,23,SDFA_NAP_model,0.1,32,True,10,20,0.907338680713516,0.9855450699721168,0.9408171754305024,0.907338680713516,BPI20RequestForPayment,15.095712887635454
962,23,SDFA_NAP_model,0.2,32,True,10,20,0.9063809409792888,0.9851006776428426,0.9400878199768732,0.9063809409792888,BPI20RequestForPayment,14.830558316688984
963,23,SDFA_NAP_model,0.5,32,True,10,20,0.90554291871184,0.9841823872811102,0.9391124171305876,0.90554291871184,BPI20RequestForPayment,15.211183595936744
964,23,SDFA_NAP_model,0.1,32,True,10,30,0.906141506045732,0.9848313838484836,0.9398965576606922,0.906141506045732,BPI20RequestForPayment,15.052947929129004
965,23,SDFA_NAP_model,0.2,32,True,10,30,0.9068598108464024,0.9856234465081812,0.9406506266128332,0.9068598108464024,BPI20RequestForPayment,15.312376429326832
966,23,SDFA_NAP_model,0.5,32,True,10,30,0.8690290913444272,0.9390074972682196,0.8786611026011251,0.8690290913444272,BPI20RequestForPayment,14.523965424997732
967,23,NAP_model,0.0,8,False,10,5,0.9068598108464024,0.9852421733967808,0.940453947222186,0.9068598108464024,BPI20RequestForPayment,8.71874120850116
968,23,NAP_model,0.0,8,False,10,10,0.9036274392433856,0.9817535649031915,0.9371165485758458,0.9036274392433856,BPI20RequestForPayment,12.17896131267771
969,23,NAP_model,0.0,8,False,10,20,0.7568538249730635,0.9796243515980988,0.831117477357363,0.7568538249730635,BPI20RequestForPayment,11.694975212449208
970,23,NAP_model,0.0,8,False,10,30,0.903747156710164,0.9819503288966294,0.9374859510499072,0.903747156710164,BPI20RequestForPayment,12.239849754003808
971,23,NAP_model,0.0,16,False,10,5,0.9084161379145216,0.9865902098379888,0.9421239094770538,0.9084161379145216,BPI20RequestForPayment,9.007232020935044
972,23,NAP_model,0.0,16,False,10,10,0.9044654615108344,0.9826832467423592,0.9378807153024762,0.9044654615108344,BPI20RequestForPayment,12.695819954387844
973,23,NAP_model,0.0,16,False,10,20,0.9063809409792888,0.9841013373358052,0.9398679340900732,0.9063809409792888,BPI20RequestForPayment,13.116535195801408
974,23,NAP_model,0.0,16,False,10,30,0.9044654615108344,0.9831794350725378,0.938016542722084,0.9044654615108344,BPI20RequestForPayment,13.403939379099755
975,23,NAP_model,0.0,32,False,10,5,0.9092541601819706,0.9870840360705092,0.9426775762861054,0.9092541601819706,BPI20RequestForPayment,10.067480045789852
976,23,NAP_model,0.0,32,False,10,10,0.9070992457799592,0.9852298867292252,0.940584511168764,0.9070992457799592,BPI20RequestForPayment,14.243988424958662
977,23,NAP_model,0.0,32,False,10,20,0.9066203759128456,0.9847853580602232,0.9402234550531828,0.9066203759128456,BPI20RequestForPayment,14.429044812498612
978,23,NAP_model,0.0,32,False,10,30,0.7529031485693762,0.9980319356461692,0.8408375969805442,0.7529031485693762,BPI20RequestForPayment,14.14325067065656
979,56,SDFA_NAP_model,0.1,8,True,10,5,0.6808276872367698,0.8994190214777286,0.7545614148032118,0.6808276872367698,BPI20PrepaidTravelCosts,4.7071425332687795
980,56,SDFA_NAP_model,0.2,8,True,10,5,0.6454861746932796,0.9131141910923292,0.711921793051881,0.6454861746932796,BPI20PrepaidTravelCosts,4.886009270651266
981,56,SDFA_NAP_model,0.5,8,True,10,5,0.2821827504120124,0.6711254365555166,0.3791338167087296,0.2821827504120124,BPI20PrepaidTravelCosts,5.0214512917213145
982,56,SDFA_NAP_model,0.1,8,True,10,10,0.615088811572972,0.9140558215799416,0.6954927362273184,0.615088811572972,BPI20PrepaidTravelCosts,7.074292370956391
983,56,SDFA_NAP_model,0.2,8,True,10,10,0.5541109686870537,0.9426672420684914,0.659582363568583,0.5541109686870537,BPI20PrepaidTravelCosts,7.710765529656783
984,56,SDFA_NAP_model,0.5,8,True,10,10,0.2827321003479216,0.9437081731849722,0.4232191192179663,0.2827321003479216,BPI20PrepaidTravelCosts,7.1102513709105555
985,56,SDFA_NAP_model,0.1,8,True,10,20,0.6062992125984252,0.9287891086791318,0.691626703728806,0.6062992125984252,BPI20PrepaidTravelCosts,7.971656737243757
986,56,SDFA_NAP_model,0.2,8,True,10,20,0.5938472807178172,0.8935419814548016,0.6970968889831334,0.5938472807178172,BPI20PrepaidTravelCosts,8.287795225111768
987,56,SDFA_NAP_model,0.5,8,True,10,20,0.2266984068851858,0.8828306839051121,0.2721114827708396,0.2266984068851858,BPI20PrepaidTravelCosts,8.274711687397211
988,56,SDFA_NAP_model,0.1,8,True,10,30,0.4894707928950741,0.8851972790605873,0.6092284494619701,0.4894707928950741,BPI20PrepaidTravelCosts,8.46517158318311
989,56,SDFA_NAP_model,0.2,8,True,10,30,0.4237319172312763,0.90750050917309,0.5254096038218341,0.4237319172312763,BPI20PrepaidTravelCosts,8.722045133356005
990,56,SDFA_NAP_model,0.5,8,True,10,30,0.3678813404138436,0.9824557907296958,0.5036513577525653,0.3678813404138436,BPI20PrepaidTravelCosts,8.835392429167404
991,56,SDFA_NAP_model,0.1,16,True,10,5,0.8247573704449734,0.9422314418252716,0.8666009074829747,0.8247573704449734,BPI20PrepaidTravelCosts,5.3215487083885815
992,56,SDFA_NAP_model,0.2,16,True,10,5,0.8302508698040652,0.9307436609679022,0.8674315914830607,0.8302508698040652,BPI20PrepaidTravelCosts,5.355514645762741
993,56,SDFA_NAP_model,0.5,16,True,10,5,0.7919794909357261,0.9374977718951932,0.8448607994042561,0.7919794909357261,BPI20PrepaidTravelCosts,5.225728083169088
994,56,SDFA_NAP_model,0.1,16,True,10,10,0.7956418238417872,0.9425008967364936,0.8473441488776442,0.7956418238417872,BPI20PrepaidTravelCosts,8.218615891598166
995,56,SDFA_NAP_model,0.2,16,True,10,10,0.7978392235854239,0.9437121016874668,0.8528486647625919,0.7978392235854239,BPI20PrepaidTravelCosts,7.952091237716377
996,56,SDFA_NAP_model,0.5,16,True,10,10,0.5934810474272111,0.9144554108372388,0.6914826844129699,0.5934810474272111,BPI20PrepaidTravelCosts,8.068621616531164
997,56,SDFA_NAP_model,0.1,16,True,10,20,0.7048159677714704,0.9353280706276322,0.7751642928306924,0.7048159677714704,BPI20PrepaidTravelCosts,8.784929708298296
998,56,SDFA_NAP_model,0.2,16,True,10,20,0.7960080571323933,0.9188165592270824,0.8321838164168616,0.7960080571323933,BPI20PrepaidTravelCosts,8.826893795933575
999,56,SDFA_NAP_model,0.5,16,True,10,20,0.6925471525361655,0.9366654296235858,0.7745014218713032,0.6925471525361655,BPI20PrepaidTravelCosts,8.912653041724116
1000,56,SDFA_NAP_model,0.1,16,True,10,30,0.8176158212781541,0.9534900923353858,0.8682950384126976,0.8176158212781541,BPI20PrepaidTravelCosts,9.156012991536407
1001,56,SDFA_NAP_model,0.2,16,True,10,30,0.8031496062992126,0.943325739620865,0.8515284799060008,0.8031496062992126,BPI20PrepaidTravelCosts,8.831290008267388
1002,56,SDFA_NAP_model,0.5,16,True,10,30,0.6987731184764695,0.9230935510590704,0.7622844392760928,0.6987731184764695,BPI20PrepaidTravelCosts,8.908753216546028
1003,56,SDFA_NAP_model,0.1,32,True,10,5,0.8595495330525544,0.944426454988884,0.8894500644862563,0.8595495330525544,BPI20PrepaidTravelCosts,6.365222412440926
1004,56,SDFA_NAP_model,0.2,32,True,10,5,0.864127449185131,0.9405827437965928,0.893814854134318,0.864127449185131,BPI20PrepaidTravelCosts,6.256289283232763
1005,56,SDFA_NAP_model,0.5,32,True,10,5,0.8520417505951291,0.9480656914891852,0.8892657058386462,0.8520417505951291,BPI20PrepaidTravelCosts,6.2263587667606775
1006,56,SDFA_NAP_model,0.1,32,True,10,10,0.8392235854239151,0.9390415070725012,0.8741794490405727,0.8392235854239151,BPI20PrepaidTravelCosts,9.451607154216616
1007,56,SDFA_NAP_model,0.2,32,True,10,10,0.8633949826039187,0.9411357851351412,0.8929020166908547,0.8633949826039187,BPI20PrepaidTravelCosts,9.525996687449515
1008,56,SDFA_NAP_model,0.5,32,True,10,10,0.8110236220472441,0.9413171025339604,0.862608598550566,0.8110236220472441,BPI20PrepaidTravelCosts,8.99556436687708
1009,56,SDFA_NAP_model,0.1,32,True,10,20,0.8674235488005859,0.9459018776799408,0.8973767256042173,0.8674235488005859,BPI20PrepaidTravelCosts,10.604555079061535
1010,56,SDFA_NAP_model,0.2,32,True,10,20,0.8196301043764879,0.9226375850999274,0.8588121699460515,0.8196301043764879,BPI20PrepaidTravelCosts,11.1601544290781
1011,56,SDFA_NAP_model,0.5,32,True,10,20,0.7498626625160227,0.9220266820416742,0.8011415542309607,0.7498626625160227,BPI20PrepaidTravelCosts,10.150841604126615
1012,56,SDFA_NAP_model,0.1,32,True,10,30,0.8443508514924006,0.9265294841629036,0.8736603237260764,0.8443508514924006,BPI20PrepaidTravelCosts,25.05723347919993
1013,56,SDFA_NAP_model,0.2,32,True,10,30,0.7597509613623878,0.8483968171865006,0.7909790993846296,0.7597509613623878,BPI20PrepaidTravelCosts,25.99005210832693
1014,56,SDFA_NAP_model,0.5,32,True,10,30,0.8154184215345175,0.9415799559145436,0.8622266498258953,0.8154184215345175,BPI20PrepaidTravelCosts,22.462732629245146
1015,56,NAP_model,0.0,8,False,10,5,0.7615821278154185,0.9141597115543518,0.8083603893912957,0.7615821278154185,BPI20PrepaidTravelCosts,12.197017458407208
1016,56,NAP_model,0.0,8,False,10,10,0.7247756821095037,0.9467829086448863,0.8045000250600768,0.7247756821095037,BPI20PrepaidTravelCosts,22.405129712540656
1017,56,NAP_model,0.0,8,False,10,20,0.5453213697125069,0.966544096621524,0.6163240687190696,0.5453213697125069,BPI20PrepaidTravelCosts,22.18530579153448
1018,56,NAP_model,0.0,8,False,10,30,0.5528291521699322,0.8726319838683183,0.6357798877124927,0.5528291521699322,BPI20PrepaidTravelCosts,26.583036870975047
1019,56,NAP_model,0.0,16,False,10,5,0.8311664530305805,0.937365259555064,0.8745052106863108,0.8311664530305805,BPI20PrepaidTravelCosts,12.33329613734968
1020,56,NAP_model,0.0,16,False,10,10,0.7960080571323933,0.9412348441649856,0.8530326321560253,0.7960080571323933,BPI20PrepaidTravelCosts,24.181660874933005
1021,56,NAP_model,0.0,16,False,10,20,0.7214795824940488,0.9310427640029514,0.7772555105389383,0.7214795824940488,BPI20PrepaidTravelCosts,26.848202333366498
1022,56,NAP_model,0.0,16,False,10,30,0.703717267899652,0.9057344631185548,0.7657823071692575,0.703717267899652,BPI20PrepaidTravelCosts,23.776472408138215
1023,56,NAP_model,0.0,32,False,10,5,0.8655923823475554,0.9433402949807854,0.8957432026531031,0.8655923823475554,BPI20PrepaidTravelCosts,15.417588808340952
1024,56,NAP_model,0.0,32,False,10,10,0.8564365500824025,0.9386005069418704,0.8850777175375844,0.8564365500824025,BPI20PrepaidTravelCosts,24.37334135826677
1025,56,NAP_model,0.0,32,False,10,20,0.8329976194836111,0.9320791666569856,0.8677777965226644,0.8329976194836111,BPI20PrepaidTravelCosts,27.187091854121537
1026,56,NAP_model,0.0,32,False,10,30,0.7564548617469328,0.8567016987852871,0.7947683859338851,0.7564548617469328,BPI20PrepaidTravelCosts,29.124688191944735
1027,8,SDFA_NAP_model,0.1,8,True,10,5,0.7564548617469328,0.9076795265969488,0.8059288155639345,0.7564548617469328,BPI20PrepaidTravelCosts,14.023052895860747
1028,8,SDFA_NAP_model,0.2,8,True,10,5,0.7419886467679913,0.8919880488300955,0.7893357375349654,0.7419886467679913,BPI20PrepaidTravelCosts,18.01393030420877
1029,8,SDFA_NAP_model,0.5,8,True,10,5,0.3329060611609595,0.9247508227597466,0.4246796434385457,0.3329060611609595,BPI20PrepaidTravelCosts,13.856243079062551
1030,8,SDFA_NAP_model,0.1,8,True,10,10,0.6376121589452481,0.8440799857976822,0.7101960116214623,0.6376121589452481,BPI20PrepaidTravelCosts,22.847324033174665
1031,8,SDFA_NAP_model,0.2,8,True,10,10,0.4045046694744552,0.94636385025227,0.5144869547972666,0.4045046694744552,BPI20PrepaidTravelCosts,22.158814283506945
1032,8,SDFA_NAP_model,0.5,8,True,10,10,0.3451748763962644,0.7947054189951788,0.4773288480386862,0.3451748763962644,BPI20PrepaidTravelCosts,22.490755245881154
1033,8,SDFA_NAP_model,0.1,8,True,10,20,0.3885735213330892,0.9393803803176748,0.4979542947058435,0.3885735213330892,BPI20PrepaidTravelCosts,24.271187933068724
1034,8,SDFA_NAP_model,0.2,8,True,10,20,0.378685222486724,0.780274338199065,0.4824639982710044,0.378685222486724,BPI20PrepaidTravelCosts,24.575530416658147
1035,8,SDFA_NAP_model,0.5,8,True,10,20,0.1333089177806262,0.7491881098594733,0.2250495759651158,0.1333089177806262,BPI20PrepaidTravelCosts,26.411740783415738
1036,8,SDFA_NAP_model,0.1,8,True,10,30,0.6304706097784288,0.8729387908577805,0.7019721039651777,0.6304706097784288,BPI20PrepaidTravelCosts,22.62120250836015
1037,8,SDFA_NAP_model,0.2,8,True,10,30,0.4532136971250686,0.964758344778126,0.5706377421551786,0.4532136971250686,BPI20PrepaidTravelCosts,26.974238900095223
1038,8,SDFA_NAP_model,0.5,8,True,10,30,0.1054751876945614,0.9761707999407104,0.1794964079100647,0.1054751876945614,BPI20PrepaidTravelCosts,23.582696399930864
1039,8,SDFA_NAP_model,0.1,16,True,10,5,0.8033327229445156,0.9494853264029312,0.8577384633149531,0.8033327229445156,BPI20PrepaidTravelCosts,15.0320812582504
1040,8,SDFA_NAP_model,0.2,16,True,10,5,0.8198132210217909,0.9382781042144388,0.8594837289547742,0.8198132210217909,BPI20PrepaidTravelCosts,15.113005833374336
1041,8,SDFA_NAP_model,0.5,16,True,10,5,0.8004028566196667,0.9476371428079048,0.8570725891943072,0.8004028566196667,BPI20PrepaidTravelCosts,14.3861301290337
1042,8,SDFA_NAP_model,0.1,16,True,10,10,0.7996703900384545,0.9482795091757014,0.8573663739311678,0.7996703900384545,BPI20PrepaidTravelCosts,24.15794851235114
1043,8,SDFA_NAP_model,0.2,16,True,10,10,0.8150521882439113,0.951684857501711,0.8656797911632511,0.8150521882439113,BPI20PrepaidTravelCosts,23.79694691277109
1044,8,SDFA_NAP_model,0.5,16,True,10,10,0.8060794726240615,0.9418904315348012,0.8580368432296147,0.8060794726240615,BPI20PrepaidTravelCosts,24.152109999908134
1045,8,SDFA_NAP_model,0.1,16,True,10,20,0.7172678996520784,0.922497737217917,0.7896658033634506,0.7172678996520784,BPI20PrepaidTravelCosts,25.949628512514757
1046,8,SDFA_NAP_model,0.2,16,True,10,20,0.7908807910639077,0.9267496172884432,0.8371092058426681,0.7908807910639077,BPI20PrepaidTravelCosts,27.040786920813844
1047,8,SDFA_NAP_model,0.5,16,True,10,20,0.6956601355063176,0.9340590249139762,0.7799207116623244,0.6956601355063176,BPI20PrepaidTravelCosts,25.31306078340858
1048,8,SDFA_NAP_model,0.1,16,True,10,30,0.7145211499725325,0.9532934404254394,0.8016907967711675,0.7145211499725325,BPI20PrepaidTravelCosts,29.425881512463093
1049,8,SDFA_NAP_model,0.2,16,True,10,30,0.7020692180919246,0.930736605868396,0.766184973336302,0.7020692180919246,BPI20PrepaidTravelCosts,25.361454437486827
1050,8,SDFA_NAP_model,0.5,16,True,10,30,0.5116279069767442,0.752843445597581,0.5711556742973096,0.5116279069767442,BPI20PrepaidTravelCosts,29.200248716771604
1051,8,SDFA_NAP_model,0.1,32,True,10,5,0.8566196667277055,0.9348125273868024,0.8845373173623285,0.8566196667277055,BPI20PrepaidTravelCosts,18.8614664751105
1052,8,SDFA_NAP_model,0.2,32,True,10,5,0.85808459989013,0.9361801667170472,0.8876823857862135,0.85808459989013,BPI20PrepaidTravelCosts,16.212779508391396
1053,8,SDFA_NAP_model,0.5,32,True,10,5,0.8491118842702802,0.9457927264503035,0.8863241823263505,0.8491118842702802,BPI20PrepaidTravelCosts,20.218115516752004
1054,8,SDFA_NAP_model,0.1,32,True,10,10,0.8654092657022523,0.943470220522064,0.894936916296007,0.8654092657022523,BPI20PrepaidTravelCosts,24.036156995780765
1055,8,SDFA_NAP_model,0.2,32,True,10,10,0.8405054019410364,0.9364851413890056,0.8755409620495869,0.8405054019410364,BPI20PrepaidTravelCosts,26.21030015414581
1056,8,SDFA_NAP_model,0.5,32,True,10,10,0.8346456692913385,0.9314937411985712,0.870987425876441,0.8346456692913385,BPI20PrepaidTravelCosts,26.84146245024167
1057,8,SDFA_NAP_model,0.1,32,True,10,20,0.8608313495696759,0.9479960514648164,0.891696984200033,0.8608313495696759,BPI20PrepaidTravelCosts,30.508811820764095
1058,8,SDFA_NAP_model,0.2,32,True,10,20,0.8474638344625527,0.9388677552484708,0.8837774236836311,0.8474638344625527,BPI20PrepaidTravelCosts,26.956319116661327
1059,8,SDFA_NAP_model,0.5,32,True,10,20,0.7416224134773851,0.9269909427311696,0.7960542951315637,0.7416224134773851,BPI20PrepaidTravelCosts,27.18712091278285
1060,8,SDFA_NAP_model,0.1,32,True,10,30,0.7797106757004212,0.9397084660783755,0.8409442579942906,0.7797106757004212,BPI20PrepaidTravelCosts,27.642987899901343
1061,8,SDFA_NAP_model,0.2,32,True,10,30,0.8090093389489105,0.9130918834075792,0.8439995120432174,0.8090093389489105,BPI20PrepaidTravelCosts,36.992956137331205
1062,8,SDFA_NAP_model,0.5,32,True,10,30,0.820179454312397,0.9341279362874896,0.8646867625420537,0.820179454312397,BPI20PrepaidTravelCosts,24.714786249864847
1063,8,NAP_model,0.0,8,False,10,5,0.7408899468961728,0.8836990388853352,0.7886773014841918,0.7408899468961728,BPI20PrepaidTravelCosts,11.923865787498652
1064,8,NAP_model,0.0,8,False,10,10,0.4643838124885552,0.775721893715161,0.5533998578428827,0.4643838124885552,BPI20PrepaidTravelCosts,21.7411867916584
1065,8,NAP_model,0.0,8,False,10,20,0.5980589635597876,0.8909390969105697,0.6754564145276879,0.5980589635597876,BPI20PrepaidTravelCosts,22.475316075095908
1066,8,NAP_model,0.0,8,False,10,30,0.5017396081303791,0.8920961025199435,0.6119177188673652,0.5017396081303791,BPI20PrepaidTravelCosts,25.326550549920647
1067,8,NAP_model,0.0,16,False,10,5,0.8079106390770922,0.9376400262502284,0.8590303228803379,0.8079106390770922,BPI20PrepaidTravelCosts,17.1181946542114
1068,8,NAP_model,0.0,16,False,10,10,0.8124885552096686,0.945331582653771,0.861421364808899,0.8124885552096686,BPI20PrepaidTravelCosts,20.407010270934553
1069,8,NAP_model,0.0,16,False,10,20,0.6258926936458524,0.9276435464910164,0.7193913121134223,0.6258926936458524,BPI20PrepaidTravelCosts,27.46206758338958
1070,8,NAP_model,0.0,16,False,10,30,0.8071781724958799,0.9449868577687996,0.8577539733719781,0.8071781724958799,BPI20PrepaidTravelCosts,21.86257303315215
1071,8,NAP_model,0.0,32,False,10,5,0.8668741988646768,0.9478418277797191,0.8956384463153506,0.8668741988646768,BPI20PrepaidTravelCosts,19.75951617080718
1072,8,NAP_model,0.0,32,False,10,10,0.8674235488005859,0.9459628068574082,0.8961185575808668,0.8674235488005859,BPI20PrepaidTravelCosts,24.237114316690715
1073,8,NAP_model,0.0,32,False,10,20,0.8630287493133125,0.9433197972152176,0.8904444585439331,0.8630287493133125,BPI20PrepaidTravelCosts,28.706916333409023
1074,8,NAP_model,0.0,32,False,10,30,0.7786119758286029,0.8604539317903896,0.8085353861078607,0.7786119758286029,BPI20PrepaidTravelCosts,28.029278129152953
1075,15,SDFA_NAP_model,0.1,8,True,10,5,0.6473173411463102,0.9488854240557038,0.7337242312967375,0.6473173411463102,BPI20PrepaidTravelCosts,13.844907804206011
1076,15,SDFA_NAP_model,0.2,8,True,10,5,0.6290056766160044,0.8653119674841111,0.7055370461562718,0.6290056766160044,BPI20PrepaidTravelCosts,15.026997537445276
1077,15,SDFA_NAP_model,0.5,8,True,10,5,0.5196850393700787,0.8631131350973386,0.6285207930646819,0.5196850393700787,BPI20PrepaidTravelCosts,14.371514333412051
1078,15,SDFA_NAP_model,0.1,8,True,10,10,0.6326680095220656,0.9211806376307898,0.7166740756693725,0.6326680095220656,BPI20PrepaidTravelCosts,24.386349812708794
1079,15,SDFA_NAP_model,0.2,8,True,10,10,0.4334370994323384,0.7944330008612266,0.5514411764476925,0.4334370994323384,BPI20PrepaidTravelCosts,22.373638070747255
1080,15,SDFA_NAP_model,0.5,8,True,10,10,0.32814502838308,0.8743726674220348,0.4675424353791518,0.32814502838308,BPI20PrepaidTravelCosts,21.51079232073389
1081,15,SDFA_NAP_model,0.1,8,True,10,20,0.4696941952023439,0.8676201199471868,0.5719025618361364,0.4696941952023439,BPI20PrepaidTravelCosts,26.45484850411303
1082,15,SDFA_NAP_model,0.2,8,True,10,20,0.4328877494964292,0.9249017528644418,0.5268008831337743,0.4328877494964292,BPI20PrepaidTravelCosts,22.287054312601686
1083,15,SDFA_NAP_model,0.5,8,True,10,20,0.164255630836843,0.3413437163966925,0.2015192444942024,0.164255630836843,BPI20PrepaidTravelCosts,25.96525580827147
1084,15,SDFA_NAP_model,0.1,8,True,10,30,0.5037538912287127,0.8964281623387853,0.5961964826807402,0.5037538912287127,BPI20PrepaidTravelCosts,25.23407546649687
1085,15,SDFA_NAP_model,0.2,8,True,10,30,0.3676982237685405,0.9564331075114384,0.4959587790345858,0.3676982237685405,BPI20PrepaidTravelCosts,24.35056346692145
1086,15,SDFA_NAP_model,0.5,8,True,10,30,0.2887749496429225,0.8246145790292669,0.3813172818023815,0.2887749496429225,BPI20PrepaidTravelCosts,24.33839620850049
1087,15,SDFA_NAP_model,0.1,16,True,10,5,0.7998535066837575,0.945937336156726,0.8559570380032911,0.7998535066837575,BPI20PrepaidTravelCosts,15.041225604107604
1088,15,SDFA_NAP_model,0.2,16,True,10,5,0.7932613074528475,0.928915050514028,0.8406000179568737,0.7932613074528475,BPI20PrepaidTravelCosts,15.617922249948606
1089,15,SDFA_NAP_model,0.5,16,True,10,5,0.7903314411279986,0.9317324342243034,0.8417059912097813,0.7903314411279986,BPI20PrepaidTravelCosts,14.96509458324872
1090,15,SDFA_NAP_model,0.1,16,True,10,10,0.7901483244826955,0.9251445915421695,0.8359321571129847,0.7901483244826955,BPI20PrepaidTravelCosts,23.589849808439613
1091,15,SDFA_NAP_model,0.2,16,True,10,10,0.7972898736495148,0.9451800652720028,0.8533268366714846,0.7972898736495148,BPI20PrepaidTravelCosts,23.318866775091735
1092,15,SDFA_NAP_model,0.5,16,True,10,10,0.7841054751876946,0.9255331143153152,0.8383916699729606,0.7841054751876946,BPI20PrepaidTravelCosts,30.44412701269612
1093,15,SDFA_NAP_model,0.1,16,True,10,20,0.8055301226881524,0.947238757373275,0.8567723048495817,0.8055301226881524,BPI20PrepaidTravelCosts,24.75173567486927
1094,15,SDFA_NAP_model,0.2,16,True,10,20,0.7055484343526827,0.9324743381266992,0.7748963208165229,0.7055484343526827,BPI20PrepaidTravelCosts,25.658488183422016
1095,15,SDFA_NAP_model,0.5,16,True,10,20,0.5841420985167551,0.9345164214404276,0.6779527523826706,0.5841420985167551,BPI20PrepaidTravelCosts,27.15101076681167
1096,15,SDFA_NAP_model,0.1,16,True,10,30,0.7271561984984435,0.9440277979018966,0.7942543668391364,0.7271561984984435,BPI20PrepaidTravelCosts,26.13658442082815
1097,15,SDFA_NAP_model,0.2,16,True,10,30,0.6954770188610144,0.9159572646140622,0.7769983611683466,0.6954770188610144,BPI20PrepaidTravelCosts,24.861413174960763
1098,15,SDFA_NAP_model,0.5,16,True,10,30,0.7952755905511811,0.9422904346166902,0.8511882382181031,0.7952755905511811,BPI20PrepaidTravelCosts,24.317460766620933
1099,15,SDFA_NAP_model,0.1,32,True,10,5,0.8586339498260391,0.9478512147406574,0.8906618021687089,0.8586339498260391,BPI20PrepaidTravelCosts,22.01562708732672
1100,15,SDFA_NAP_model,0.2,32,True,10,5,0.8555209668558872,0.9501404860102588,0.8908664801863779,0.8555209668558872,BPI20PrepaidTravelCosts,16.145961437327788
1101,15,SDFA_NAP_model,0.5,32,True,10,5,0.8514924006592199,0.9485810879803198,0.8895838749848033,0.8514924006592199,BPI20PrepaidTravelCosts,15.75509894164279
1102,15,SDFA_NAP_model,0.1,32,True,10,10,0.8412378685222487,0.9442540255517544,0.8754110480698236,0.8412378685222487,BPI20PrepaidTravelCosts,27.949059366527944
1103,15,SDFA_NAP_model,0.2,32,True,10,10,0.842153451748764,0.9373506900895268,0.8774430331167165,0.842153451748764,BPI20PrepaidTravelCosts,24.68867972046137
1104,15,SDFA_NAP_model,0.5,32,True,10,10,0.816883354696942,0.951344870222196,0.8691569059141548,0.816883354696942,BPI20PrepaidTravelCosts,26.163700641784818
1105,15,SDFA_NAP_model,0.1,32,True,10,20,0.7744002929866325,0.9385290732844768,0.817327383519355,0.7744002929866325,BPI20PrepaidTravelCosts,30.953959550196306
1106,15,SDFA_NAP_model,0.2,32,True,10,20,0.7681743270463285,0.8434458237359987,0.7962913830336226,0.7681743270463285,BPI20PrepaidTravelCosts,28.85287318741903
1107,15,SDFA_NAP_model,0.5,32,True,10,20,0.8441677348470976,0.9456045610188902,0.880631580991663,0.8441677348470976,BPI20PrepaidTravelCosts,27.070945933414624
1108,15,SDFA_NAP_model,0.1,32,True,10,30,0.7592016114264787,0.8569559041137694,0.7960743213716848,0.7592016114264787,BPI20PrepaidTravelCosts,29.22537706247531
1109,15,SDFA_NAP_model,0.2,32,True,10,30,0.8405054019410364,0.9419424327635644,0.8759495717643465,0.8405054019410364,BPI20PrepaidTravelCosts,26.866948845796287
1110,15,SDFA_NAP_model,0.5,32,True,10,30,0.8088262223036073,0.8864940717141044,0.823582709053728,0.8088262223036073,BPI20PrepaidTravelCosts,28.13386635822244
1111,15,NAP_model,0.0,8,False,10,5,0.7375938472807179,0.8712382463065378,0.7884659917064798,0.7375938472807179,BPI20PrepaidTravelCosts,13.170279299886896
1112,15,NAP_model,0.0,8,False,10,10,0.6350485259110054,0.9121792948143196,0.7363660296706049,0.6350485259110054,BPI20PrepaidTravelCosts,20.241368270711973
1113,15,NAP_model,0.0,8,False,10,20,0.3783189891961179,0.7107749613116161,0.4486170828215802,0.3783189891961179,BPI20PrepaidTravelCosts,23.918850745959208
1114,15,NAP_model,0.0,8,False,10,30,0.4960629921259842,0.7881105253631395,0.582707531299781,0.4960629921259842,BPI20PrepaidTravelCosts,22.35196529980749
1115,15,NAP_model,0.0,16,False,10,5,0.8174327046328511,0.9518667461869316,0.8680857347437919,0.8174327046328511,BPI20PrepaidTravelCosts,12.408311774907634
1116,15,NAP_model,0.0,16,False,10,10,0.8018677897820912,0.9406825571189684,0.8516476512805582,0.8018677897820912,BPI20PrepaidTravelCosts,24.438438462326303
1117,15,NAP_model,0.0,16,False,10,20,0.7921626075810291,0.9384223233368076,0.8483379423513515,0.7921626075810291,BPI20PrepaidTravelCosts,21.808144366834313
1118,15,NAP_model,0.0,16,False,10,30,0.8031496062992126,0.9418185946455716,0.851894135022425,0.8031496062992126,BPI20PrepaidTravelCosts,25.548868595808745
1119,15,NAP_model,0.0,32,False,10,5,0.8681560153817982,0.9509212410841966,0.8966760768761798,0.8681560153817982,BPI20PrepaidTravelCosts,21.000673129130156
1120,15,NAP_model,0.0,32,False,10,10,0.848562534334371,0.9405704140568718,0.8836858958235526,0.848562534334371,BPI20PrepaidTravelCosts,22.851282204221935
1121,15,NAP_model,0.0,32,False,10,20,0.7738509430507233,0.9414847996555644,0.8148977361357123,0.7738509430507233,BPI20PrepaidTravelCosts,27.213774358481167
1122,15,NAP_model,0.0,32,False,10,30,0.7654275773667827,0.8486593634965234,0.795200636642936,0.7654275773667827,BPI20PrepaidTravelCosts,27.71791644594632
1123,76,SDFA_NAP_model,0.1,8,True,10,5,0.7266068485625343,0.8975824833737515,0.7835388429592899,0.7266068485625343,BPI20PrepaidTravelCosts,15.609057507989927
1124,76,SDFA_NAP_model,0.2,8,True,10,5,0.6138069950558506,0.8956213025296974,0.7008707866762105,0.6138069950558506,BPI20PrepaidTravelCosts,14.786887579225004
1125,76,SDFA_NAP_model,0.5,8,True,10,5,0.5436733199047793,0.926116000081914,0.6365911918333126,0.5436733199047793,BPI20PrepaidTravelCosts,15.431634504301474
1126,76,SDFA_NAP_model,0.1,8,True,10,10,0.548800585973265,0.8624627677767587,0.6257299141361132,0.548800585973265,BPI20PrepaidTravelCosts,20.23969650422223
1127,76,SDFA_NAP_model,0.2,8,True,10,10,0.5057681743270463,0.9190800565835532,0.61915938863611,0.5057681743270463,BPI20PrepaidTravelCosts,22.307820433424787
1128,76,SDFA_NAP_model,0.5,8,True,10,10,0.2950009155832265,0.7685286252441524,0.3937274626632097,0.2950009155832265,BPI20PrepaidTravelCosts,20.55916247521527
1129,76,SDFA_NAP_model,0.1,8,True,10,20,0.6890679362754074,0.9223107349909904,0.7542730886691176,0.6890679362754074,BPI20PrepaidTravelCosts,24.56165351672098
1130,76,SDFA_NAP_model,0.2,8,True,10,20,0.3700787401574803,0.9193433537466772,0.5170686045162952,0.3700787401574803,BPI20PrepaidTravelCosts,22.403881741547956
1131,76,SDFA_NAP_model,0.5,8,True,10,20,0.1825672953671488,0.7770661500610363,0.2716526870530869,0.1825672953671488,BPI20PrepaidTravelCosts,23.596664300141857
1132,76,SDFA_NAP_model,0.1,8,True,10,30,0.4652993957150705,0.9624714499658242,0.5739799276258607,0.4652993957150705,BPI20PrepaidTravelCosts,23.60000373730436
1133,76,SDFA_NAP_model,0.2,8,True,10,30,0.4391137154367332,0.9265571298529728,0.5546730228023249,0.4391137154367332,BPI20PrepaidTravelCosts,22.465548912575468
1134,76,SDFA_NAP_model,0.5,8,True,10,30,0.2036257095770005,0.8004079450330999,0.3080520464188828,0.2036257095770005,BPI20PrepaidTravelCosts,24.369270520843564
1135,76,SDFA_NAP_model,0.1,16,True,10,5,0.807727522431789,0.946282933622548,0.8603765646239859,0.807727522431789,BPI20PrepaidTravelCosts,13.681132212653756
1136,76,SDFA_NAP_model,0.2,16,True,10,5,0.8320820362570958,0.9414697604682764,0.8756142239167429,0.8320820362570958,BPI20PrepaidTravelCosts,14.56502435398288
1137,76,SDFA_NAP_model,0.5,16,True,10,5,0.795092473905878,0.9408700505202248,0.8497362392101064,0.795092473905878,BPI20PrepaidTravelCosts,15.109008250152693
1138,76,SDFA_NAP_model,0.1,16,True,10,10,0.6980406518952573,0.9333458691572116,0.7651252700870821,0.6980406518952573,BPI20PrepaidTravelCosts,22.834703687625005
1139,76,SDFA_NAP_model,0.2,16,True,10,10,0.7996703900384545,0.9471383418499478,0.8560591084924302,0.7996703900384545,BPI20PrepaidTravelCosts,23.966165874898433
1140,76,SDFA_NAP_model,0.5,16,True,10,10,0.7163523164255631,0.9157560368059148,0.782771967841324,0.7163523164255631,BPI20PrepaidTravelCosts,22.956190983531997
1141,76,SDFA_NAP_model,0.1,16,True,10,20,0.7921626075810291,0.9467622170950388,0.8468054216051245,0.7921626075810291,BPI20PrepaidTravelCosts,25.181202495843173
1142,76,SDFA_NAP_model,0.2,16,True,10,20,0.7092107672587438,0.9427364181901609,0.7851589667245803,0.7092107672587438,BPI20PrepaidTravelCosts,24.887860258342695
1143,76,SDFA_NAP_model,0.5,16,True,10,20,0.6363303424281267,0.9370243928730952,0.7403078539628443,0.6363303424281267,BPI20PrepaidTravelCosts,25.936178041854873
1144,76,SDFA_NAP_model,0.1,16,True,10,30,0.7972898736495148,0.934142479096568,0.8477188062543806,0.7972898736495148,BPI20PrepaidTravelCosts,26.015211103949696
1145,76,SDFA_NAP_model,0.2,16,True,10,30,0.7060977842885918,0.9339128462269316,0.7727140725544233,0.7060977842885918,BPI20PrepaidTravelCosts,26.343826979305597
1146,76,SDFA_NAP_model,0.5,16,True,10,30,0.7835561252517854,0.9333101728617386,0.8368428280644471,0.7835561252517854,BPI20PrepaidTravelCosts,25.093343950202687
1147,76,SDFA_NAP_model,0.1,32,True,10,5,0.8670573155099799,0.9438870030196732,0.8975860495430055,0.8670573155099799,BPI20PrepaidTravelCosts,15.828244279045611
1148,76,SDFA_NAP_model,0.2,32,True,10,5,0.8698040651895257,0.9495478441565648,0.900232094108092,0.8698040651895257,BPI20PrepaidTravelCosts,18.787813229020685
1149,76,SDFA_NAP_model,0.5,32,True,10,5,0.8514924006592199,0.9466313703027402,0.888457731641559,0.8514924006592199,BPI20PrepaidTravelCosts,15.358633554261178
1150,76,SDFA_NAP_model,0.1,32,True,10,10,0.851675517304523,0.9420338181446868,0.8849591491791571,0.851675517304523,BPI20PrepaidTravelCosts,26.72939791684039
1151,76,SDFA_NAP_model,0.2,32,True,10,10,0.8298846365134591,0.9245312237037407,0.8643499965478723,0.8298846365134591,BPI20PrepaidTravelCosts,26.66242384589277
1152,76,SDFA_NAP_model,0.5,32,True,10,10,0.842336568394067,0.9246237019562248,0.8735280347364629,0.842336568394067,BPI20PrepaidTravelCosts,26.557965070800854
1153,76,SDFA_NAP_model,0.1,32,True,10,20,0.8683391320271012,0.9481617660718274,0.8966479817435417,0.8683391320271012,BPI20PrepaidTravelCosts,30.776957058534027
1154,76,SDFA_NAP_model,0.2,32,True,10,20,0.744552279802234,0.9361455225651156,0.7930201836531269,0.744552279802234,BPI20PrepaidTravelCosts,29.030286349961536
1155,76,SDFA_NAP_model,0.5,32,True,10,20,0.8406885185863395,0.9360368911176662,0.8757691126825289,0.8406885185863395,BPI20PrepaidTravelCosts,25.839448153972626
1156,76,SDFA_NAP_model,0.1,32,True,10,30,0.8408716352316425,0.9171416082578836,0.863590845301537,0.8408716352316425,BPI20PrepaidTravelCosts,28.386815541703253
1157,76,SDFA_NAP_model,0.2,32,True,10,30,0.861380699505585,0.9443270737966178,0.8925678188841255,0.861380699505585,BPI20PrepaidTravelCosts,28.43951085438021
1158,76,SDFA_NAP_model,0.5,32,True,10,30,0.8405054019410364,0.930611869491706,0.8767335712321817,0.8405054019410364,BPI20PrepaidTravelCosts,26.211149187525734
1159,76,NAP_model,0.0,8,False,10,5,0.7055484343526827,0.9030327164658858,0.776384295380068,0.7055484343526827,BPI20PrepaidTravelCosts,13.631982479104773
1160,76,NAP_model,0.0,8,False,10,10,0.6000732466581212,0.9316479550196284,0.6662852038081819,0.6000732466581212,BPI20PrepaidTravelCosts,18.919724012352525
1161,76,NAP_model,0.0,8,False,10,20,0.463834462552646,0.8837135062339747,0.5634288383957224,0.463834462552646,BPI20PrepaidTravelCosts,23.893342066695915
1162,76,NAP_model,0.0,8,False,10,30,0.6053836293719099,0.9313999487858612,0.6966578070813048,0.6053836293719099,BPI20PrepaidTravelCosts,23.37156122517772
1163,76,NAP_model,0.0,16,False,10,5,0.8108405054019411,0.9453305793675154,0.859852500321104,0.8108405054019411,BPI20PrepaidTravelCosts,12.686091558029876
1164,76,NAP_model,0.0,16,False,10,10,0.8005859732649698,0.947932554788019,0.8578050917303297,0.8005859732649698,BPI20PrepaidTravelCosts,20.93406420806423
1165,76,NAP_model,0.0,16,False,10,20,0.8156015381798205,0.9491653323270888,0.868343480609352,0.8156015381798205,BPI20PrepaidTravelCosts,26.422871295874938
1166,76,NAP_model,0.0,16,False,10,30,0.7123237502288958,0.9417780488061848,0.7976356889070301,0.7123237502288958,BPI20PrepaidTravelCosts,22.87632843744941
1167,76,NAP_model,0.0,32,False,10,5,0.864127449185131,0.9443616300037136,0.8928534335383042,0.864127449185131,BPI20PrepaidTravelCosts,18.475263054436073
1168,76,NAP_model,0.0,32,False,10,10,0.7676249771104193,0.9332781371860706,0.8139668092446759,0.7676249771104193,BPI20PrepaidTravelCosts,24.159327229112385
1169,76,NAP_model,0.0,32,False,10,20,0.6861380699505585,0.9277858557509882,0.76194240937413,0.6861380699505585,BPI20PrepaidTravelCosts,24.720114041725175
1170,76,NAP_model,0.0,32,False,10,30,0.7747665262772386,0.9336510111124772,0.8195518207920135,0.7747665262772386,BPI20PrepaidTravelCosts,29.13014388345182
1171,23,SDFA_NAP_model,0.1,8,True,10,5,0.6449368247573705,0.8751799609245234,0.7185172735870183,0.6449368247573705,BPI20PrepaidTravelCosts,14.591593496128915
1172,23,SDFA_NAP_model,0.2,8,True,10,5,0.6339498260391869,0.9219248807739387,0.7239565598673919,0.6339498260391869,BPI20PrepaidTravelCosts,14.707475883420557
1173,23,SDFA_NAP_model,0.5,8,True,10,5,0.274674967954587,0.8966050171068468,0.4107191271138458,0.274674967954587,BPI20PrepaidTravelCosts,14.437947612721471
1174,23,SDFA_NAP_model,0.1,8,True,10,10,0.5788317158029664,0.9282498366709592,0.6694530428659032,0.5788317158029664,BPI20PrepaidTravelCosts,20.42857261262834
1175,23,SDFA_NAP_model,0.2,8,True,10,10,0.4239150338765793,0.8783423066284506,0.5124740278085048,0.4239150338765793,BPI20PrepaidTravelCosts,22.624801362492143
1176,23,SDFA_NAP_model,0.5,8,True,10,10,0.2413477385094305,0.7792386938204932,0.3664300833240246,0.2413477385094305,BPI20PrepaidTravelCosts,19.751168528944255
1177,23,SDFA_NAP_model,0.1,8,True,10,20,0.4768357443691631,0.8394050133056957,0.5552719090134441,0.4768357443691631,BPI20PrepaidTravelCosts,24.71172949587926
1178,23,SDFA_NAP_model,0.2,8,True,10,20,0.4674967954587072,0.9580776896769424,0.6006157843070953,0.4674967954587072,BPI20PrepaidTravelCosts,22.281583258416504
1179,23,SDFA_NAP_model,0.5,8,True,10,20,0.28383080021974,0.8873561784146163,0.390316321998321,0.28383080021974,BPI20PrepaidTravelCosts,23.52904368774034
1180,23,SDFA_NAP_model,0.1,8,True,10,30,0.691082219373741,0.913816920090504,0.7611121476381667,0.691082219373741,BPI20PrepaidTravelCosts,22.523352154064924
1181,23,SDFA_NAP_model,0.2,8,True,10,30,0.3675151071232375,0.9326819272220662,0.5227104607221743,0.3675151071232375,BPI20PrepaidTravelCosts,8.342133608274162
1182,23,SDFA_NAP_model,0.5,8,True,10,30,0.4184215345174876,0.920359647161777,0.5254469273762201,0.4184215345174876,BPI20PrepaidTravelCosts,8.530206366535277
1183,23,SDFA_NAP_model,0.1,16,True,10,5,0.8326313861930049,0.9422189745360744,0.8736434616511322,0.8326313861930049,BPI20PrepaidTravelCosts,5.405057683307677
1184,23,SDFA_NAP_model,0.2,16,True,10,5,0.8069950558505768,0.9544688176979648,0.8648321498680136,0.8069950558505768,BPI20PrepaidTravelCosts,5.104519029101357
1185,23,SDFA_NAP_model,0.5,16,True,10,5,0.7180003662332906,0.9317087859783612,0.7900219691782259,0.7180003662332906,BPI20PrepaidTravelCosts,5.202600887604058
1186,23,SDFA_NAP_model,0.1,16,True,10,10,0.8097418055301226,0.9500043979515628,0.8622878070860491,0.8097418055301226,BPI20PrepaidTravelCosts,8.34959287927486
1187,23,SDFA_NAP_model,0.2,16,True,10,10,0.7837392418970884,0.932515306895047,0.8394778924227727,0.7837392418970884,BPI20PrepaidTravelCosts,8.248629358550534
1188,23,SDFA_NAP_model,0.5,16,True,10,10,0.7531587621314777,0.9194456367856016,0.810818098945435,0.7531587621314777,BPI20PrepaidTravelCosts,8.294635975174605
1189,23,SDFA_NAP_model,0.1,16,True,10,20,0.6189342611243362,0.8443162393277214,0.6868444263997471,0.6189342611243362,BPI20PrepaidTravelCosts,9.333491620607674
1190,23,SDFA_NAP_model,0.2,16,True,10,20,0.7916132576451199,0.9360553017562602,0.8473232684072499,0.7916132576451199,BPI20PrepaidTravelCosts,9.20570132904686
1191,23,SDFA_NAP_model,0.5,16,True,10,20,0.6962094854422267,0.943921963891872,0.7791252339224761,0.6962094854422267,BPI20PrepaidTravelCosts,9.043957004044206
1192,23,SDFA_NAP_model,0.1,16,True,10,30,0.6960263687969236,0.9301731288650184,0.7646332954529154,0.6960263687969236,BPI20PrepaidTravelCosts,9.28422275860794
1193,23,SDFA_NAP_model,0.2,16,True,10,30,0.791796374290423,0.9243049676574472,0.8377983826086477,0.791796374290423,BPI20PrepaidTravelCosts,9.167308333329856
1194,23,SDFA_NAP_model,0.5,16,True,10,30,0.5958615638161509,0.9183645583842592,0.6896586591757426,0.5958615638161509,BPI20PrepaidTravelCosts,9.22169128349051
1195,23,SDFA_NAP_model,0.1,32,True,10,5,0.8657754989928584,0.9451638363853636,0.8950767815747629,0.8657754989928584,BPI20PrepaidTravelCosts,5.855282908212393
1196,23,SDFA_NAP_model,0.2,32,True,10,5,0.8538729170481597,0.9151886413550168,0.8766351342317963,0.8538729170481597,BPI20PrepaidTravelCosts,5.5795512166805565
1197,23,SDFA_NAP_model,0.5,32,True,10,5,0.8491118842702802,0.9350274153937518,0.8826734723749431,0.8491118842702802,BPI20PrepaidTravelCosts,5.971857050154358
1198,23,SDFA_NAP_model,0.1,32,True,10,10,0.8529573338216444,0.947753605172919,0.8889328358257357,0.8529573338216444,BPI20PrepaidTravelCosts,8.96427354165353
1199,23,SDFA_NAP_model,0.2,32,True,10,10,0.8408716352316425,0.939761811397283,0.875333953122339,0.8408716352316425,BPI20PrepaidTravelCosts,9.195233641611413
1200,23,SDFA_NAP_model,0.5,32,True,10,10,0.8463651345907343,0.9389323077027304,0.88212241736266,0.8463651345907343,BPI20PrepaidTravelCosts,8.760000166716054
1201,23,SDFA_NAP_model,0.1,32,True,10,20,0.8417872184581578,0.936018061256406,0.8740257690728757,0.8417872184581578,BPI20PrepaidTravelCosts,10.317179112602023
1202,23,SDFA_NAP_model,0.2,32,True,10,20,0.7504120124519319,0.9358815742532198,0.8106673604734864,0.7504120124519319,BPI20PrepaidTravelCosts,10.63643379183486
1203,23,SDFA_NAP_model,0.5,32,True,10,20,0.8068119392052737,0.9276200449280048,0.8501015422325605,0.8068119392052737,BPI20PrepaidTravelCosts,10.173776849964634
1204,23,SDFA_NAP_model,0.1,32,True,10,30,0.848562534334371,0.9395278829164084,0.8819947736398412,0.848562534334371,BPI20PrepaidTravelCosts,10.414618683047593
1205,23,SDFA_NAP_model,0.2,32,True,10,30,0.8414209851675517,0.9427532306487054,0.8748942601901922,0.8414209851675517,BPI20PrepaidTravelCosts,10.125945612415672
1206,23,SDFA_NAP_model,0.5,32,True,10,30,0.8174327046328511,0.9477053437196,0.8654421744069671,0.8174327046328511,BPI20PrepaidTravelCosts,9.843511929223316
1207,23,NAP_model,0.0,8,False,10,5,0.7441860465116279,0.9074710236782226,0.7906149897612813,0.7441860465116279,BPI20PrepaidTravelCosts,4.625112320762128
1208,23,NAP_model,0.0,8,False,10,10,0.5823109320637246,0.9066993739554008,0.6900829028953726,0.5823109320637246,BPI20PrepaidTravelCosts,6.891860808432102
1209,23,NAP_model,0.0,8,False,10,20,0.4995422083867423,0.9134743564886412,0.6226322897110458,0.4995422083867423,BPI20PrepaidTravelCosts,7.939461546065286
1210,23,NAP_model,0.0,8,False,10,30,0.4105475187694561,0.8489434062419552,0.4947787272198767,0.4105475187694561,BPI20PrepaidTravelCosts,7.864507979247719
1211,23,NAP_model,0.0,16,False,10,5,0.8419703351034609,0.9345822216524624,0.8787288914477887,0.8419703351034609,BPI20PrepaidTravelCosts,4.986131408205256
1212,23,NAP_model,0.0,16,False,10,10,0.8033327229445156,0.9505940841474444,0.8596037770586005,0.8033327229445156,BPI20PrepaidTravelCosts,7.871294070873409
1213,23,NAP_model,0.0,16,False,10,20,0.7070133675151071,0.9237397781472424,0.7705028927152758,0.7070133675151071,BPI20PrepaidTravelCosts,8.361349708307534
1214,23,NAP_model,0.0,16,False,10,30,0.7141549166819264,0.9437059740766524,0.7864782858976486,0.7141549166819264,BPI20PrepaidTravelCosts,8.41996783753857
1215,23,NAP_model,0.0,32,False,10,5,0.8569859000183117,0.9381639843906056,0.8858244577778519,0.8569859000183117,BPI20PrepaidTravelCosts,5.448194462480023
1216,23,NAP_model,0.0,32,False,10,10,0.7736678264054202,0.9478043034370665,0.8164278913754087,0.7736678264054202,BPI20PrepaidTravelCosts,8.944188520498574
1217,23,NAP_model,0.0,32,False,10,20,0.7663431605932979,0.9437649419532488,0.8106811298603689,0.7663431605932979,BPI20PrepaidTravelCosts,9.795537745812908
1218,23,NAP_model,0.0,32,False,10,30,0.8650430324116463,0.9433591732605012,0.894694775865711,0.8650430324116463,BPI20PrepaidTravelCosts,9.298765699891373
