seed,local,quantile,model,lambda,d_model,er_loss,batch_size,no_epochs,rank_loss,sdfa_ce,avg_beam_dl_distance,avg_dl_distance,time,er_pred,er_target
56,False,0.8,SDFA_suffix_model,0.1,16,True,32,50,False,False,0.2615266613952548,0.40687100048282393,2.9539352701604367,0.0,0.0
56,False,0.8,SDFA_suffix_model,0.1,16,True,128,50,False,False,0.22925870304319698,0.39909303487702824,1.2915493396669626,0.0,0.0
56,True,0.8,SDFA_suffix_model,0.1,16,True,32,50,False,False,0.2733816798862783,0.41900347579696695,3.2323145980387924,0.0,0.0
56,True,0.8,SDFA_suffix_model,0.1,16,True,64,50,False,False,0.21284450632348065,0.3933710520138938,2.1000023136287926,0.0,0.0
56,True,0.8,SDFA_suffix_model,0.1,16,True,128,50,False,False,0.23009507344264216,0.3947832864868264,1.542761150225997,0.0,0.0
56,False,0.8,SDFA_suffix_model,0.1,16,True,32,50,False,True,0.2813090070974424,0.42378932806919545,2.9198457106389104,0.0,0.0
56,False,0.8,SDFA_suffix_model,0.1,16,True,128,50,False,True,0.23783968683771547,0.4001011365340649,1.2827450125664472,0.0,0.0
56,True,0.8,SDFA_suffix_model,0.1,16,True,32,50,False,True,0.2590762610144997,0.393858441164607,3.188048168383539,0.0,0.0
56,True,0.8,SDFA_suffix_model,0.1,16,True,64,50,False,True,0.2437236073898355,0.3955831559889946,2.0793381970375777,0.0,0.0
56,True,0.8,SDFA_suffix_model,0.1,16,True,128,50,False,True,0.23949292057044952,0.4013353140668436,1.544659882746637,0.0,0.0
56,False,0.8,SDFA_suffix_model,0.2,16,True,32,50,False,False,0.26132129599606546,0.39907099250383665,2.911852139905095,0.0,0.0
56,False,0.8,SDFA_suffix_model,0.2,16,True,128,50,False,False,0.2283532243781909,0.40183307517564265,1.2699653356708587,0.0,0.0
56,True,0.8,SDFA_suffix_model,0.2,16,True,32,50,False,False,0.2731872965939968,0.4164631905983167,3.1929419907182455,0.0,0.0
56,True,0.8,SDFA_suffix_model,0.2,16,True,64,50,False,False,0.24799657137042116,0.40001247554933106,2.081167527344078,0.0,0.0
56,True,0.8,SDFA_suffix_model,0.2,16,True,128,50,False,False,0.241959643996437,0.41144769645255275,1.5370736482739449,0.0,0.0
56,False,0.8,SDFA_suffix_model,0.2,16,True,32,50,False,True,0.25854512207994357,0.40488630696888656,2.89354406632483,0.0,0.0
56,False,0.8,SDFA_suffix_model,0.2,16,True,128,50,False,True,0.23835736281531217,0.41818902815709186,1.2666562567651272,0.0,0.0
56,True,0.8,SDFA_suffix_model,0.2,16,True,32,50,False,True,0.25671073888879303,0.4026529601251208,3.1913488729298116,0.0,0.0
56,True,0.8,SDFA_suffix_model,0.2,16,True,64,50,False,True,0.24823965517132374,0.3962011145937352,2.0866128481179476,0.0,0.0
56,True,0.8,SDFA_suffix_model,0.2,16,True,128,50,False,True,0.2421505825415147,0.4104836777487179,1.5294970950856805,0.0,0.0
56,False,0.8,SDFA_suffix_model,0.5,16,True,32,50,False,False,0.24911039403483465,0.3997101656000457,2.8977561516314747,0.0,0.0
56,False,0.8,SDFA_suffix_model,0.5,16,True,128,50,False,False,0.23078778366229033,0.40299223017842456,1.2753723043389618,0.0,0.0
56,True,0.8,SDFA_suffix_model,0.5,16,True,32,50,False,False,0.24880786464229213,0.3977492747196486,3.1852805505506696,0.0,0.0
56,True,0.8,SDFA_suffix_model,0.5,16,True,64,50,False,False,0.24543572575767,0.39472380524752254,2.072283987030387,0.0,0.0
56,True,0.8,SDFA_suffix_model,0.5,16,True,128,50,False,False,0.222377299052726,0.3951831316991582,1.5275564863532782,0.0,0.0
56,False,0.8,SDFA_suffix_model,0.5,16,True,32,50,False,True,0.24650008943701404,0.3977191249948251,2.889880783278495,0.0,0.0
56,False,0.8,SDFA_suffix_model,0.5,16,True,128,50,False,True,0.22156380935947276,0.395820712784903,1.281145732384175,0.0,0.0
56,True,0.8,SDFA_suffix_model,0.5,16,True,32,50,False,True,0.24824607851874575,0.3977799585526054,3.195128149036318,0.0,0.0
56,True,0.8,SDFA_suffix_model,0.5,16,True,64,50,False,True,0.24212831809743746,0.3945959533456891,2.0898580396547914,0.0,0.0
56,True,0.8,SDFA_suffix_model,0.5,16,True,128,50,False,True,0.21610654761114664,0.3942412589632061,1.538295068796724,0.0,0.0
56,False,0.8,SDFA_suffix_model,0.1,32,True,32,50,False,False,0.2364693253162364,0.37979584931785876,2.94070009117946,0.0,0.0
56,False,0.8,SDFA_suffix_model,0.1,32,True,128,50,False,False,0.19213394346442927,0.37577014410128706,1.2857282726466657,0.0,0.0
56,True,0.8,SDFA_suffix_model,0.1,32,True,32,50,False,False,0.22004004597631283,0.3812791040133141,3.211311663594097,0.0,0.0
56,True,0.8,SDFA_suffix_model,0.1,32,True,64,50,False,False,0.21787266792194407,0.3772954170727992,2.0838059376738967,0.0,0.0
56,True,0.8,SDFA_suffix_model,0.1,32,True,128,50,False,False,0.19577765642154582,0.37695331706018054,1.5422049008496106,0.0,0.0
56,False,0.8,SDFA_suffix_model,0.1,32,True,32,50,False,True,0.22180229489690603,0.37863480985002534,2.9404456648789346,0.0,0.0
56,False,0.8,SDFA_suffix_model,0.1,32,True,128,50,False,True,0.19561948247887775,0.37635780290182336,1.2843405327387154,0.0,0.0
56,True,0.8,SDFA_suffix_model,0.1,32,True,32,50,False,True,0.2212899677584291,0.3775338812852334,3.2277360498160124,0.0,0.0
56,True,0.8,SDFA_suffix_model,0.1,32,True,64,50,False,True,0.21934879740398702,0.3767083263788445,2.0945204777643083,0.0,0.0
56,True,0.8,SDFA_suffix_model,0.1,32,True,128,50,False,True,0.19359972290327065,0.37645514071269603,1.5439369834773242,0.0,0.0
56,False,0.8,SDFA_suffix_model,0.2,32,True,32,50,False,False,0.22534355032712397,0.37697342923438615,2.932285578325391,0.0,0.0
56,False,0.8,SDFA_suffix_model,0.2,32,True,128,50,False,False,0.1963860177394998,0.37631608669716365,1.2831276076473295,0.0,0.0
56,True,0.8,SDFA_suffix_model,0.2,32,True,32,50,False,False,0.22135280279169778,0.3772226215127384,3.2214007145166397,0.0,0.0
56,True,0.8,SDFA_suffix_model,0.2,32,True,64,50,False,False,0.21812720787753548,0.37598794245814376,2.0879150056652724,0.0,0.0
56,True,0.8,SDFA_suffix_model,0.2,32,True,128,50,False,False,0.1964955227767315,0.37631608669716365,1.5415244153514505,0.0,0.0
56,False,0.8,SDFA_suffix_model,0.2,32,True,32,50,False,True,0.223527781412143,0.3837184909521005,2.9499212680384517,0.0,0.0
56,False,0.8,SDFA_suffix_model,0.2,32,True,128,50,False,True,0.19617430800085178,0.3761773803166701,1.282887944187969,0.0,0.0
56,True,0.8,SDFA_suffix_model,0.2,32,True,32,50,False,True,0.21871649667313203,0.3717248537758528,3.2307288846746087,0.0,0.0
56,True,0.8,SDFA_suffix_model,0.2,32,True,64,50,False,True,0.22166639329911272,0.3759392735527075,2.0947641765885057,0.0,0.0
56,True,0.8,SDFA_suffix_model,0.2,32,True,128,50,False,True,0.19953828536285848,0.3824289584381755,1.5454048871062696,0.0,0.0
56,False,0.8,SDFA_suffix_model,0.5,32,True,32,50,False,False,0.22296026721125203,0.37518786761994355,2.9233200214244426,0.0,0.0
56,False,0.8,SDFA_suffix_model,0.5,32,True,128,50,False,False,0.1950657867707802,0.37231487920451906,1.2819308729842305,0.0,0.0
56,True,0.8,SDFA_suffix_model,0.5,32,True,32,50,False,False,0.21956142363501,0.37706201412479856,3.2139686089381576,0.0,0.0
56,True,0.8,SDFA_suffix_model,0.5,32,True,64,50,False,False,0.21829000378606048,0.3763770301868387,2.087475343365222,0.0,0.0
56,True,0.8,SDFA_suffix_model,0.5,32,True,128,50,False,False,0.19778029497149083,0.37322618865722146,1.5311425939947367,0.0,0.0
56,False,0.8,SDFA_suffix_model,0.5,32,True,32,50,False,True,0.21932652505911301,0.37405543067935937,2.933478084485978,0.0,0.0
56,False,0.8,SDFA_suffix_model,0.5,32,True,128,50,False,True,0.19700280920714563,0.37094405943685355,1.2843588468432428,0.0,0.0
56,True,0.8,SDFA_suffix_model,0.5,32,True,32,50,False,True,0.22183645003947117,0.3774195093574581,3.227191280014813,0.0,0.0
56,True,0.8,SDFA_suffix_model,0.5,32,True,64,50,False,True,0.2180386478513937,0.3732118807798076,2.0960686951875687,0.0,0.0
56,True,0.8,SDFA_suffix_model,0.5,32,True,128,50,False,True,0.19716706676299323,0.37358734985938125,1.5351105116494,0.0,0.0
56,False,0.8,SDFA_suffix_model,0.1,64,True,32,50,False,False,0.2363538472769739,0.386916593579649,2.9203504999913275,0.0,0.0
56,False,0.8,SDFA_suffix_model,0.1,64,True,128,50,False,False,0.20731959795691685,0.3872104259471858,1.289026502314955,0.0,0.0
56,True,0.8,SDFA_suffix_model,0.1,64,True,32,50,False,False,0.2276555998632209,0.39159455901213913,3.2081011485494675,0.0,0.0
56,True,0.8,SDFA_suffix_model,0.1,64,True,64,50,False,False,0.23168794509136142,0.38899906256228756,2.102890639528632,0.0,0.0
56,True,0.8,SDFA_suffix_model,0.1,64,True,128,50,False,False,0.21448253102326653,0.38839917475902974,1.5484350021369755,0.0,0.0
56,False,0.8,SDFA_suffix_model,0.1,64,True,32,50,False,True,0.23900979477523465,0.38914704288679597,2.944006142746657,0.0,0.0
56,False,0.8,SDFA_suffix_model,0.1,64,True,128,50,False,True,0.20502016599257034,0.38510225356479705,1.288340659532696,0.0,0.0
56,True,0.8,SDFA_suffix_model,0.1,64,True,32,50,False,True,0.24274269982219968,0.39115585671345865,3.2217814284935593,0.0,0.0
56,True,0.8,SDFA_suffix_model,0.1,64,True,64,50,False,True,0.21579883529620628,0.38335334340493515,2.0930010952986775,0.0,0.0
56,True,0.8,SDFA_suffix_model,0.1,64,True,128,50,False,True,0.2071693090089935,0.38346274108428696,1.5510486000217498,0.0,0.0
56,False,0.8,SDFA_suffix_model,0.2,64,True,32,50,False,False,0.21986718445325423,0.37710851821203856,2.935255080182105,0.0,0.0
56,False,0.8,SDFA_suffix_model,0.2,64,True,128,50,False,False,0.21267402294012,0.38528997648576563,1.2901338092796504,0.0,0.0
56,True,0.8,SDFA_suffix_model,0.2,64,True,32,50,False,False,0.22256179054799172,0.3833922087270011,3.2097397815436124,0.0,0.0
56,True,0.8,SDFA_suffix_model,0.2,64,True,64,50,False,False,0.22561128461259872,0.38357235347939833,2.091355328503996,0.0,0.0
56,True,0.8,SDFA_suffix_model,0.2,64,True,128,50,False,False,0.19163830280781627,0.3833829989546107,1.551858381126076,0.0,0.0
56,False,0.8,SDFA_suffix_model,0.2,64,True,32,50,False,True,0.2218792091492474,0.37826961924173363,2.9415166104212402,0.0,0.0
56,False,0.8,SDFA_suffix_model,0.2,64,True,128,50,False,True,0.2046833076399433,0.3897528361063109,1.2901041593775153,0.0,0.0
56,True,0.8,SDFA_suffix_model,0.2,64,True,32,50,False,True,0.20917106266974816,0.3777752495765746,3.2195419387333093,0.0,0.0
56,True,0.8,SDFA_suffix_model,0.2,64,True,64,50,False,True,0.23645862763799672,0.3940497738199965,2.0922598793916403,0.0,0.0
56,True,0.8,SDFA_suffix_model,0.2,64,True,128,50,False,True,0.1981147198788462,0.38196295853065126,1.5519453765824438,0.0,0.0
56,False,0.8,SDFA_suffix_model,0.5,64,True,32,50,False,False,0.23637672008237068,0.3908207343552593,2.944299571644515,0.0,0.0
56,False,0.8,SDFA_suffix_model,0.5,64,True,128,50,False,False,0.20536693194380418,0.3833240347037935,1.2931122345104813,0.0,0.0
56,True,0.8,SDFA_suffix_model,0.5,64,True,32,50,False,False,0.20843007858448023,0.372380288038383,3.204347065389156,0.0,0.0
56,True,0.8,SDFA_suffix_model,0.5,64,True,64,50,False,False,0.23041777356823373,0.39031845098794077,2.0871559110842646,0.0,0.0
56,True,0.8,SDFA_suffix_model,0.5,64,True,128,50,False,False,0.1905453382457321,0.37600477951989064,1.5525419580750168,0.0,0.0
56,False,0.8,SDFA_suffix_model,0.5,64,True,32,50,False,True,0.22299824633924434,0.38898237518666745,2.932957217618823,0.0,0.0
56,False,0.8,SDFA_suffix_model,0.5,64,True,128,50,False,True,0.19272718265819433,0.37902327155679877,1.2918022162653506,0.0,0.0
56,True,0.8,SDFA_suffix_model,0.5,64,True,32,50,False,True,0.21544987292359102,0.37102087702062775,3.23574260443449,0.0,0.0
56,True,0.8,SDFA_suffix_model,0.5,64,True,64,50,False,True,0.21374545783218515,0.37736439712023173,2.1042002143152057,0.0,0.0
56,True,0.8,SDFA_suffix_model,0.5,64,True,128,50,False,True,0.1793919025686437,0.36976246374146027,1.5539455814659595,0.0,0.0
56,False,0.8,suffix_model,0,16,False,32,50,True,False,0.6771862846600015,0.703675225283325,5.319223710391671,0,0
56,False,0.8,suffix_model,0,16,False,128,50,True,False,0.6299743176714254,0.7073943789942387,1.5874987657926978,0,0
56,False,0.8,suffix_model,0,16,False,32,50,False,False,0.24088642352439954,0.3895911678308986,2.709280958510935,0,0
56,False,0.8,suffix_model,0,16,False,128,50,False,False,0.19455157134197854,0.3784554775568918,1.2310944485850632,0,0
56,False,0.8,suffix_model,0,32,False,32,50,True,False,0.6778827714602991,0.3298933542609602,5.397773852329701,0,0
56,False,0.8,suffix_model,0,32,False,128,50,True,False,0.4165111074717587,0.6816798072711212,1.598475155569613,0,0
56,False,0.8,suffix_model,0,32,False,32,50,False,False,0.23463687782018844,0.37787452606769173,2.728658141698688,0,0
56,False,0.8,suffix_model,0,32,False,128,50,False,False,0.19204486198572887,0.37523887146094703,1.2284962010756135,0,0
56,False,0.8,suffix_model,0,64,False,32,50,True,False,0.6809148775844185,0.8028313135737435,5.382835421338678,0,0
56,False,0.8,suffix_model,0,64,False,128,50,True,False,0.4216262414521391,0.6524620382537555,1.6139775443263351,0,0
56,False,0.8,suffix_model,0,64,False,32,50,False,False,0.21813202736330156,0.3711453461661219,2.7206743369810282,0,0
56,False,0.8,suffix_model,0,64,False,128,50,False,False,0.19009108196033256,0.37504232274271676,1.261770856641233,0,0
8,False,0.8,SDFA_suffix_model,0.1,16,True,32,50,False,False,0.26950768241832745,0.39533702432654527,2.9053608762472867,0.0,0.0
8,False,0.8,SDFA_suffix_model,0.1,16,True,128,50,False,False,0.22591684001013865,0.3925692385084622,1.2786183310300112,0.0,0.0
8,True,0.8,SDFA_suffix_model,0.1,16,True,32,50,False,False,0.24825330774739365,0.38905757850547307,3.202363987583667,0.0,0.0
8,True,0.8,SDFA_suffix_model,0.1,16,True,64,50,False,False,0.23721610068521945,0.3973213950640699,2.0828707234188912,0.0,0.0
8,True,0.8,SDFA_suffix_model,0.1,16,True,128,50,False,False,0.22000059730020294,0.39641315730513293,1.5459817827492952,0.0,0.0
8,False,0.8,SDFA_suffix_model,0.1,16,True,32,50,False,True,0.23832414786751113,0.389978383910995,2.913510178141296,0.0,0.0
8,False,0.8,SDFA_suffix_model,0.1,16,True,128,50,False,True,0.2101346121878313,0.3955013978513701,1.2860282760486006,0.0,0.0
8,True,0.8,SDFA_suffix_model,0.1,16,True,32,50,False,True,0.23442967943624912,0.3974839023357513,3.190883056689054,0.0,0.0
8,True,0.8,SDFA_suffix_model,0.1,16,True,64,50,False,True,0.23060625496565004,0.39497869142602,2.093797955196351,0.0,0.0
8,True,0.8,SDFA_suffix_model,0.1,16,True,128,50,False,True,0.20909735614071978,0.3949487377910961,1.5598502158932388,0.0,0.0
8,False,0.8,SDFA_suffix_model,0.2,16,True,32,50,False,False,0.22311946035664726,0.38379430990739527,2.945375347174704,0.0,0.0
8,False,0.8,SDFA_suffix_model,0.2,16,True,128,50,False,False,0.20555565826590763,0.390574396069774,1.279534558467567,0.0,0.0
8,True,0.8,SDFA_suffix_model,0.2,16,True,32,50,False,False,0.2223882969612265,0.3916098638020231,3.1819207369163633,0.0,0.0
8,True,0.8,SDFA_suffix_model,0.2,16,True,64,50,False,False,0.23056716972617108,0.3903534265084433,2.080505750142038,0.0,0.0
8,True,0.8,SDFA_suffix_model,0.2,16,True,128,50,False,False,0.21025976080181047,0.3911783864240928,1.539542685225606,0.0,0.0
8,False,0.8,SDFA_suffix_model,0.2,16,True,32,50,False,True,0.23483736842803807,0.393173547084806,2.914296424034983,0.0,0.0
8,False,0.8,SDFA_suffix_model,0.2,16,True,128,50,False,True,0.2121262133252933,0.39260058810910603,1.2824648393131792,0.0,0.0
8,True,0.8,SDFA_suffix_model,0.2,16,True,32,50,False,True,0.23002140641759528,0.39713184767724935,3.2054006519168614,0.0,0.0
8,True,0.8,SDFA_suffix_model,0.2,16,True,64,50,False,True,0.21593570079115343,0.39039101874766624,2.09442897554487,0.0,0.0
8,True,0.8,SDFA_suffix_model,0.2,16,True,128,50,False,True,0.19719972075425393,0.3910803800842994,1.5413642710819841,0.0,0.0
8,False,0.8,SDFA_suffix_model,0.5,16,True,32,50,False,False,0.22445820289118504,0.3947515413731454,2.9097494161129,0.0,0.0
8,False,0.8,SDFA_suffix_model,0.5,16,True,128,50,False,False,0.19577693744907904,0.38102097509417454,1.2820020828023553,0.0,0.0
8,True,0.8,SDFA_suffix_model,0.5,16,True,32,50,False,False,0.22582956781379857,0.393044472382801,3.188836338482797,0.0,0.0
8,True,0.8,SDFA_suffix_model,0.5,16,True,64,50,False,False,0.21299305709621022,0.39035744620839297,2.0720107657834888,0.0,0.0
8,True,0.8,SDFA_suffix_model,0.5,16,True,128,50,False,False,0.19148512216843316,0.38010664085198215,1.5389392944984137,0.0,0.0
8,False,0.8,SDFA_suffix_model,0.5,16,True,32,50,False,True,0.21948209173898972,0.388422336157995,2.9290199634246528,0.0,0.0
8,False,0.8,SDFA_suffix_model,0.5,16,True,128,50,False,True,0.1933846000206048,0.39212242948377257,1.2819313033111392,0.0,0.0
8,True,0.8,SDFA_suffix_model,0.5,16,True,32,50,False,True,0.22141787375032992,0.381012943630822,3.1956552901305257,0.0,0.0
8,True,0.8,SDFA_suffix_model,0.5,16,True,64,50,False,True,0.20909737194231212,0.3895498870637976,2.0843962615542115,0.0,0.0
8,True,0.8,SDFA_suffix_model,0.5,16,True,128,50,False,True,0.192070128732415,0.37949259882571273,1.544761388991028,0.0,0.0
8,False,0.8,SDFA_suffix_model,0.1,32,True,32,50,False,False,0.2471204441638076,0.3877374543941309,2.941920953746885,0.0,0.0
8,False,0.8,SDFA_suffix_model,0.1,32,True,128,50,False,False,0.2147407053451729,0.3981903592260198,1.2863860229589046,0.0,0.0
8,True,0.8,SDFA_suffix_model,0.1,32,True,32,50,False,False,0.24972118879806085,0.3933631861718544,3.2127094291336835,0.0,0.0
8,True,0.8,SDFA_suffix_model,0.1,32,True,64,50,False,False,0.2397886236749574,0.3918938616932999,2.0908756076171993,0.0,0.0
8,True,0.8,SDFA_suffix_model,0.1,32,True,128,50,False,False,0.21664392817480846,0.3918611065289463,1.5490263849124313,0.0,0.0
8,False,0.8,SDFA_suffix_model,0.1,32,True,32,50,False,True,0.2438416373863147,0.3949949705652911,2.9364737701788544,0.0,0.0
8,False,0.8,SDFA_suffix_model,0.1,32,True,128,50,False,True,0.21728209919734232,0.39190629894099366,1.274930188525468,0.0,0.0
8,True,0.8,SDFA_suffix_model,0.1,32,True,32,50,False,True,0.24500239078097094,0.40013491056998907,3.2231776723079384,0.0,0.0
8,True,0.8,SDFA_suffix_model,0.1,32,True,64,50,False,True,0.23821375004029394,0.3949978166677044,2.0989185115136206,0.0,0.0
8,True,0.8,SDFA_suffix_model,0.1,32,True,128,50,False,True,0.21996792750734934,0.3919420270927833,1.5367673444189132,0.0,0.0
8,False,0.8,SDFA_suffix_model,0.2,32,True,32,50,False,False,0.24911066266191031,0.3930107524990371,2.9293088456988334,0.0,0.0
8,False,0.8,SDFA_suffix_model,0.2,32,True,128,50,False,False,0.2188139529959504,0.3967088385051078,1.2776535255089403,0.0,0.0
8,True,0.8,SDFA_suffix_model,0.2,32,True,32,50,False,False,0.24121927617328331,0.39750324747885796,3.2141846753284335,0.0,0.0
8,True,0.8,SDFA_suffix_model,0.2,32,True,64,50,False,False,0.2415932682686953,0.3966522829246682,2.0877368273958563,0.0,0.0
8,True,0.8,SDFA_suffix_model,0.2,32,True,128,50,False,False,0.21881351845215188,0.3965701321246143,1.533732299208641,0.0,0.0
8,False,0.8,SDFA_suffix_model,0.2,32,True,32,50,False,True,0.24414097485713757,0.4031790704191918,2.9358591384999455,0.0,0.0
8,False,0.8,SDFA_suffix_model,0.2,32,True,128,50,False,True,0.2115973103161013,0.3868844486845436,1.2881559876166284,0.0,0.0
8,True,0.8,SDFA_suffix_model,0.2,32,True,32,50,False,True,0.24520056645549376,0.3935626280830536,3.2439790904149413,0.0,0.0
8,True,0.8,SDFA_suffix_model,0.2,32,True,64,50,False,True,0.24001300629092992,0.39602109416833453,2.1010903565958143,0.0,0.0
8,True,0.8,SDFA_suffix_model,0.2,32,True,128,50,False,True,0.21992534221509255,0.397586327544459,1.547827405463904,0.0,0.0
8,False,0.8,SDFA_suffix_model,0.5,32,True,32,50,False,False,0.24637930996340948,0.39862389286381217,2.941394165661186,0.0,0.0
8,False,0.8,SDFA_suffix_model,0.5,32,True,128,50,False,False,0.2211168613106852,0.3922398634123015,1.286998774111271,0.0,0.0
8,True,0.8,SDFA_suffix_model,0.5,32,True,32,50,False,False,0.24584245875310254,0.3932295007116824,3.2163569277524946,0.0,0.0
8,True,0.8,SDFA_suffix_model,0.5,32,True,64,50,False,False,0.2425647343847081,0.3959844043001526,2.0801683448255064,0.0,0.0
8,True,0.8,SDFA_suffix_model,0.5,32,True,128,50,False,False,0.21942214049638492,0.39692784857957125,1.5474239193275572,0.0,0.0
8,False,0.8,SDFA_suffix_model,0.5,32,True,32,50,False,True,0.2443927495340106,0.3983124936118741,2.9446543052233753,0.0,0.0
8,False,0.8,SDFA_suffix_model,0.5,32,True,128,50,False,True,0.21560528158754197,0.3884952830976108,1.2847809365205467,0.0,0.0
8,True,0.8,SDFA_suffix_model,0.5,32,True,32,50,False,True,0.24213433850424604,0.3967043760181145,3.227789971344173,0.0,0.0
8,True,0.8,SDFA_suffix_model,0.5,32,True,64,50,False,True,0.2365275304828522,0.39344592223106156,2.09861815739423,0.0,0.0
8,True,0.8,SDFA_suffix_model,0.5,32,True,128,50,False,True,0.2184522387380469,0.39062040604866094,1.5481996064260601,0.0,0.0
8,False,0.8,SDFA_suffix_model,0.1,64,True,32,50,False,False,0.2361403045535757,0.37836753563399955,2.9371486962400377,0.0,0.0
8,False,0.8,SDFA_suffix_model,0.1,64,True,128,50,False,False,0.19341654294019558,0.3761986516914238,1.2833468879573047,0.0,0.0
8,True,0.8,SDFA_suffix_model,0.1,64,True,32,50,False,False,0.22489111912567752,0.37847123419367706,3.213325051702559,0.0,0.0
8,True,0.8,SDFA_suffix_model,0.1,64,True,64,50,False,False,0.21068864763017076,0.376826455439155,2.098444782905281,0.0,0.0
8,True,0.8,SDFA_suffix_model,0.1,64,True,128,50,False,False,0.19335144827917455,0.3762017147693883,1.5570748928375542,0.0,0.0
8,False,0.8,SDFA_suffix_model,0.1,64,True,32,50,False,True,0.22999483603951354,0.38699072137127194,2.9402122830972077,0.0,0.0
8,False,0.8,SDFA_suffix_model,0.1,64,True,128,50,False,True,0.1938332704429941,0.38377962379275943,1.2863945213146508,0.0,0.0
8,True,0.8,SDFA_suffix_model,0.1,64,True,32,50,False,True,0.22249278499278374,0.3786001599960588,3.2322957878746092,0.0,0.0
8,True,0.8,SDFA_suffix_model,0.1,64,True,64,50,False,True,0.2172932472209727,0.37652095109291467,2.1102168059907855,0.0,0.0
8,True,0.8,SDFA_suffix_model,0.1,64,True,128,50,False,True,0.1953639707253371,0.3762507313098635,1.5565771085582674,0.0,0.0
8,False,0.8,SDFA_suffix_model,0.2,64,True,32,50,False,False,0.2221733953008579,0.3785581128695833,2.9375419925712047,0.0,0.0
8,False,0.8,SDFA_suffix_model,0.2,64,True,128,50,False,False,0.1947069405019468,0.37613881956851686,1.2818037972413003,0.0,0.0
8,True,0.8,SDFA_suffix_model,0.2,64,True,32,50,False,False,0.22192335879917932,0.3761157083449736,3.21721402021125,0.0,0.0
8,True,0.8,SDFA_suffix_model,0.2,64,True,64,50,False,False,0.21756753126661027,0.3770222092157235,2.0987720141373574,0.0,0.0
8,True,0.8,SDFA_suffix_model,0.2,64,True,128,50,False,False,0.1935595078499148,0.37611222548804624,1.5496506267413497,0.0,0.0
8,False,0.8,SDFA_suffix_model,0.2,64,True,32,50,False,True,0.22049536096842148,0.37833225918610813,2.9339099762775005,0.0,0.0
8,False,0.8,SDFA_suffix_model,0.2,64,True,128,50,False,True,0.19525446568810534,0.3761826215834095,1.2831270665116608,0.0,0.0
8,True,0.8,SDFA_suffix_model,0.2,64,True,32,50,False,True,0.22233548013771284,0.3783400153370969,3.229020703881979,0.0,0.0
8,True,0.8,SDFA_suffix_model,0.2,64,True,64,50,False,True,0.2275684619804201,0.37238315045042036,2.102669354863465,0.0,0.0
8,True,0.8,SDFA_suffix_model,0.2,64,True,128,50,False,True,0.19364352491816333,0.37613881956851686,1.5523193118162453,0.0,0.0
8,False,0.8,SDFA_suffix_model,0.5,64,True,32,50,False,False,0.22099482561046171,0.3773976083500118,2.9370196941681206,0.0,0.0
8,False,0.8,SDFA_suffix_model,0.5,64,True,128,50,False,False,0.19523621484856674,0.37613881956851686,1.2806739600375294,0.0,0.0
8,True,0.8,SDFA_suffix_model,0.5,64,True,32,50,False,False,0.21910768880216863,0.37578335902329096,3.219969913866371,0.0,0.0
8,True,0.8,SDFA_suffix_model,0.5,64,True,64,50,False,False,0.21380177470847567,0.3704364258361536,2.1025882078520954,0.0,0.0
8,True,0.8,SDFA_suffix_model,0.5,64,True,128,50,False,False,0.19723276978533225,0.3733531021875515,1.55072970867157,0.0,0.0
8,False,0.8,SDFA_suffix_model,0.5,64,True,32,50,False,True,0.22129518228401163,0.3773976083500118,2.9315828986652197,0.0,0.0
8,False,0.8,SDFA_suffix_model,0.5,64,True,128,50,False,True,0.19731952842990955,0.3824390665954584,1.2801197004131972,0.0,0.0
8,True,0.8,SDFA_suffix_model,0.5,64,True,32,50,False,True,0.22321882077138203,0.3784097429035393,3.2205187978222964,0.0,0.0
8,True,0.8,SDFA_suffix_model,0.5,64,True,64,50,False,True,0.21702887077394192,0.3758258973755218,2.107809948902577,0.0,0.0
8,True,0.8,SDFA_suffix_model,0.5,64,True,128,50,False,True,0.18995314195708385,0.3751318837389791,1.553785572014749,0.0,0.0
8,False,0.8,suffix_model,0,16,False,32,50,True,False,0.44441254396411256,0.5843985740010722,5.300661000609398,0,0
8,False,0.8,suffix_model,0,16,False,128,50,True,False,0.5554390425119722,0.6137285738303988,1.6285306630842387,0,0
8,False,0.8,suffix_model,0,16,False,32,50,False,False,0.23138861552133497,0.3829323290229926,2.689581316169351,0,0
8,False,0.8,suffix_model,0,16,False,128,50,False,False,0.21851922168939256,0.37826805987121304,1.2282692863792182,0,0
8,False,0.8,suffix_model,0,32,False,32,50,True,False,0.43131743724714616,0.5900585938858041,5.292079470045865,0,0
8,False,0.8,suffix_model,0,32,False,128,50,True,False,0.458955987191867,0.24293418747262302,1.6320945141837,0,0
8,False,0.8,suffix_model,0,32,False,32,50,False,False,0.23589505593447685,0.37798704556260276,2.7298830612935125,0,0
8,False,0.8,suffix_model,0,32,False,128,50,False,False,0.19687629375539992,0.3754187981191916,1.2295224474556745,0,0
8,False,0.8,suffix_model,0,64,False,32,50,True,False,0.6568308704970978,0.5587843565663927,5.41682814558968,0,0
8,False,0.8,suffix_model,0,64,False,128,50,True,False,0.6276713461503194,0.4585794598703298,1.6609503693319858,0,0
8,False,0.8,suffix_model,0,64,False,32,50,False,False,0.23319322851188742,0.37679142522083253,2.7441729262284933,0,0
8,False,0.8,suffix_model,0,64,False,128,50,False,False,0.19275327108769902,0.3747634246320182,1.272304609194398,0,0
15,False,0.8,SDFA_suffix_model,0.1,16,True,32,50,False,False,0.2507528431805698,0.3859825967578852,2.9069227587245403,0.0,0.0
15,False,0.8,SDFA_suffix_model,0.1,16,True,128,50,False,False,0.20247166932449429,0.3858521724318421,1.2784129229187966,0.0,0.0
15,True,0.8,SDFA_suffix_model,0.1,16,True,32,50,False,False,0.23595215498960503,0.3793261782749283,3.179657428599894,0.0,0.0
15,True,0.8,SDFA_suffix_model,0.1,16,True,64,50,False,False,0.23578694143740123,0.38834195442131375,2.0666050361283124,0.0,0.0
15,True,0.8,SDFA_suffix_model,0.1,16,True,128,50,False,False,0.2106524619829479,0.3821057738436163,1.5354323680512607,0.0,0.0
15,False,0.8,SDFA_suffix_model,0.1,16,True,32,50,False,True,0.24551526307439536,0.3963207864957402,2.916185159832239,0.0,0.0
15,False,0.8,SDFA_suffix_model,0.1,16,True,128,50,False,True,0.2310329137694439,0.4037073639541021,1.276031468361616,0.0,0.0
15,True,0.8,SDFA_suffix_model,0.1,16,True,32,50,False,True,0.2586036353776161,0.4054765972398099,3.1944496701285243,0.0,0.0
15,True,0.8,SDFA_suffix_model,0.1,16,True,64,50,False,True,0.2521292646128387,0.40739299203004825,2.082794913034886,0.0,0.0
15,True,0.8,SDFA_suffix_model,0.1,16,True,128,50,False,True,0.21306226807212345,0.3982441925700527,1.5402128102630377,0.0,0.0
15,False,0.8,SDFA_suffix_model,0.2,16,True,32,50,False,False,0.24760029112854315,0.40773438919448396,2.8941213914379476,0.0,0.0
15,False,0.8,SDFA_suffix_model,0.2,16,True,128,50,False,False,0.21528183088629851,0.4060036710820009,1.2651423930749297,0.0,0.0
15,True,0.8,SDFA_suffix_model,0.2,16,True,32,50,False,False,0.26065337847532255,0.40872456622136577,3.1756929004751147,0.0,0.0
15,True,0.8,SDFA_suffix_model,0.2,16,True,64,50,False,False,0.24975343984870904,0.41709593566570713,2.0773391717113556,0.0,0.0
15,True,0.8,SDFA_suffix_model,0.2,16,True,128,50,False,False,0.21802015208716904,0.40679756746171697,1.5258194941468537,0.0,0.0
15,False,0.8,SDFA_suffix_model,0.2,16,True,32,50,False,True,0.2615053450467371,0.41107567822876384,2.8911757888272405,0.0,0.0
15,False,0.8,SDFA_suffix_model,0.2,16,True,128,50,False,True,0.22325232014785223,0.4241635496847219,1.267350081987679,0.0,0.0
15,True,0.8,SDFA_suffix_model,0.2,16,True,32,50,False,True,0.24744437681362733,0.40514880186451024,3.1950196412950755,0.0,0.0
15,True,0.8,SDFA_suffix_model,0.2,16,True,64,50,False,True,0.23862407789805948,0.40553178415170005,2.0860923860967158,0.0,0.0
15,True,0.8,SDFA_suffix_model,0.2,16,True,128,50,False,True,0.22574338592735382,0.4058649476844076,1.5393375874496997,0.0,0.0
15,False,0.8,SDFA_suffix_model,0.5,16,True,32,50,False,False,0.2594325711277084,0.409402705165465,2.9141214768588544,0.0,0.0
15,False,0.8,SDFA_suffix_model,0.5,16,True,128,50,False,False,0.2194025228190798,0.40645190392182373,1.2812550715915858,0.0,0.0
15,True,0.8,SDFA_suffix_model,0.5,16,True,32,50,False,False,0.24600299503387502,0.40639931888197256,3.1753380030952396,0.0,0.0
15,True,0.8,SDFA_suffix_model,0.5,16,True,64,50,False,False,0.24762347996579248,0.4062692014564243,2.0643429425545037,0.0,0.0
15,True,0.8,SDFA_suffix_model,0.5,16,True,128,50,False,False,0.21858662338294388,0.3936040999039837,1.5354836195334791,0.0,0.0
15,False,0.8,SDFA_suffix_model,0.5,16,True,32,50,False,True,0.2748351103804441,0.42203232978942695,2.907211383767426,0.0,0.0
15,False,0.8,SDFA_suffix_model,0.5,16,True,128,50,False,True,0.22074135226237712,0.4065726953002483,1.2686868030391634,0.0,0.0
15,True,0.8,SDFA_suffix_model,0.5,16,True,32,50,False,True,0.24833319269915805,0.4096666683400719,3.1812404449097813,0.0,0.0
15,True,0.8,SDFA_suffix_model,0.5,16,True,64,50,False,True,0.24007006584207644,0.4052514969619009,2.085437712278217,0.0,0.0
15,True,0.8,SDFA_suffix_model,0.5,16,True,128,50,False,True,0.21930501119068777,0.4064775815099192,1.531612777262926,0.0,0.0
15,False,0.8,SDFA_suffix_model,0.1,32,True,32,50,False,False,0.24009005485680768,0.37664068301387643,2.920667601078749,0.0,0.0
15,False,0.8,SDFA_suffix_model,0.1,32,True,128,50,False,False,0.18161928717119258,0.3704148033228409,1.2699154631607235,0.0,0.0
15,True,0.8,SDFA_suffix_model,0.1,32,True,32,50,False,False,0.2226873500033807,0.3784600563007451,3.2165980808250607,0.0,0.0
15,True,0.8,SDFA_suffix_model,0.1,32,True,64,50,False,False,0.20330702052121175,0.3711971722440751,2.082912642993033,0.0,0.0
15,True,0.8,SDFA_suffix_model,0.1,32,True,128,50,False,False,0.183830743768326,0.3712224696644406,1.5283842919394375,0.0,0.0
15,False,0.8,SDFA_suffix_model,0.1,32,True,32,50,False,True,0.20812589792550312,0.372043957519727,2.9335522396862506,0.0,0.0
15,False,0.8,SDFA_suffix_model,0.1,32,True,128,50,False,True,0.18100916397565556,0.3714801936409561,1.2691419228725136,0.0,0.0
15,True,0.8,SDFA_suffix_model,0.1,32,True,32,50,False,True,0.20785994131920518,0.37172760963439055,3.2241215403191745,0.0,0.0
15,True,0.8,SDFA_suffix_model,0.1,32,True,64,50,False,True,0.20348429858942288,0.3700464291583776,2.0899124184437095,0.0,0.0
15,True,0.8,SDFA_suffix_model,0.1,32,True,128,50,False,True,0.18128396947385136,0.37104469978059507,1.5446327000670135,0.0,0.0
15,False,0.8,SDFA_suffix_model,0.2,32,True,32,50,False,False,0.221222178925857,0.37901432251068895,2.931886618267745,0.0,0.0
15,False,0.8,SDFA_suffix_model,0.2,32,True,128,50,False,False,0.18366022878177948,0.3712642466444567,1.2698159391991795,0.0,0.0
15,True,0.8,SDFA_suffix_model,0.2,32,True,32,50,False,False,0.2095543144984667,0.3731710055452055,3.197341539952904,0.0,0.0
15,True,0.8,SDFA_suffix_model,0.2,32,True,64,50,False,False,0.20289670846503927,0.3709715305057175,2.0864782505482435,0.0,0.0
15,True,0.8,SDFA_suffix_model,0.2,32,True,128,50,False,False,0.18370403079667216,0.37154873851896164,1.5374755234457553,0.0,0.0
15,False,0.8,SDFA_suffix_model,0.2,32,True,32,50,False,True,0.20989457809431478,0.37335629502090223,2.929272198006511,0.0,0.0
15,False,0.8,SDFA_suffix_model,0.2,32,True,128,50,False,True,0.18359452575944046,0.37130804865934935,1.2683044060319661,0.0,0.0
15,True,0.8,SDFA_suffix_model,0.2,32,True,32,50,False,True,0.20972727873187744,0.37362017139400044,3.2234445283934474,0.0,0.0
15,True,0.8,SDFA_suffix_model,0.2,32,True,64,50,False,True,0.20562694715125676,0.37097298471699625,2.092622351218015,0.0,0.0
15,True,0.8,SDFA_suffix_model,0.2,32,True,128,50,False,True,0.1820149590517529,0.37099330463566976,1.5460190895944834,0.0,0.0
15,False,0.8,SDFA_suffix_model,0.5,32,True,32,50,False,False,0.2097941826752599,0.3726618250150579,2.93215458964929,0.0,0.0
15,False,0.8,SDFA_suffix_model,0.5,32,True,128,50,False,False,0.19839578280774092,0.38245967673433395,1.2711141048558057,0.0,0.0
15,True,0.8,SDFA_suffix_model,0.5,32,True,32,50,False,False,0.20733111731797627,0.37343272732466726,3.2036428882181642,0.0,0.0
15,True,0.8,SDFA_suffix_model,0.5,32,True,64,50,False,False,0.21342161999192158,0.37001112596932934,2.0853172124922277,0.0,0.0
15,True,0.8,SDFA_suffix_model,0.5,32,True,128,50,False,False,0.19436738797776906,0.3708966072540532,1.5394013654068113,0.0,0.0
15,False,0.8,SDFA_suffix_model,0.5,32,True,32,50,False,True,0.20929186584574191,0.37290239241232703,2.9254738336242734,0.0,0.0
15,False,0.8,SDFA_suffix_model,0.5,32,True,128,50,False,True,0.18265851841738837,0.37141790133161995,1.2723015949875116,0.0,0.0
15,True,0.8,SDFA_suffix_model,0.5,32,True,32,50,False,True,0.2154782051792554,0.376744795989984,3.2156392013281585,0.0,0.0
15,True,0.8,SDFA_suffix_model,0.5,32,True,64,50,False,True,0.21217658090194128,0.3756236462664727,2.0941768058016894,0.0,0.0
15,True,0.8,SDFA_suffix_model,0.5,32,True,128,50,False,True,0.194462624176816,0.3723115450684648,1.5478782272525131,0.0,0.0
15,False,0.8,SDFA_suffix_model,0.1,64,True,32,50,False,False,0.23450060488496693,0.37723209651593237,2.930919736288488,0.0,0.0
15,False,0.8,SDFA_suffix_model,0.1,64,True,128,50,False,False,0.19145501223359268,0.37573471449949747,1.2794312273524702,0.0,0.0
15,True,0.8,SDFA_suffix_model,0.1,64,True,32,50,False,False,0.22195273395996007,0.37659315169798596,3.205237751454115,0.0,0.0
15,True,0.8,SDFA_suffix_model,0.1,64,True,64,50,False,False,0.21837213256398424,0.37638398288761526,2.1034204956516622,0.0,0.0
15,True,0.8,SDFA_suffix_model,0.1,64,True,128,50,False,False,0.19650647328045465,0.3760504935274969,1.5482505576126278,0.0,0.0
15,False,0.8,SDFA_suffix_model,0.1,64,True,32,50,False,True,0.22198923563903733,0.37687255545965004,2.9262531908787786,0.0,0.0
15,False,0.8,SDFA_suffix_model,0.1,64,True,128,50,False,True,0.19482290048978573,0.3761526982289132,1.2798506623134016,0.0,0.0
15,True,0.8,SDFA_suffix_model,0.1,64,True,32,50,False,True,0.22274299531198227,0.37817128349950824,3.2130310870707035,0.0,0.0
15,True,0.8,SDFA_suffix_model,0.1,64,True,64,50,False,True,0.2182256043951171,0.37623655402796563,2.1048077584058045,0.0,0.0
15,True,0.8,SDFA_suffix_model,0.1,64,True,128,50,False,True,0.19386864230819512,0.3760652546460688,1.549918988198042,0.0,0.0
15,False,0.8,SDFA_suffix_model,0.2,64,True,32,50,False,False,0.22055602328269755,0.3773976083500118,2.9244646369852125,0.0,0.0
15,False,0.8,SDFA_suffix_model,0.2,64,True,128,50,False,False,0.1896539150974101,0.37487115745985594,1.2893470561131835,0.0,0.0
15,True,0.8,SDFA_suffix_model,0.2,64,True,32,50,False,False,0.22273882369151635,0.3784783740825514,3.206235468517989,0.0,0.0
15,True,0.8,SDFA_suffix_model,0.2,64,True,64,50,False,False,0.21554273098294008,0.375803274356841,2.096629171799868,0.0,0.0
15,True,0.8,SDFA_suffix_model,0.2,64,True,128,50,False,False,0.19453045251336934,0.37631608669716365,1.5515639008022846,0.0,0.0
15,False,0.8,SDFA_suffix_model,0.2,64,True,32,50,False,True,0.21984606562464518,0.3766369537128787,2.927495950255543,0.0,0.0
15,False,0.8,SDFA_suffix_model,0.2,64,True,128,50,False,True,0.19399785193149166,0.37620136713434943,1.2893024918995797,0.0,0.0
15,True,0.8,SDFA_suffix_model,0.2,64,True,32,50,False,True,0.2200358743558469,0.37672474493076197,3.2187709091603756,0.0,0.0
15,True,0.8,SDFA_suffix_model,0.2,64,True,64,50,False,True,0.22427619224596856,0.38280448359194874,2.10141976185143,0.0,0.0
15,True,0.8,SDFA_suffix_model,0.2,64,True,128,50,False,True,0.19235953490224164,0.3749702990833077,1.5540969757921994,0.0,0.0
15,False,0.8,SDFA_suffix_model,0.5,64,True,32,50,False,False,0.2195248508487656,0.37674664593820834,2.917006822768599,0.0,0.0
15,False,0.8,SDFA_suffix_model,0.5,64,True,128,50,False,False,0.19169913893961163,0.3750220310667085,1.2889407716318966,0.0,0.0
15,True,0.8,SDFA_suffix_model,0.5,64,True,32,50,False,False,0.22055602328269752,0.3769051675159152,3.206386784464121,0.0,0.0
15,True,0.8,SDFA_suffix_model,0.5,64,True,64,50,False,False,0.2149738262418934,0.37522654782742065,2.0874159841053186,0.0,0.0
15,True,0.8,SDFA_suffix_model,0.5,64,True,128,50,False,False,0.19182689481638196,0.3751367506295226,1.5527646536193789,0.0,0.0
15,False,0.8,SDFA_suffix_model,0.5,64,True,32,50,False,True,0.22164194823524536,0.3782909987966217,2.9436561466939746,0.0,0.0
15,False,0.8,SDFA_suffix_model,0.5,64,True,128,50,False,True,0.19262756151718025,0.3750220310667085,1.2953387513943015,0.0,0.0
15,True,0.8,SDFA_suffix_model,0.5,64,True,32,50,False,True,0.22154668043301373,0.3734290239425717,3.2136627031862735,0.0,0.0
15,True,0.8,SDFA_suffix_model,0.5,64,True,64,50,False,True,0.21498608037701222,0.3752216809368771,2.094074139986187,0.0,0.0
15,True,0.8,SDFA_suffix_model,0.5,64,True,128,50,False,True,0.20359573142096102,0.38223438847617075,1.5527823724225163,0.0,0.0
15,False,0.8,suffix_model,0,16,False,32,50,True,False,0.39275138279737565,0.6093318201728393,5.267976017110049,0,0
15,False,0.8,suffix_model,0,16,False,128,50,True,False,0.5650578354093502,0.7505801159710567,1.601339746583253,0,0
15,False,0.8,suffix_model,0,16,False,32,50,False,False,0.24081541906771828,0.3764236748796526,2.706767788473517,0,0
15,False,0.8,suffix_model,0,16,False,128,50,False,False,0.1936875244529645,0.3750749558078755,1.2136547179706394,0,0
15,False,0.8,suffix_model,0,32,False,32,50,True,False,0.5507082905900257,0.5297317039678899,5.278629332687705,0,0
15,False,0.8,suffix_model,0,32,False,128,50,True,False,0.6082791496720608,0.3558639947437687,1.5753709897212684,0,0
15,False,0.8,suffix_model,0,32,False,32,50,False,False,0.2317299457246886,0.37737230392260485,2.7318435093946754,0,0
15,False,0.8,suffix_model,0,32,False,128,50,False,False,0.19195282560919838,0.37743274832147766,1.2210443561896682,0,0
15,False,0.8,suffix_model,0,64,False,32,50,True,False,0.46549317718832595,0.6894292006479864,5.272199634909629,0,0
15,False,0.8,suffix_model,0,64,False,128,50,True,False,0.6299743176714254,0.8092048730758722,1.6081982171349227,0,0
15,False,0.8,suffix_model,0,64,False,32,50,False,False,0.22915867106077273,0.37172217717553024,2.7267420491017402,0,0
15,False,0.8,suffix_model,0,64,False,128,50,False,False,0.19616579884319674,0.3768218446273621,1.2663271601870656,0,0
76,False,0.8,SDFA_suffix_model,0.1,16,True,32,50,False,False,0.25309215046402894,0.39139400757530124,2.900069737713784,0.0,0.0
76,False,0.8,SDFA_suffix_model,0.1,16,True,128,50,False,False,0.22080818509859218,0.40652844832037094,1.2671517833694816,0.0,0.0
76,True,0.8,SDFA_suffix_model,0.1,16,True,32,50,False,False,0.2564560251156825,0.3962206004110891,3.171842842437327,0.0,0.0
76,True,0.8,SDFA_suffix_model,0.1,16,True,64,50,False,False,0.25472818416313775,0.4028225270076376,2.076033096909523,0.0,0.0
76,True,0.8,SDFA_suffix_model,0.1,16,True,128,50,False,False,0.23439150278834806,0.40283553543643025,1.5257098199985921,0.0,0.0
76,False,0.8,SDFA_suffix_model,0.1,16,True,32,50,False,True,0.24733565395523283,0.39973516445723756,2.9071820952557026,0.0,0.0
76,False,0.8,SDFA_suffix_model,0.1,16,True,128,50,False,True,0.2321208376234648,0.4028949532680324,1.276241797748953,0.0,0.0
76,True,0.8,SDFA_suffix_model,0.1,16,True,32,50,False,True,0.23028833482184238,0.39775007508687293,3.19516112210229,0.0,0.0
76,True,0.8,SDFA_suffix_model,0.1,16,True,64,50,False,True,0.224690067561289,0.3970226439907679,2.079349228590727,0.0,0.0
76,True,0.8,SDFA_suffix_model,0.1,16,True,128,50,False,True,0.2185352603059566,0.3939729797730363,1.5339375470392407,0.0,0.0
76,False,0.8,SDFA_suffix_model,0.2,16,True,32,50,False,False,0.24014082537407042,0.39924412054470926,2.8929408101178704,0.0,0.0
76,False,0.8,SDFA_suffix_model,0.2,16,True,128,50,False,False,0.2099960401208755,0.3932747681681236,1.2824365945346654,0.0,0.0
76,True,0.8,SDFA_suffix_model,0.2,16,True,32,50,False,False,0.24409804192984164,0.3961336973262632,3.189980871025473,0.0,0.0
76,True,0.8,SDFA_suffix_model,0.2,16,True,64,50,False,False,0.23081158876165442,0.3931306381054447,2.0778270491957667,0.0,0.0
76,True,0.8,SDFA_suffix_model,0.2,16,True,128,50,False,False,0.21800509316935057,0.39268668923112227,1.5370597431622446,0.0,0.0
76,False,0.8,SDFA_suffix_model,0.2,16,True,32,50,False,True,0.24298760870705635,0.39668186562294455,2.89670896878466,0.0,0.0
76,False,0.8,SDFA_suffix_model,0.2,16,True,128,50,False,True,0.21951408996415572,0.39341879646782874,1.2775295970588922,0.0,0.0
76,True,0.8,SDFA_suffix_model,0.2,16,True,32,50,False,True,0.24948586357916153,0.40086141341190656,3.2016565384343267,0.0,0.0
76,True,0.8,SDFA_suffix_model,0.2,16,True,64,50,False,True,0.23575624684363158,0.39376998611425634,2.0834072728641333,0.0,0.0
76,True,0.8,SDFA_suffix_model,0.2,16,True,128,50,False,True,0.22248150265561553,0.3936168484823758,1.5394610061310232,0.0,0.0
76,False,0.8,SDFA_suffix_model,0.5,16,True,32,50,False,False,0.24019662079780305,0.39477197080317844,2.90064293442294,0.0,0.0
76,False,0.8,SDFA_suffix_model,0.5,16,True,128,50,False,False,0.22578403552450851,0.39147317049795805,1.2809916371293366,0.0,0.0
76,True,0.8,SDFA_suffix_model,0.5,16,True,32,50,False,False,0.24539626918076293,0.3944852612180425,3.1876320469193162,0.0,0.0
76,True,0.8,SDFA_suffix_model,0.5,16,True,64,50,False,False,0.2339788757988494,0.3918743226128308,2.0751005326583982,0.0,0.0
76,True,0.8,SDFA_suffix_model,0.5,16,True,128,50,False,False,0.22068857494284566,0.3947467649795525,1.5368358048796653,0.0,0.0
76,False,0.8,SDFA_suffix_model,0.5,16,True,32,50,False,True,0.24639869061682432,0.3979050849478287,2.910500327497721,0.0,0.0
76,False,0.8,SDFA_suffix_model,0.5,16,True,128,50,False,True,0.22641567258847184,0.4013819336093913,1.2811499782837927,0.0,0.0
76,True,0.8,SDFA_suffix_model,0.5,16,True,32,50,False,True,0.25364156394051274,0.40115416873287696,3.1904520836658774,0.0,0.0
76,True,0.8,SDFA_suffix_model,0.5,16,True,64,50,False,True,0.24306171027590182,0.39563302370621106,2.0725810699909926,0.0,0.0
76,True,0.8,SDFA_suffix_model,0.5,16,True,128,50,False,True,0.22045912001562473,0.40016615241950443,1.5414496196620167,0.0,0.0
76,False,0.8,SDFA_suffix_model,0.1,32,True,32,50,False,False,0.23161862350429938,0.3761747900709792,2.9472601228393613,0.0,0.0
76,False,0.8,SDFA_suffix_model,0.1,32,True,128,50,False,False,0.19540475463602916,0.3759118527843887,1.284617352038622,0.0,0.0
76,True,0.8,SDFA_suffix_model,0.1,32,True,32,50,False,False,0.2212050579001951,0.3750740220067555,3.2083947343751786,0.0,0.0
76,True,0.8,SDFA_suffix_model,0.1,32,True,64,50,False,False,0.21496652590607832,0.3732215063807608,2.07249777559191,0.0,0.0
76,True,0.8,SDFA_suffix_model,0.1,32,True,128,50,False,False,0.19316172645673282,0.375446879068758,1.5447630818374456,0.0,0.0
76,False,0.8,SDFA_suffix_model,0.1,32,True,32,50,False,True,0.22119445503151042,0.37763747466779457,2.933537597954273,0.0,0.0
76,False,0.8,SDFA_suffix_model,0.1,32,True,128,50,False,True,0.19031083470965185,0.37529083439070227,1.2838880606554448,0.0,0.0
76,True,0.8,SDFA_suffix_model,0.1,32,True,32,50,False,True,0.2198088686754908,0.37387625642002753,3.233035269919783,0.0,0.0
76,True,0.8,SDFA_suffix_model,0.1,32,True,64,50,False,True,0.2146148061555409,0.37572170896647145,2.0911410675011575,0.0,0.0
76,True,0.8,SDFA_suffix_model,0.1,32,True,128,50,False,True,0.19134843839180216,0.37525407745512807,1.542851074114442,0.0,0.0
76,False,0.8,SDFA_suffix_model,0.2,32,True,32,50,False,False,0.21639213769634155,0.3818606925533754,2.9337181659974156,0.0,0.0
76,False,0.8,SDFA_suffix_model,0.2,32,True,128,50,False,False,0.19135817217288947,0.37538305005453426,1.2827191710844636,0.0,0.0
76,True,0.8,SDFA_suffix_model,0.2,32,True,32,50,False,False,0.2330649748849484,0.3935613229595566,3.2121649862453343,0.0,0.0
76,True,0.8,SDFA_suffix_model,0.2,32,True,64,50,False,False,0.21364454096057162,0.3911991649464551,2.085126180946827,0.0,0.0
76,True,0.8,SDFA_suffix_model,0.2,32,True,128,50,False,False,0.1900023955214492,0.37552495078776266,1.5290550249628723,0.0,0.0
76,False,0.8,SDFA_suffix_model,0.2,32,True,32,50,False,True,0.2181083249742896,0.3774400040231568,2.931137047279626,0.0,0.0
76,False,0.8,SDFA_suffix_model,0.2,32,True,128,50,False,True,0.19512305964342772,0.37558431402879466,1.2811096432618796,0.0,0.0
76,True,0.8,SDFA_suffix_model,0.2,32,True,32,50,False,True,0.21868192278836054,0.3886191567923167,3.2201522353477774,0.0,0.0
76,True,0.8,SDFA_suffix_model,0.2,32,True,64,50,False,True,0.22343639290091313,0.3899495035509907,2.0914045535214245,0.0,0.0
76,True,0.8,SDFA_suffix_model,0.2,32,True,128,50,False,True,0.190740424708887,0.38277026788852897,1.5330314030870795,0.0,0.0
76,False,0.8,SDFA_suffix_model,0.5,32,True,32,50,False,False,0.21895540885356862,0.3803112253057177,2.9171868564002215,0.0,0.0
76,False,0.8,SDFA_suffix_model,0.5,32,True,128,50,False,False,0.193523851556046,0.3813047273862177,1.2797658132389187,0.0,0.0
76,True,0.8,SDFA_suffix_model,0.5,32,True,32,50,False,False,0.23073747139121656,0.38438433481768036,3.211392608433962,0.0,0.0
76,True,0.8,SDFA_suffix_model,0.5,32,True,64,50,False,False,0.2245476952112957,0.38294766911621236,2.0835375400818883,0.0,0.0
76,True,0.8,SDFA_suffix_model,0.5,32,True,128,50,False,False,0.19235988253728045,0.3831248650661919,1.528949896749109,0.0,0.0
76,False,0.8,SDFA_suffix_model,0.5,32,True,32,50,False,True,0.22011018134539748,0.38581815730497343,2.9274241157248615,0.0,0.0
76,False,0.8,SDFA_suffix_model,0.5,32,True,128,50,False,True,0.19884657854434484,0.38216561002417415,1.2730605244636535,0.0,0.0
76,True,0.8,SDFA_suffix_model,0.5,32,True,32,50,False,True,0.2241430954308742,0.386854277836051,3.2180206179618835,0.0,0.0
76,True,0.8,SDFA_suffix_model,0.5,32,True,64,50,False,True,0.21952435309859705,0.38213128424585835,2.089745329283178,0.0,0.0
76,True,0.8,SDFA_suffix_model,0.5,32,True,128,50,False,True,0.19762716173688602,0.38152651367896356,1.5354973833449186,0.0,0.0
76,False,0.8,SDFA_suffix_model,0.1,64,True,32,50,False,False,0.23384652955940652,0.37850366951877995,2.928573752604425,0.0,0.0
76,False,0.8,SDFA_suffix_model,0.1,64,True,128,50,False,False,0.19301198266375624,0.3764725856710083,1.2778212998062373,0.0,0.0
76,True,0.8,SDFA_suffix_model,0.1,64,True,32,50,False,False,0.22372914900838567,0.3787582084376159,3.2002029055170715,0.0,0.0
76,True,0.8,SDFA_suffix_model,0.1,64,True,64,50,False,False,0.21572645610096222,0.37640101700451806,2.093737878203392,0.0,0.0
76,True,0.8,SDFA_suffix_model,0.1,64,True,128,50,False,False,0.19491865024059477,0.39040549257755724,1.5381491204723716,0.0,0.0
76,False,0.8,SDFA_suffix_model,0.1,64,True,32,50,False,True,0.22291159830581528,0.38477217275479614,2.9308335570245982,0.0,0.0
76,False,0.8,SDFA_suffix_model,0.1,64,True,128,50,False,True,0.19484277889337043,0.37889808283108267,1.2786412450671196,0.0,0.0
76,True,0.8,SDFA_suffix_model,0.1,64,True,32,50,False,True,0.22329008595434297,0.37517813383885634,3.218804549239576,0.0,0.0
76,True,0.8,SDFA_suffix_model,0.1,64,True,64,50,False,True,0.21849544029241744,0.37365002734147595,2.0975030548125506,0.0,0.0
76,True,0.8,SDFA_suffix_model,0.1,64,True,128,50,False,True,0.21727879666447347,0.39068834534069924,1.543888238556683,0.0,0.0
76,False,0.8,SDFA_suffix_model,0.2,64,True,32,50,False,False,0.22327965690317791,0.3751685264705103,2.938931719958782,0.0,0.0
76,False,0.8,SDFA_suffix_model,0.2,64,True,128,50,False,False,0.1978240969863835,0.3895194746285558,1.2818744157254696,0.0,0.0
76,True,0.8,SDFA_suffix_model,0.2,64,True,32,50,False,False,0.2239903967400674,0.3813924370042455,3.2027309624291957,0.0,0.0
76,True,0.8,SDFA_suffix_model,0.2,64,True,64,50,False,False,0.21616367826945954,0.370137459702759,2.0969325060211124,0.0,0.0
76,True,0.8,SDFA_suffix_model,0.2,64,True,128,50,False,False,0.1964577174662589,0.3735088159437909,1.546218938473612,0.0,0.0
76,False,0.8,SDFA_suffix_model,0.2,64,True,32,50,False,True,0.22787356703256798,0.3845649555304964,2.924879598785192,0.0,0.0
76,False,0.8,SDFA_suffix_model,0.2,64,True,128,50,False,True,0.19632996158948854,0.3722804633356748,1.277783245872706,0.0,0.0
76,True,0.8,SDFA_suffix_model,0.2,64,True,32,50,False,True,0.22215679572775437,0.3750189826284568,3.2063218796812,0.0,0.0
76,True,0.8,SDFA_suffix_model,0.2,64,True,64,50,False,True,0.21616934314043296,0.38214949983568985,2.097614672370255,0.0,0.0
76,True,0.8,SDFA_suffix_model,0.2,64,True,128,50,False,True,0.1962752090708727,0.3723468458264988,1.5500853808410466,0.0,0.0
76,False,0.8,SDFA_suffix_model,0.5,64,True,32,50,False,False,0.2305655658645142,0.3856010416519953,2.9285475965216756,0.0,0.0
76,False,0.8,SDFA_suffix_model,0.5,64,True,128,50,False,False,0.19516434130428872,0.3697890578219308,1.295008226353675,0.0,0.0
76,True,0.8,SDFA_suffix_model,0.5,64,True,32,50,False,False,0.219196161919551,0.37679566247868346,3.2071679287217556,0.0,0.0
76,True,0.8,SDFA_suffix_model,0.5,64,True,64,50,False,False,0.22475558096451664,0.3800612677047491,2.1010360482893886,0.0,0.0
76,True,0.8,SDFA_suffix_model,0.5,64,True,128,50,False,False,0.1953870015466599,0.36992776420242435,1.5471633681282402,0.0,0.0
76,False,0.8,SDFA_suffix_model,0.5,64,True,32,50,False,True,0.2073981239717109,0.3710332812708769,2.9286506361700595,0.0,0.0
76,False,0.8,SDFA_suffix_model,0.5,64,True,128,50,False,True,0.19657452283930607,0.36988220821074475,1.2905969859473407,0.0,0.0
76,True,0.8,SDFA_suffix_model,0.5,64,True,32,50,False,True,0.20952252169400612,0.37248718581282353,3.21928154354915,0.0,0.0
76,True,0.8,SDFA_suffix_model,0.5,64,True,64,50,False,True,0.21701088066068286,0.3731587874284226,2.0923024979420006,0.0,0.0
76,True,0.8,SDFA_suffix_model,0.5,64,True,128,50,False,True,0.18163438559299283,0.3698547608442698,1.55113733606413,0.0,0.0
76,False,0.8,suffix_model,0,16,False,32,50,True,False,0.385545951347529,0.5555145078798176,5.332371721621603,0,0
76,False,0.8,suffix_model,0,16,False,128,50,True,False,0.657962754381939,0.64898439213485,1.5778765286132694,0,0
76,False,0.8,suffix_model,0,16,False,32,50,False,False,0.25108665972660743,0.38796704706691115,2.689632144700736,0,0
76,False,0.8,suffix_model,0,16,False,128,50,False,False,0.1890553033621359,0.37588518091146167,1.229328813329339,0,0
76,False,0.8,suffix_model,0,32,False,32,50,True,False,0.45304685519863547,0.9024605173504634,5.281175368856639,0,0
76,False,0.8,suffix_model,0,32,False,128,50,True,False,0.6095984799499955,0.5458487507297849,1.578895254638046,0,0
76,False,0.8,suffix_model,0,32,False,32,50,False,False,0.24426576003448544,0.38286485014473925,2.7286340248025955,0,0
76,False,0.8,suffix_model,0,32,False,128,50,False,False,0.19043783210997367,0.3769984848939584,1.2311987498030066,0,0
76,False,0.8,suffix_model,0,64,False,32,50,True,False,0.6052365431450117,0.8462199469508954,5.303338227961213,0,0
76,False,0.8,suffix_model,0,64,False,128,50,True,False,0.4324264009218092,0.61810066910264,1.5867253171093763,0,0
76,False,0.8,suffix_model,0,64,False,32,50,False,False,0.23110802664022015,0.37554343262728085,2.742612894587219,0,0
76,False,0.8,suffix_model,0,64,False,128,50,False,False,0.19069509784030103,0.37760494367512887,1.267763303183019,0,0
23,False,0.8,SDFA_suffix_model,0.1,16,True,32,50,False,False,0.2815646926685028,0.39711754743155786,2.910626234561205,0.0,0.0
23,False,0.8,SDFA_suffix_model,0.1,16,True,128,50,False,False,0.21436230460540476,0.40098664621480357,1.275526471491903,0.0,0.0
23,True,0.8,SDFA_suffix_model,0.1,16,True,32,50,False,False,0.27137251527856,0.39609627326542596,3.18254590023309,0.0,0.0
23,True,0.8,SDFA_suffix_model,0.1,16,True,64,50,False,False,0.2519357741105438,0.39503194855381096,2.0651355710439385,0.0,0.0
23,True,0.8,SDFA_suffix_model,0.1,16,True,128,50,False,False,0.23213587283889417,0.4008803416746373,1.5373794252052904,0.0,0.0
23,False,0.8,SDFA_suffix_model,0.1,16,True,32,50,False,True,0.2717675945993951,0.39839464214366277,2.89459630638361,0.0,0.0
23,False,0.8,SDFA_suffix_model,0.1,16,True,128,50,False,True,0.23236948358498857,0.3993974488907836,1.2783289762958885,0.0,0.0
23,True,0.8,SDFA_suffix_model,0.1,16,True,32,50,False,True,0.26983007441285933,0.40221792908320814,3.1868384000845253,0.0,0.0
23,True,0.8,SDFA_suffix_model,0.1,16,True,64,50,False,True,0.24436240257528005,0.4021926832155856,2.080671049617231,0.0,0.0
23,True,0.8,SDFA_suffix_model,0.1,16,True,128,50,False,True,0.23217799198416725,0.40035460440483905,1.5356186969764531,0.0,0.0
23,False,0.8,SDFA_suffix_model,0.2,16,True,32,50,False,False,0.26549471784360007,0.4020901944778126,2.893210711609572,0.0,0.0
23,False,0.8,SDFA_suffix_model,0.2,16,True,128,50,False,False,0.23159587711164487,0.4023314725723158,1.2637838818319143,0.0,0.0
23,True,0.8,SDFA_suffix_model,0.2,16,True,32,50,False,False,0.26212150445067584,0.4039003523447013,3.1628960774838926,0.0,0.0
23,True,0.8,SDFA_suffix_model,0.2,16,True,64,50,False,False,0.24575824416494574,0.40188040195234964,2.069868470914662,0.0,0.0
23,True,0.8,SDFA_suffix_model,0.2,16,True,128,50,False,False,0.23098004164035618,0.400590771290925,1.5229028650745748,0.0,0.0
23,False,0.8,SDFA_suffix_model,0.2,16,True,32,50,False,True,0.2590003501632928,0.4029502504768419,2.896922675240785,0.0,0.0
23,False,0.8,SDFA_suffix_model,0.2,16,True,128,50,False,True,0.22045035013168976,0.40234564272675005,1.2661015028879046,0.0,0.0
23,True,0.8,SDFA_suffix_model,0.2,16,True,32,50,False,True,0.2573750694479985,0.4019250442749802,3.180653576627374,0.0,0.0
23,True,0.8,SDFA_suffix_model,0.2,16,True,64,50,False,True,0.2471593871889532,0.40025135275853296,2.0787608507089317,0.0,0.0
23,True,0.8,SDFA_suffix_model,0.2,16,True,128,50,False,True,0.22453513294511945,0.40046262037433783,1.531957219541073,0.0,0.0
23,False,0.8,SDFA_suffix_model,0.5,16,True,32,50,False,False,0.25902357850452346,0.40177310893017676,2.8907983628846705,0.0,0.0
23,False,0.8,SDFA_suffix_model,0.5,16,True,128,50,False,False,0.22021917283086737,0.40073093141794447,1.2643984953686596,0.0,0.0
23,True,0.8,SDFA_suffix_model,0.5,16,True,32,50,False,False,0.2522523195157881,0.40184297275195924,3.170012492053211,0.0,0.0
23,True,0.8,SDFA_suffix_model,0.5,16,True,64,50,False,False,0.24732147202580826,0.4010228876220036,2.0704199243709445,0.0,0.0
23,True,0.8,SDFA_suffix_model,0.5,16,True,128,50,False,False,0.23494829560860994,0.40327128613194035,1.5239595206268133,0.0,0.0
23,False,0.8,SDFA_suffix_model,0.5,16,True,32,50,False,True,0.24819196596463308,0.39519002640650763,2.887799520865083,0.0,0.0
23,False,0.8,SDFA_suffix_model,0.5,16,True,128,50,False,True,0.22808329367133554,0.4023259692207892,1.266477078087628,0.0,0.0
23,True,0.8,SDFA_suffix_model,0.5,16,True,32,50,False,True,0.25571730855896385,0.40313731608316666,3.1783894228935243,0.0,0.0
23,True,0.8,SDFA_suffix_model,0.5,16,True,64,50,False,True,0.2470385524097744,0.3953817610795884,2.084835336394608,0.0,0.0
23,True,0.8,SDFA_suffix_model,0.5,16,True,128,50,False,True,0.22405848580290086,0.39637624314483594,1.5270819105766713,0.0,0.0
23,False,0.8,SDFA_suffix_model,0.1,32,True,32,50,False,False,0.2368563458248075,0.3828626195640351,2.911895877029747,0.0,0.0
23,False,0.8,SDFA_suffix_model,0.1,32,True,128,50,False,False,0.1926989373112891,0.37554858632388144,1.2755901512503625,0.0,0.0
23,True,0.8,SDFA_suffix_model,0.1,32,True,32,50,False,False,0.23438257488848738,0.37708208457850906,3.195549491494894,0.0,0.0
23,True,0.8,SDFA_suffix_model,0.1,32,True,64,50,False,False,0.2151500772065806,0.3760776240398636,2.076815763823688,0.0,0.0
23,True,0.8,SDFA_suffix_model,0.1,32,True,128,50,False,False,0.19149777134336887,0.37501438552686844,1.5283754428848624,0.0,0.0
23,False,0.8,SDFA_suffix_model,0.1,32,True,32,50,False,True,0.22166358851641257,0.3777691694311654,2.924540426339954,0.0,0.0
23,False,0.8,SDFA_suffix_model,0.1,32,True,128,50,False,True,0.19449879402244688,0.3758494340623112,1.268435584232211,0.0,0.0
23,True,0.8,SDFA_suffix_model,0.1,32,True,32,50,False,True,0.2210905121548999,0.3769376871936385,3.2084732500091193,0.0,0.0
23,True,0.8,SDFA_suffix_model,0.1,32,True,64,50,False,True,0.21602012080001454,0.37602784659192573,2.0824692306295036,0.0,0.0
23,True,0.8,SDFA_suffix_model,0.1,32,True,128,50,False,True,0.19301447931539895,0.3753123063241323,1.5317587793804706,0.0,0.0
23,False,0.8,SDFA_suffix_model,0.2,32,True,32,50,False,False,0.2230691638871654,0.37863480985002534,2.9186450474709273,0.0,0.0
23,False,0.8,SDFA_suffix_model,0.2,32,True,128,50,False,False,0.19483773818530692,0.3762142296307862,1.2737415857240557,0.0,0.0
23,True,0.8,SDFA_suffix_model,0.2,32,True,32,50,False,False,0.22164977002361902,0.37708252702310385,3.1993656131625174,0.0,0.0
23,True,0.8,SDFA_suffix_model,0.2,32,True,64,50,False,False,0.21668497281177848,0.37551682308484446,2.0774047121405603,0.0,0.0
23,True,0.8,SDFA_suffix_model,0.2,32,True,128,50,False,False,0.19496482249438846,0.3762868853539018,1.5277916644141079,0.0,0.0
23,False,0.8,SDFA_suffix_model,0.2,32,True,32,50,False,True,0.22091191465370058,0.376880833063197,2.9206828633137047,0.0,0.0
23,False,0.8,SDFA_suffix_model,0.2,32,True,128,50,False,True,0.19389781994906805,0.37517359994363875,1.2702010818943381,0.0,0.0
23,True,0.8,SDFA_suffix_model,0.2,32,True,32,50,False,True,0.2250918783606026,0.37863480985002534,3.214601982552558,0.0,0.0
23,True,0.8,SDFA_suffix_model,0.2,32,True,64,50,False,True,0.2161656060637652,0.3753781167043509,2.081350369490683,0.0,0.0
23,True,0.8,SDFA_suffix_model,0.2,32,True,128,50,False,True,0.19389781994906805,0.37517359994363875,1.5380122534371912,0.0,0.0
23,False,0.8,SDFA_suffix_model,0.5,32,True,32,50,False,False,0.22158537063267564,0.3772025850932277,2.917590292543173,0.0,0.0
23,False,0.8,SDFA_suffix_model,0.5,32,True,128,50,False,False,0.19314278034711635,0.3755075192000284,1.2751214055903255,0.0,0.0
23,True,0.8,SDFA_suffix_model,0.5,32,True,32,50,False,False,0.22172407701316912,0.3773412914737212,3.18536258013919,0.0,0.0
23,True,0.8,SDFA_suffix_model,0.5,32,True,64,50,False,False,0.21594424945278967,0.375312066046973,2.0796874644048513,0.0,0.0
23,True,0.8,SDFA_suffix_model,0.5,32,True,128,50,False,False,0.1937335623932205,0.37505888038082463,1.5402491940930485,0.0,0.0
23,False,0.8,SDFA_suffix_model,0.5,32,True,32,50,False,True,0.22073670659412983,0.3768759661726534,2.9217233758792283,0.0,0.0
23,False,0.8,SDFA_suffix_model,0.5,32,True,128,50,False,True,0.1937335623932205,0.37560113527107364,1.2689493669755756,0.0,0.0
23,True,0.8,SDFA_suffix_model,0.5,32,True,32,50,False,True,0.22198688910252526,0.3775050275770105,3.2090349937416613,0.0,0.0
23,True,0.8,SDFA_suffix_model,0.5,32,True,64,50,False,True,0.21566622833048468,0.3752390626888185,2.0777100738696754,0.0,0.0
23,True,0.8,SDFA_suffix_model,0.5,32,True,128,50,False,True,0.19481644553917854,0.37619312613901723,1.5380629487335682,0.0,0.0
23,False,0.8,SDFA_suffix_model,0.1,64,True,32,50,False,False,0.23163617117296406,0.3810971300120616,2.911934350077063,0.0,0.0
23,False,0.8,SDFA_suffix_model,0.1,64,True,128,50,False,False,0.19396485030519162,0.37770309033449584,1.2795866822451354,0.0,0.0
23,True,0.8,SDFA_suffix_model,0.1,64,True,32,50,False,False,0.21984936815751416,0.37894760818641876,3.187049419395626,0.0,0.0
23,True,0.8,SDFA_suffix_model,0.1,64,True,64,50,False,False,0.21250196729828705,0.3763488672441661,2.089788791295141,0.0,0.0
23,True,0.8,SDFA_suffix_model,0.1,64,True,128,50,False,False,0.19372541667219684,0.37664878876616464,1.5431493812054395,0.0,0.0
23,False,0.8,SDFA_suffix_model,0.1,64,True,32,50,False,True,0.22422296458104574,0.3838701515998186,2.9184480134397743,0.0,0.0
23,False,0.8,SDFA_suffix_model,0.1,64,True,128,50,False,True,0.19499471910772792,0.3849098702464969,1.2752046884968877,0.0,0.0
23,True,0.8,SDFA_suffix_model,0.1,64,True,32,50,False,True,0.21738150701685433,0.3782203220621125,3.1982670503854753,0.0,0.0
23,True,0.8,SDFA_suffix_model,0.1,64,True,64,50,False,True,0.2194909959364616,0.37543206775689153,2.093594830483198,0.0,0.0
23,True,0.8,SDFA_suffix_model,0.1,64,True,128,50,False,True,0.17975570263678006,0.37096839388957176,1.5437715236097573,0.0,0.0
23,False,0.8,SDFA_suffix_model,0.2,64,True,32,50,False,False,0.21621797254188774,0.3714573960182505,2.930160302892327,0.0,0.0
23,False,0.8,SDFA_suffix_model,0.2,64,True,128,50,False,False,0.1922657840529059,0.37607517561525383,1.2771648623980583,0.0,0.0
23,True,0.8,SDFA_suffix_model,0.2,64,True,32,50,False,False,0.21456601083736362,0.3713591259134101,3.1869519420526924,0.0,0.0
23,True,0.8,SDFA_suffix_model,0.2,64,True,64,50,False,False,0.21432548689447398,0.38244409398656504,2.094156124535948,0.0,0.0
23,True,0.8,SDFA_suffix_model,0.2,64,True,128,50,False,False,0.17982262238175512,0.37033990134255085,1.5470021749287843,0.0,0.0
23,False,0.8,SDFA_suffix_model,0.2,64,True,32,50,False,True,0.2084123491975,0.3807345795388819,2.912385339848697,0.0,0.0
23,False,0.8,SDFA_suffix_model,0.2,64,True,128,50,False,True,0.17841939354751435,0.36979635815774625,1.2767747522518038,0.0,0.0
23,True,0.8,SDFA_suffix_model,0.2,64,True,32,50,False,True,0.20782884378482225,0.37121781227012535,3.203131641410291,0.0,0.0
23,True,0.8,SDFA_suffix_model,0.2,64,True,64,50,False,True,0.2022114486963364,0.36989620098581044,2.098157367184758,0.0,0.0
23,True,0.8,SDFA_suffix_model,0.2,64,True,128,50,False,True,0.19319449105914244,0.37607030872471026,1.5412842272222043,0.0,0.0
23,False,0.8,SDFA_suffix_model,0.5,64,True,32,50,False,False,0.2144620679607528,0.3750145318167272,2.919247370660305,0.0,0.0
23,False,0.8,SDFA_suffix_model,0.5,64,True,128,50,False,False,0.18208085959400022,0.3708905236408736,1.276513864696026,0.0,0.0
23,True,0.8,SDFA_suffix_model,0.5,64,True,32,50,False,False,0.20994620189758126,0.3732059881084975,3.189614679776132,0.0,0.0
23,True,0.8,SDFA_suffix_model,0.5,64,True,64,50,False,False,0.20350673685102016,0.3709368306729579,2.0914077740348875,0.0,0.0
23,True,0.8,SDFA_suffix_model,0.5,64,True,128,50,False,False,0.1816975919636892,0.3708369878448937,1.5473669290170073,0.0,0.0
23,False,0.8,SDFA_suffix_model,0.5,64,True,32,50,False,True,0.21656630285079614,0.37107180555381636,2.9198474887758494,0.0,0.0
23,False,0.8,SDFA_suffix_model,0.5,64,True,128,50,False,True,0.18929089720811115,0.3749828139447056,1.2817553648911417,0.0,0.0
23,True,0.8,SDFA_suffix_model,0.5,64,True,32,50,False,True,0.20743462565078807,0.37104260421055457,3.215232297293842,0.0,0.0
23,True,0.8,SDFA_suffix_model,0.5,64,True,64,50,False,True,0.2021775542800504,0.36985239897091776,2.0920843292586504,0.0,0.0
23,True,0.8,SDFA_suffix_model,0.5,64,True,128,50,False,True,0.17955616012449127,0.36979635815774625,1.5502644245699049,0.0,0.0
23,False,0.8,suffix_model,0,16,False,32,50,True,False,0.4048460008381177,0.5999439675523829,5.314209305346012,0,0
23,False,0.8,suffix_model,0,16,False,128,50,True,False,0.6312267598075809,0.5885281227265484,1.5498437867686152,0,0
23,False,0.8,suffix_model,0,16,False,32,50,False,False,0.23573928383389547,0.3771158320435577,2.686206599138677,0,0
23,False,0.8,suffix_model,0,16,False,128,50,False,False,0.1997089109605537,0.3808206743829749,1.2222881446033715,0,0
23,False,0.8,suffix_model,0,32,False,32,50,True,False,0.690221673782698,0.8786307003455341,5.305001101586968,0,0
23,False,0.8,suffix_model,0,32,False,128,50,True,False,0.44484815933568456,0.6316608927647019,1.5981178585439921,0,0
23,False,0.8,suffix_model,0,32,False,32,50,False,False,0.23371173407309978,0.3825077207797317,2.708765858467668,0,0
23,False,0.8,suffix_model,0,32,False,128,50,False,False,0.20476058532891586,0.3848700865551725,1.219691199325025,0,0
23,False,0.8,suffix_model,0,64,False,32,50,True,False,0.5713021867623879,0.9038436268068327,5.418160420190543,0,0
23,False,0.8,suffix_model,0,64,False,128,50,True,False,0.41156942840583693,0.8996605343845746,1.5919815580546857,0,0
23,False,0.8,suffix_model,0,64,False,32,50,False,False,0.22751000398832114,0.3722460264099577,2.7111137048900127,0,0
23,False,0.8,suffix_model,0,64,False,128,50,False,False,0.18528492483814432,0.36950083677155454,1.23425248099491,0,0
42,False,0.8,SDFA_suffix_model,0.1,16,True,32,50,False,False,0.26007290696843893,0.41366627033125564,2.890105141736567,0.0,0.0
42,False,0.8,SDFA_suffix_model,0.1,16,True,128,50,False,False,0.19557196708970645,0.38985257897679315,1.2687936588935553,0.0,0.0
42,True,0.8,SDFA_suffix_model,0.1,16,True,32,50,False,False,0.23586585459121523,0.3810889529023527,3.159731764383614,0.0,0.0
42,True,0.8,SDFA_suffix_model,0.1,16,True,64,50,False,False,0.23124592713948727,0.38709157094311775,2.0672704370133577,0.0,0.0
42,True,0.8,SDFA_suffix_model,0.1,16,True,128,50,False,False,0.19549374920596962,0.38733803839411485,1.5273820849135518,0.0,0.0
42,False,0.8,SDFA_suffix_model,0.1,16,True,32,50,False,True,0.23511078338607838,0.3783661507423756,2.8988941005989908,0.0,0.0
42,False,0.8,SDFA_suffix_model,0.1,16,True,128,50,False,True,0.1959447187600929,0.37713298359989994,1.2665179118327796,0.0,0.0
42,True,0.8,SDFA_suffix_model,0.1,16,True,32,50,False,True,0.2255976873421016,0.3793479913726101,3.177124535869807,0.0,0.0
42,True,0.8,SDFA_suffix_model,0.1,16,True,64,50,False,True,0.2169128475797322,0.3764007903124384,2.07286173870787,0.0,0.0
42,True,0.8,SDFA_suffix_model,0.1,16,True,128,50,False,True,0.19519695579156776,0.3768435908006512,1.53844815665856,0.0,0.0
42,False,0.8,SDFA_suffix_model,0.2,16,True,32,50,False,False,0.22295470505063036,0.37810963449732043,2.89035947971046,0.0,0.0
42,False,0.8,SDFA_suffix_model,0.2,16,True,128,50,False,False,0.19537842128183747,0.3770713573884704,1.2666414816863836,0.0,0.0
42,True,0.8,SDFA_suffix_model,0.2,16,True,32,50,False,False,0.22420488755902584,0.37926057453092255,3.159261240772903,0.0,0.0
42,True,0.8,SDFA_suffix_model,0.2,16,True,64,50,False,False,0.2199260611875582,0.37734435825183266,2.071794098895043,0.0,0.0
42,True,0.8,SDFA_suffix_model,0.2,16,True,128,50,False,False,0.19497481700175484,0.3769579627284267,1.527614626325667,0.0,0.0
42,False,0.8,SDFA_suffix_model,0.2,16,True,32,50,False,True,0.22295218469659886,0.3780726903736484,2.8877855815552174,0.0,0.0
42,False,0.8,SDFA_suffix_model,0.2,16,True,128,50,False,True,0.19452462962646888,0.3766022925797212,1.2690472320839763,0.0,0.0
42,True,0.8,SDFA_suffix_model,0.2,16,True,32,50,False,True,0.22496707738166247,0.3789816587596207,3.1751472210884093,0.0,0.0
42,True,0.8,SDFA_suffix_model,0.2,16,True,64,50,False,True,0.2187835586324407,0.37657249588821806,2.069529665000737,0.0,0.0
42,True,0.8,SDFA_suffix_model,0.2,16,True,128,50,False,True,0.19425816736920504,0.37628944521191504,1.53200309952721,0.0,0.0
42,False,0.8,SDFA_suffix_model,0.5,16,True,32,50,False,False,0.2241736873142907,0.37902770703168753,2.895107747912407,0.0,0.0
42,False,0.8,SDFA_suffix_model,0.5,16,True,128,50,False,False,0.19425816736920504,0.37628944521191504,1.2682183283194899,0.0,0.0
42,True,0.8,SDFA_suffix_model,0.5,16,True,32,50,False,False,0.22524753194923894,0.37849414407204024,3.1735913479700684,0.0,0.0
42,True,0.8,SDFA_suffix_model,0.5,16,True,64,50,False,False,0.21922157878136753,0.3765379852098174,2.0731324454769493,0.0,0.0
42,True,0.8,SDFA_suffix_model,0.5,16,True,128,50,False,False,0.19418829272640006,0.37643169114916764,1.5264955069310964,0.0,0.0
42,False,0.8,SDFA_suffix_model,0.5,16,True,32,50,False,True,0.2244043431625551,0.37864880216033825,2.8837908957712353,0.0,0.0
42,False,0.8,SDFA_suffix_model,0.5,16,True,128,50,False,True,0.19386707795052036,0.3764721748295987,1.271424033306539,0.0,0.0
42,True,0.8,SDFA_suffix_model,0.5,16,True,32,50,False,True,0.22243507757633804,0.37740554318054836,3.1793697644770145,0.0,0.0
42,True,0.8,SDFA_suffix_model,0.5,16,True,64,50,False,True,0.2159669326390735,0.3761462345552546,2.078220943231136,0.0,0.0
42,True,0.8,SDFA_suffix_model,0.5,16,True,128,50,False,True,0.1944511048157562,0.37644281547041014,1.5311461275443434,0.0,0.0
42,False,0.8,SDFA_suffix_model,0.1,32,True,32,50,False,False,0.2646029312586464,0.3956416577976718,2.9141212522052227,0.0,0.0
42,False,0.8,SDFA_suffix_model,0.1,32,True,128,50,False,False,0.2281641425202523,0.40448917878283935,1.270110726132989,0.0,0.0
42,True,0.8,SDFA_suffix_model,0.1,32,True,32,50,False,False,0.24321565729252886,0.4025401436569831,3.195512843299657,0.0,0.0
42,True,0.8,SDFA_suffix_model,0.1,32,True,64,50,False,False,0.25541447103536413,0.4039006409966016,2.0776063804887235,0.0,0.0
42,True,0.8,SDFA_suffix_model,0.1,32,True,128,50,False,False,0.23057942386128918,0.40277564703516994,1.5286639733798801,0.0,0.0
42,False,0.8,SDFA_suffix_model,0.1,32,True,32,50,False,True,0.23592870542607625,0.39218151546875935,2.918076493795961,0.0,0.0
42,False,0.8,SDFA_suffix_model,0.1,32,True,128,50,False,True,0.22922301514614227,0.4047084467282743,1.2791769306361676,0.0,0.0
42,True,0.8,SDFA_suffix_model,0.1,32,True,32,50,False,True,0.24420128953637432,0.40649272060134717,3.223767745476216,0.0,0.0
42,True,0.8,SDFA_suffix_model,0.1,32,True,64,50,False,True,0.23327688214350423,0.40251187973596564,2.087551195025444,0.0,0.0
42,True,0.8,SDFA_suffix_model,0.1,32,True,128,50,False,True,0.22396772935537743,0.3962782036391984,1.5338368509337306,0.0,0.0
42,False,0.8,SDFA_suffix_model,0.2,32,True,32,50,False,False,0.25284375732798814,0.4045488296380709,2.9246188795752825,0.0,0.0
42,False,0.8,SDFA_suffix_model,0.2,32,True,128,50,False,False,0.2250168286961973,0.4005113496082587,1.2793159876391291,0.0,0.0
42,True,0.8,SDFA_suffix_model,0.2,32,True,32,50,False,False,0.2263160751498456,0.39845805413640084,3.1976553404890002,0.0,0.0
42,True,0.8,SDFA_suffix_model,0.2,32,True,64,50,False,False,0.23200872532344183,0.39555062164615745,2.073653891328722,0.0,0.0
42,True,0.8,SDFA_suffix_model,0.2,32,True,128,50,False,False,0.20959808491017362,0.3960737942363659,1.5372430962137877,0.0,0.0
42,False,0.8,SDFA_suffix_model,0.2,32,True,32,50,False,True,0.23189848551215062,0.3983479792436516,2.931621178854257,0.0,0.0
42,False,0.8,SDFA_suffix_model,0.2,32,True,128,50,False,True,0.23146667538914537,0.40213341807313324,1.27986047655344,0.0,0.0
42,True,0.8,SDFA_suffix_model,0.2,32,True,32,50,False,True,0.25256973400862925,0.4039528343185835,3.209959827437997,0.0,0.0
42,True,0.8,SDFA_suffix_model,0.2,32,True,64,50,False,True,0.2519617598296964,0.4006960911226159,2.0783815176039933,0.0,0.0
42,True,0.8,SDFA_suffix_model,0.2,32,True,128,50,False,True,0.2218627359888857,0.39584329686878117,1.5338363663852215,0.0,0.0
42,False,0.8,SDFA_suffix_model,0.5,32,True,32,50,False,False,0.24929075341361767,0.40118367384190473,2.916667809356004,0.0,0.0
42,False,0.8,SDFA_suffix_model,0.5,32,True,128,50,False,False,0.22648480455642014,0.3994408428988865,1.272092488221824,0.0,0.0
42,True,0.8,SDFA_suffix_model,0.5,32,True,32,50,False,False,0.2507652474308182,0.4016199171160358,3.1900750897079706,0.0,0.0
42,True,0.8,SDFA_suffix_model,0.5,32,True,64,50,False,False,0.24781560363032043,0.39900107086456016,2.0758848520740867,0.0,0.0
42,True,0.8,SDFA_suffix_model,0.5,32,True,128,50,False,False,0.2248452708045343,0.3990995521995144,1.5365139029547572,0.0,0.0
42,False,0.8,SDFA_suffix_model,0.5,32,True,32,50,False,True,0.24767564102320963,0.40104080281223586,2.913481294233352,0.0,0.0
42,False,0.8,SDFA_suffix_model,0.5,32,True,128,50,False,True,0.22190416776487742,0.3956388874659487,1.2687117986753582,0.0,0.0
42,True,0.8,SDFA_suffix_model,0.5,32,True,32,50,False,True,0.237686521999925,0.3976021133778748,3.2111454497464003,0.0,0.0
42,True,0.8,SDFA_suffix_model,0.5,32,True,64,50,False,True,0.24620622721805321,0.3983352125201441,2.080055304337293,0.0,0.0
42,True,0.8,SDFA_suffix_model,0.5,32,True,128,50,False,True,0.20896188908672464,0.39427047872253146,1.5370690149255097,0.0,0.0
42,False,0.8,SDFA_suffix_model,0.1,64,True,32,50,False,False,0.24693332960415645,0.3871153669619254,2.91800658037886,0.0,0.0
42,False,0.8,SDFA_suffix_model,0.1,64,True,128,50,False,False,0.2100474031978627,0.3913961765894471,1.2789382978901267,0.0,0.0
42,True,0.8,SDFA_suffix_model,0.1,64,True,32,50,False,False,0.23993813044404252,0.3950167513193811,3.1945685663446786,0.0,0.0
42,True,0.8,SDFA_suffix_model,0.1,64,True,64,50,False,False,0.23577039716987103,0.3896111851598021,2.091479772515595,0.0,0.0
42,True,0.8,SDFA_suffix_model,0.1,64,True,128,50,False,False,0.21199656915819848,0.3892396783474667,1.5390639385581018,0.0,0.0
42,False,0.8,SDFA_suffix_model,0.1,64,True,32,50,False,True,0.24186196645132163,0.3924527098166366,2.917995341829956,0.0,0.0
42,False,0.8,SDFA_suffix_model,0.1,64,True,128,50,False,True,0.2111838853461715,0.38798733892167137,1.278784094825387,0.0,0.0
42,True,0.8,SDFA_suffix_model,0.1,64,True,32,50,False,True,0.23935525709507235,0.3895329359052564,3.2030493315681814,0.0,0.0
42,True,0.8,SDFA_suffix_model,0.1,64,True,64,50,False,True,0.23314704045650156,0.38912219554369526,2.0958403168991206,0.0,0.0
42,True,0.8,SDFA_suffix_model,0.1,64,True,128,50,False,True,0.21273277326168238,0.38798733892167137,1.5405051836930215,0.0,0.0
42,False,0.8,SDFA_suffix_model,0.2,64,True,32,50,False,False,0.23767435477356558,0.388403374854539,2.931866257749498,0.0,0.0
42,False,0.8,SDFA_suffix_model,0.2,64,True,128,50,False,False,0.20910546235776165,0.385604218219002,1.2784861733578146,0.0,0.0
42,True,0.8,SDFA_suffix_model,0.2,64,True,32,50,False,False,0.22941348754423685,0.3844349789222007,3.2041872762329877,0.0,0.0
42,True,0.8,SDFA_suffix_model,0.2,64,True,64,50,False,False,0.23288474981970367,0.3864825020212626,2.091965663228184,0.0,0.0
42,True,0.8,SDFA_suffix_model,0.2,64,True,128,50,False,False,0.20781115390182373,0.3861051803658239,1.536768421009183,0.0,0.0
42,False,0.8,SDFA_suffix_model,0.2,64,True,32,50,False,True,0.23110353108710538,0.3844349789222007,2.9252506403997542,0.0,0.0
42,False,0.8,SDFA_suffix_model,0.2,64,True,128,50,False,True,0.20491472196465602,0.38239777694442123,1.2869548782519997,0.0,0.0
42,True,0.8,SDFA_suffix_model,0.2,64,True,32,50,False,True,0.2377941150444426,0.38850535833365785,3.2366692849621175,0.0,0.0
42,True,0.8,SDFA_suffix_model,0.2,64,True,64,50,False,True,0.23038586225182764,0.38259742681458986,2.107878580801189,0.0,0.0
42,True,0.8,SDFA_suffix_model,0.2,64,True,128,50,False,True,0.2074729919178009,0.385604218219002,1.5442399598658085,0.0,0.0
42,False,0.8,SDFA_suffix_model,0.5,64,True,32,50,False,False,0.23878452727007168,0.38994032026950876,2.927763153836131,0.0,0.0
42,False,0.8,SDFA_suffix_model,0.5,64,True,128,50,False,False,0.21004436139127297,0.3866106775697443,1.2934081531316042,0.0,0.0
42,True,0.8,SDFA_suffix_model,0.5,64,True,32,50,False,False,0.22972089962891548,0.3841661938308138,3.216377698890865,0.0,0.0
42,True,0.8,SDFA_suffix_model,0.5,64,True,64,50,False,False,0.23016738943151516,0.38555489690798933,2.098089385908097,0.0,0.0
42,True,0.8,SDFA_suffix_model,0.5,64,True,128,50,False,False,0.20230200762395212,0.38244157895931397,1.5423423480987548,0.0,0.0
42,False,0.8,SDFA_suffix_model,0.5,64,True,32,50,False,True,0.23131863026738192,0.38450313240691086,2.9268489909172057,0.0,0.0
42,False,0.8,SDFA_suffix_model,0.5,64,True,128,50,False,True,0.19156379829835785,0.38239103817289943,1.2798162623494864,0.0,0.0
42,True,0.8,SDFA_suffix_model,0.5,64,True,32,50,False,True,0.22523553854040004,0.3844675666683228,3.2243250632472336,0.0,0.0
42,True,0.8,SDFA_suffix_model,0.5,64,True,64,50,False,True,0.23182821582952942,0.38644862097555505,2.101772582475096,0.0,0.0
42,True,0.8,SDFA_suffix_model,0.5,64,True,128,50,False,True,0.20534815965170716,0.3855604162041093,1.5444260194897652,0.0,0.0
42,False,0.8,suffix_model,0,16,False,32,50,True,False,0.36260981194525344,0.3130838688493105,5.336874903012067,0,0
42,False,0.8,suffix_model,0,16,False,128,50,True,False,0.5084254803210138,0.8992225142356477,1.6086251330375672,0,0
42,False,0.8,suffix_model,0,16,False,32,50,False,False,0.23701129624257042,0.3780957781450544,2.6851583875715734,0,0
42,False,0.8,suffix_model,0,16,False,128,50,False,False,0.20964842878443396,0.3762390083513599,1.2167546868696808,0,0
42,False,0.8,suffix_model,0,32,False,32,50,True,False,0.3111637018446555,0.8559041465907271,5.2687149378843605,0,0
42,False,0.8,suffix_model,0,32,False,128,50,True,False,0.4533557289306326,0.609071441528743,1.613119633719325,0,0
42,False,0.8,suffix_model,0,32,False,32,50,False,False,0.23150954511006994,0.3751698683903806,2.7247720223478975,0,0
42,False,0.8,suffix_model,0,32,False,128,50,False,False,0.19068258297890314,0.3747040969445692,1.2295550747960806,0,0
42,False,0.8,suffix_model,0,64,False,32,50,True,False,0.385545951347529,0.5890537943100504,5.367113270647824,0,0
42,False,0.8,suffix_model,0,64,False,128,50,True,False,0.49759449194403216,0.5795362914496697,1.6370375294424593,0,0
42,False,0.8,suffix_model,0,64,False,32,50,False,False,0.2305621606212925,0.36951031247187893,2.715670167822391,0,0
42,False,0.8,suffix_model,0,64,False,128,50,False,False,0.1975653933111223,0.37496132377866864,1.245974878296256,0,0
4,False,0.8,SDFA_suffix_model,0.1,16,True,32,50,False,False,0.26903171474459175,0.402348833427321,2.9020497786067425,0.0,0.0
4,False,0.8,SDFA_suffix_model,0.1,16,True,128,50,False,False,0.23707641460598047,0.41156107515012735,1.2672897212393581,0.0,0.0
4,True,0.8,SDFA_suffix_model,0.1,16,True,32,50,False,False,0.26464404700278493,0.39870154012245806,3.191373734399676,0.0,0.0
4,True,0.8,SDFA_suffix_model,0.1,16,True,64,50,False,False,0.24251458803035683,0.38661529279198736,2.085844325721264,0.0,0.0
4,True,0.8,SDFA_suffix_model,0.1,16,True,128,50,False,False,0.21549488376032389,0.3973832121505758,1.5328042850084602,0.0,0.0
4,False,0.8,SDFA_suffix_model,0.1,16,True,32,50,False,True,0.2388266543161413,0.38794439417893195,2.900016229543835,0.0,0.0
4,False,0.8,SDFA_suffix_model,0.1,16,True,128,50,False,True,0.21575190456596488,0.395578825029848,1.2795184662379324,0.0,0.0
4,True,0.8,SDFA_suffix_model,0.1,16,True,32,50,False,True,0.2541826578784519,0.4049714792026164,3.2113082136213777,0.0,0.0
4,True,0.8,SDFA_suffix_model,0.1,16,True,64,50,False,True,0.24044749478389438,0.4008667807922145,2.086359566356987,0.0,0.0
4,True,0.8,SDFA_suffix_model,0.1,16,True,128,50,False,True,0.21405986212162267,0.39200273012654757,1.5389368242397905,0.0,0.0
4,False,0.8,SDFA_suffix_model,0.2,16,True,32,50,False,False,0.24841532147708176,0.39721296492839386,2.92152536932379,0.0,0.0
4,False,0.8,SDFA_suffix_model,0.2,16,True,128,50,False,False,0.2126413373456735,0.391155338580965,1.2790968192368746,0.0,0.0
4,True,0.8,SDFA_suffix_model,0.2,16,True,32,50,False,False,0.24121899174461514,0.4013019900046988,3.1850929055549204,0.0,0.0
4,True,0.8,SDFA_suffix_model,0.2,16,True,64,50,False,False,0.247364112623639,0.40270162755632954,2.0643605235777795,0.0,0.0
4,True,0.8,SDFA_suffix_model,0.2,16,True,128,50,False,False,0.20993186985302603,0.3926376501322641,1.5308154310658575,0.0,0.0
4,False,0.8,SDFA_suffix_model,0.2,16,True,32,50,False,True,0.24511263849305828,0.4006751508870016,2.9103459907881915,0.0,0.0
4,False,0.8,SDFA_suffix_model,0.2,16,True,128,50,False,True,0.22444260671921612,0.39617567978531376,1.2743090080469848,0.0,0.0
4,True,0.8,SDFA_suffix_model,0.2,16,True,32,50,False,True,0.24257516343587232,0.3975195485019623,3.190175895690918,0.0,0.0
4,True,0.8,SDFA_suffix_model,0.2,16,True,64,50,False,True,0.2334586241616464,0.40356563469675494,2.0794485635124147,0.0,0.0
4,True,0.8,SDFA_suffix_model,0.2,16,True,128,50,False,True,0.21308161712235282,0.4057951208038784,1.5349861676059664,0.0,0.0
4,False,0.8,SDFA_suffix_model,0.5,16,True,32,50,False,False,0.24632948754170772,0.4034416748026503,2.897645427137613,0.0,0.0
4,False,0.8,SDFA_suffix_model,0.5,16,True,128,50,False,False,0.21722789183367341,0.39370222244983344,1.269396881442517,0.0,0.0
4,True,0.8,SDFA_suffix_model,0.5,16,True,32,50,False,False,0.2458169865857113,0.4021519971786218,3.1705887698940933,0.0,0.0
4,True,0.8,SDFA_suffix_model,0.5,16,True,64,50,False,False,0.2418948258632882,0.4009539633985247,2.080645728670061,0.0,0.0
4,True,0.8,SDFA_suffix_model,0.5,16,True,128,50,False,False,0.2115069173052089,0.39943486795599314,1.5300297498330473,0.0,0.0
4,False,0.8,SDFA_suffix_model,0.5,16,True,32,50,False,True,0.2398942652227798,0.39884320643027305,2.896216767989099,0.0,0.0
4,False,0.8,SDFA_suffix_model,0.5,16,True,128,50,False,True,0.22788507849283107,0.4059870686846271,1.2681763817742466,0.0,0.0
4,True,0.8,SDFA_suffix_model,0.5,16,True,32,50,False,True,0.24284829396524485,0.40037476718629583,3.195210204999894,0.0,0.0
4,True,0.8,SDFA_suffix_model,0.5,16,True,64,50,False,True,0.24090771617052834,0.40176513851595336,2.08299836082384,0.0,0.0
4,True,0.8,SDFA_suffix_model,0.5,16,True,128,50,False,True,0.217306544261209,0.3931789764108185,1.5303197268769144,0.0,0.0
4,False,0.8,SDFA_suffix_model,0.1,32,True,32,50,False,False,0.23486257986914935,0.3794305635961339,2.9269972530938686,0.0,0.0
4,False,0.8,SDFA_suffix_model,0.1,32,True,128,50,False,False,0.19369899640924568,0.3769290426320644,1.274447211008519,0.0,0.0
4,True,0.8,SDFA_suffix_model,0.1,32,True,32,50,False,False,0.23547102019506666,0.3792265244045972,3.203226030729711,0.0,0.0
4,True,0.8,SDFA_suffix_model,0.1,32,True,64,50,False,False,0.21873793153359397,0.39201776168228997,2.085349818188697,0.0,0.0
4,True,0.8,SDFA_suffix_model,0.1,32,True,128,50,False,False,0.19418047093802637,0.37738105083702944,1.5345854215510188,0.0,0.0
4,False,0.8,SDFA_suffix_model,0.1,32,True,32,50,False,True,0.22482811027488966,0.3798259655089866,2.93474561965093,0.0,0.0
4,False,0.8,SDFA_suffix_model,0.1,32,True,128,50,False,True,0.1955209279453692,0.3916462497397994,1.2729578034207225,0.0,0.0
4,True,0.8,SDFA_suffix_model,0.1,32,True,32,50,False,True,0.2231376479898151,0.3952507490605578,3.215782552547753,0.0,0.0
4,True,0.8,SDFA_suffix_model,0.1,32,True,64,50,False,True,0.21686498455552222,0.37795394648123215,2.0903026742115616,0.0,0.0
4,True,0.8,SDFA_suffix_model,0.1,32,True,128,50,False,True,0.19611486240921172,0.3846876829793997,1.5320459409430622,0.0,0.0
4,False,0.8,SDFA_suffix_model,0.2,32,True,32,50,False,False,0.23642173881989847,0.3942774578605911,2.91964293114841,0.0,0.0
4,False,0.8,SDFA_suffix_model,0.2,32,True,128,50,False,False,0.19556160124491243,0.3758151762093938,1.2695275297388435,0.0,0.0
4,True,0.8,SDFA_suffix_model,0.2,32,True,32,50,False,False,0.2354208975431047,0.38651260879220845,3.205689985025674,0.0,0.0
4,True,0.8,SDFA_suffix_model,0.2,32,True,64,50,False,False,0.22324448255788518,0.3837266402302687,2.0805428049713375,0.0,0.0
4,True,0.8,SDFA_suffix_model,0.2,32,True,128,50,False,False,0.19288635210120045,0.38420195174465377,1.5302808658592404,0.0,0.0
4,False,0.8,SDFA_suffix_model,0.2,32,True,32,50,False,True,0.2375836852348017,0.38832031814417206,2.9253016827628016,0.0,0.0
4,False,0.8,SDFA_suffix_model,0.2,32,True,128,50,False,True,0.2127009646556294,0.38394839209556175,1.2706501741334797,0.0,0.0
4,True,0.8,SDFA_suffix_model,0.2,32,True,32,50,False,True,0.23635586198004044,0.38745191123108735,3.211921900678426,0.0,0.0
4,True,0.8,SDFA_suffix_model,0.2,32,True,64,50,False,True,0.23230050173217012,0.3846418441678114,2.092158081866801,0.0,0.0
4,True,0.8,SDFA_suffix_model,0.2,32,True,128,50,False,True,0.20565744422511834,0.3836717280869664,1.533912771549076,0.0,0.0
4,False,0.8,SDFA_suffix_model,0.5,32,True,32,50,False,False,0.23573643954721457,0.38620510250572754,2.9188563918881116,0.0,0.0
4,False,0.8,SDFA_suffix_model,0.5,32,True,128,50,False,False,0.20612831588521466,0.38317840722570873,1.2744103449583053,0.0,0.0
4,True,0.8,SDFA_suffix_model,0.5,32,True,32,50,False,False,0.23094387969552205,0.3852417474687852,3.205605575758964,0.0,0.0
4,True,0.8,SDFA_suffix_model,0.5,32,True,64,50,False,False,0.23108365268352168,0.38373561067287887,2.0762965949997305,0.0,0.0
4,True,0.8,SDFA_suffix_model,0.5,32,True,128,50,False,False,0.20530337793806908,0.38304980900249813,1.5292838183231652,0.0,0.0
4,False,0.8,SDFA_suffix_model,0.5,32,True,32,50,False,True,0.22923064731540313,0.38738123408545055,2.930741467289627,0.0,0.0
4,False,0.8,SDFA_suffix_model,0.5,32,True,128,50,False,True,0.20271216956499463,0.3840629144423447,1.2743557362072169,0.0,0.0
4,True,0.8,SDFA_suffix_model,0.5,32,True,32,50,False,True,0.23272373949115033,0.3883164441084511,3.2154389888606967,0.0,0.0
4,True,0.8,SDFA_suffix_model,0.5,32,True,64,50,False,True,0.2229703249249892,0.38461802905838927,2.0940540421195326,0.0,0.0
4,True,0.8,SDFA_suffix_model,0.5,32,True,128,50,False,True,0.20984442383916777,0.3900784316592604,1.5354813371226192,0.0,0.0
4,False,0.8,SDFA_suffix_model,0.1,64,True,32,50,False,False,0.23258444055093133,0.37773467316009907,2.9278794989176093,0.0,0.0
4,False,0.8,SDFA_suffix_model,0.1,64,True,128,50,False,False,0.19335414245072544,0.37719764539738226,1.2793201858736574,0.0,0.0
4,True,0.8,SDFA_suffix_model,0.1,64,True,32,50,False,False,0.22239805444470248,0.3771726277045317,3.193958335351199,0.0,0.0
4,True,0.8,SDFA_suffix_model,0.1,64,True,64,50,False,False,0.21386912899724891,0.3854371314094334,2.0955303619801997,0.0,0.0
4,True,0.8,SDFA_suffix_model,0.1,64,True,128,50,False,False,0.20035931241581706,0.3768033351886818,1.5401034967042506,0.0,0.0
4,False,0.8,SDFA_suffix_model,0.1,64,True,32,50,False,True,0.2136479066998116,0.3789431768943032,2.928588472381234,0.0,0.0
4,False,0.8,SDFA_suffix_model,0.1,64,True,128,50,False,True,0.18260950187691322,0.3698422459828719,1.2795502135530115,0.0,0.0
4,True,0.8,SDFA_suffix_model,0.1,64,True,32,50,False,True,0.20868298307522976,0.3763595216825287,3.200716546755284,0.0,0.0
4,True,0.8,SDFA_suffix_model,0.1,64,True,64,50,False,True,0.22621929829551388,0.38278461491242183,2.1029950664937496,0.0,0.0
4,True,0.8,SDFA_suffix_model,0.1,64,True,128,50,False,True,0.1913682772914048,0.3775446618324584,1.5404943113029004,0.0,0.0
4,False,0.8,SDFA_suffix_model,0.2,64,True,32,50,False,False,0.2072802756935474,0.37103008934915666,2.921241212245077,0.0,0.0
4,False,0.8,SDFA_suffix_model,0.2,64,True,128,50,False,False,0.19287110356427054,0.3771521016501479,1.2819921647943557,0.0,0.0
4,True,0.8,SDFA_suffix_model,0.2,64,True,32,50,False,False,0.21653797059513127,0.3754400110781032,3.209653637185693,0.0,0.0
4,True,0.8,SDFA_suffix_model,0.2,64,True,64,50,False,False,0.20300223150091676,0.3710525808249413,2.095364734567702,0.0,0.0
4,True,0.8,SDFA_suffix_model,0.2,64,True,128,50,False,False,0.18050520378049942,0.36974004128145566,1.543358515650034,0.0,0.0
4,False,0.8,SDFA_suffix_model,0.2,64,True,32,50,False,True,0.21410130969920604,0.3801127710476839,2.9321133028529585,0.0,0.0
4,False,0.8,SDFA_suffix_model,0.2,64,True,128,50,False,True,0.1805709068028385,0.37699919571537616,1.2800095274858176,0.0,0.0
4,True,0.8,SDFA_suffix_model,0.2,64,True,32,50,False,True,0.20743340892815215,0.3711545426930582,3.2211101338267327,0.0,0.0
4,True,0.8,SDFA_suffix_model,0.2,64,True,64,50,False,True,0.20240386469032925,0.37039262382126087,2.097645934727043,0.0,0.0
4,True,0.8,SDFA_suffix_model,0.2,64,True,128,50,False,True,0.18059645797819254,0.36978384329634834,1.5430810567736626,0.0,0.0
4,False,0.8,SDFA_suffix_model,0.5,64,True,32,50,False,False,0.2150486151800201,0.3806383850018358,2.9207663824781775,0.0,0.0
4,False,0.8,SDFA_suffix_model,0.5,64,True,128,50,False,False,0.1795014076058754,0.3698547608442698,1.2785629523731767,0.0,0.0
4,True,0.8,SDFA_suffix_model,0.5,64,True,32,50,False,False,0.20761713404617432,0.3712725647887412,3.198788849674165,0.0,0.0
4,True,0.8,SDFA_suffix_model,0.5,64,True,64,50,False,False,0.2134327601147576,0.3775366575750146,2.0913935727253556,0.0,0.0
4,True,0.8,SDFA_suffix_model,0.5,64,True,128,50,False,False,0.19288361842566842,0.37715958917406117,1.5479785868898035,0.0,0.0
4,False,0.8,SDFA_suffix_model,0.5,64,True,32,50,False,True,0.20848769909216644,0.3768432825802184,2.925708534773439,0.0,0.0
4,False,0.8,SDFA_suffix_model,0.5,64,True,128,50,False,True,0.180366497400006,0.36994723176459876,1.2778985064290465,0.0,0.0
4,True,0.8,SDFA_suffix_model,0.5,64,True,32,50,False,True,0.22056697378642068,0.3770815922981219,3.2186325141601264,0.0,0.0
4,True,0.8,SDFA_suffix_model,0.5,64,True,64,50,False,True,0.20268857778713173,0.3700616752642939,2.100278954524547,0.0,0.0
4,True,0.8,SDFA_suffix_model,0.5,64,True,128,50,False,True,0.18027889337022057,0.36996183243622976,1.5506631938181819,0.0,0.0
4,False,0.8,suffix_model,0,16,False,32,50,True,False,0.3825802614944245,0.5363105983178527,5.24738208130002,0,0
4,False,0.8,suffix_model,0,16,False,128,50,True,False,0.45802896305525354,0.6574866839978502,1.5891099474206567,0,0
4,False,0.8,suffix_model,0,16,False,32,50,False,False,0.2345899312883538,0.37693790611004707,2.7030319368652997,0,0
4,False,0.8,suffix_model,0,16,False,128,50,False,False,0.20322973493144314,0.3780820576435861,1.220045263711363,0,0
4,False,0.8,suffix_model,0,32,False,32,50,True,False,0.5084984836791683,0.2580863386382434,5.345473144147545,0,0
4,False,0.8,suffix_model,0,32,False,128,50,True,False,0.5349226022189199,0.7341040955199727,1.6200572257302701,0,0
4,False,0.8,suffix_model,0,32,False,32,50,False,False,0.22895139366886993,0.37217787809115227,2.712234720252454,0,0
4,False,0.8,suffix_model,0,32,False,128,50,False,False,0.18090326170155333,0.37514408773442903,1.228719662707299,0,0
4,False,0.8,suffix_model,0,64,False,32,50,True,False,0.6299743176714254,0.5900585938858041,5.3052768224664035,0,0
4,False,0.8,suffix_model,0,64,False,128,50,True,False,0.6155837914215064,0.7266014390227391,1.625737364962697,0,0
4,False,0.8,suffix_model,0,64,False,32,50,False,False,0.231778361804642,0.37435743188042836,2.724235728234053,0,0
4,False,0.8,suffix_model,0,64,False,128,50,False,False,0.2087805342076035,0.3868612931175704,1.2545268897712232,0,0
108,False,0.8,SDFA_suffix_model,0.1,16,True,32,50,False,False,0.2512791626293599,0.38768314292585115,2.8995861185155807,0.0,0.0
108,False,0.8,SDFA_suffix_model,0.1,16,True,128,50,False,False,0.2125905431260228,0.3783337057110895,1.266595986932516,0.0,0.0
108,True,0.8,SDFA_suffix_model,0.1,16,True,32,50,False,False,0.2607840260435523,0.39525083114302867,3.1709896126575767,0.0,0.0
108,True,0.8,SDFA_suffix_model,0.1,16,True,64,50,False,False,0.24291775776664126,0.4025140439595744,2.077742058895528,0.0,0.0
108,True,0.8,SDFA_suffix_model,0.1,16,True,128,50,False,False,0.22596248291057736,0.4061377233571976,1.5397011399641634,0.0,0.0
108,False,0.8,SDFA_suffix_model,0.1,16,True,32,50,False,True,0.25595541485817286,0.40325100221937504,2.895243573170155,0.0,0.0
108,False,0.8,SDFA_suffix_model,0.1,16,True,128,50,False,True,0.2232849109327423,0.4047114497411779,1.2658634130842983,0.0,0.0
108,True,0.8,SDFA_suffix_model,0.1,16,True,32,50,False,True,0.25903704936227834,0.40890647719499895,3.180236907880753,0.0,0.0
108,True,0.8,SDFA_suffix_model,0.1,16,True,64,50,False,True,0.2482922981773179,0.4056253486351913,2.0859621851705015,0.0,0.0
108,True,0.8,SDFA_suffix_model,0.1,16,True,128,50,False,True,0.21380021035080143,0.4007117480774697,1.5313744880631566,0.0,0.0
108,False,0.8,SDFA_suffix_model,0.2,16,True,32,50,False,False,0.24426664492367456,0.4091215806596551,2.892907174229622,0.0,0.0
108,False,0.8,SDFA_suffix_model,0.2,16,True,128,50,False,False,0.21575079055368104,0.3923599219471789,1.2660393328033388,0.0,0.0
108,True,0.8,SDFA_suffix_model,0.2,16,True,32,50,False,False,0.24489907996806787,0.4043000888105452,3.1742917525954546,0.0,0.0
108,True,0.8,SDFA_suffix_model,0.2,16,True,64,50,False,False,0.2428699816511902,0.39901829366542524,2.0714925923757255,0.0,0.0
108,True,0.8,SDFA_suffix_model,0.2,16,True,128,50,False,False,0.21379247547118724,0.3921281362850384,1.5245584272779524,0.0,0.0
108,False,0.8,SDFA_suffix_model,0.2,16,True,32,50,False,True,0.23996639949333717,0.3950146096193398,2.902233198657632,0.0,0.0
108,False,0.8,SDFA_suffix_model,0.2,16,True,128,50,False,True,0.21358624098440093,0.39218881299347724,1.2751293085701763,0.0,0.0
108,True,0.8,SDFA_suffix_model,0.2,16,True,32,50,False,True,0.24516480745127217,0.39611711942719524,3.201545193139464,0.0,0.0
108,True,0.8,SDFA_suffix_model,0.2,16,True,64,50,False,True,0.2393591284852779,0.3893096751487368,2.0888662135973575,0.0,0.0
108,True,0.8,SDFA_suffix_model,0.2,16,True,128,50,False,True,0.21796783301382475,0.38958210461649756,1.5353196706436574,0.0,0.0
108,False,0.8,SDFA_suffix_model,0.5,16,True,32,50,False,False,0.23559332452236476,0.392537890571143,2.8919239343144,0.0,0.0
108,False,0.8,SDFA_suffix_model,0.5,16,True,128,50,False,False,0.21128680902005456,0.3908998662824849,1.274346326123923,0.0,0.0
108,True,0.8,SDFA_suffix_model,0.5,16,True,32,50,False,False,0.2347372732392443,0.3950502584348318,3.1775042974203824,0.0,0.0
108,True,0.8,SDFA_suffix_model,0.5,16,True,64,50,False,False,0.23353719758121882,0.3893309119530376,2.0777501634694637,0.0,0.0
108,True,0.8,SDFA_suffix_model,0.5,16,True,128,50,False,False,0.20931552082997537,0.38804843595849675,1.538354313224554,0.0,0.0
108,False,0.8,SDFA_suffix_model,0.5,16,True,32,50,False,True,0.22228383263205784,0.3866138142395173,2.8967568664625287,0.0,0.0
108,False,0.8,SDFA_suffix_model,0.5,16,True,128,50,False,True,0.19608687778858583,0.3844556750224554,1.2765827871859075,0.0,0.0
108,True,0.8,SDFA_suffix_model,0.5,16,True,32,50,False,True,0.230786661749211,0.3864842902467495,3.2081222077459097,0.0,0.0
108,True,0.8,SDFA_suffix_model,0.5,16,True,64,50,False,True,0.21293383272686767,0.3845133887309388,2.078964669462293,0.0,0.0
108,True,0.8,SDFA_suffix_model,0.5,16,True,128,50,False,True,0.20142514564327976,0.3903210356763591,1.5366881484910846,0.0,0.0
108,False,0.8,SDFA_suffix_model,0.1,32,True,32,50,False,False,0.2629762679039935,0.40137820363383553,2.9410531235300006,0.0,0.0
108,False,0.8,SDFA_suffix_model,0.1,32,True,128,50,False,False,0.2095724468260601,0.3983579210298088,1.2785313683748245,0.0,0.0
108,True,0.8,SDFA_suffix_model,0.1,32,True,32,50,False,False,0.23696735201334326,0.40021041813248787,3.200675034597516,0.0,0.0
108,True,0.8,SDFA_suffix_model,0.1,32,True,64,50,False,False,0.22806271999767355,0.3886824428323585,2.0763335510715843,0.0,0.0
108,True,0.8,SDFA_suffix_model,0.1,32,True,128,50,False,False,0.2067211205351808,0.3866330436516692,1.540230995193124,0.0,0.0
108,False,0.8,SDFA_suffix_model,0.1,32,True,32,50,False,True,0.23693085033426606,0.39534200547476106,2.9341486599855124,0.0,0.0
108,False,0.8,SDFA_suffix_model,0.1,32,True,128,50,False,True,0.20762464770349093,0.3883832838265829,1.280369126740843,0.0,0.0
108,True,0.8,SDFA_suffix_model,0.1,32,True,32,50,False,True,0.23895200045002918,0.3887913159310086,3.2217476895824073,0.0,0.0
108,True,0.8,SDFA_suffix_model,0.1,32,True,64,50,False,True,0.23366398956083556,0.3866477984782039,2.095058214534074,0.0,0.0
108,True,0.8,SDFA_suffix_model,0.1,32,True,128,50,False,True,0.21131642120472593,0.38671575404975406,1.5406904677674174,0.0,0.0
108,False,0.8,SDFA_suffix_model,0.2,32,True,32,50,False,False,0.23124771271945957,0.38708688807677905,2.9272760397382083,0.0,0.0
108,False,0.8,SDFA_suffix_model,0.2,32,True,128,50,False,False,0.21014880201805267,0.38694035302599555,1.2710095687955618,0.0,0.0
108,True,0.8,SDFA_suffix_model,0.2,32,True,32,50,False,False,0.22163986242501257,0.3805431191658675,3.2033141773566602,0.0,0.0
108,True,0.8,SDFA_suffix_model,0.2,32,True,64,50,False,False,0.23399189631121256,0.3869910349899881,2.0844863315671684,0.0,0.0
108,True,0.8,SDFA_suffix_model,0.2,32,True,128,50,False,False,0.20890253040384418,0.38683969262638634,1.5363420894555748,0.0,0.0
108,False,0.8,SDFA_suffix_model,0.2,32,True,32,50,False,True,0.22572187995972398,0.3886945030762162,2.936171606499702,0.0,0.0
108,False,0.8,SDFA_suffix_model,0.2,32,True,128,50,False,True,0.2108236485371832,0.3884451628634952,1.272361559830606,0.0,0.0
108,True,0.8,SDFA_suffix_model,0.2,32,True,32,50,False,True,0.23117357954742923,0.38901304039376616,3.215601575206965,0.0,0.0
108,True,0.8,SDFA_suffix_model,0.2,32,True,64,50,False,True,0.23405567153924572,0.38626209740262113,2.0985638896562158,0.0,0.0
108,True,0.8,SDFA_suffix_model,0.2,32,True,128,50,False,True,0.21037293970933893,0.3901316503508858,1.5424876737780868,0.0,0.0
108,False,0.8,SDFA_suffix_model,0.5,32,True,32,50,False,False,0.23936898867910672,0.38712269841830016,2.9302667124569415,0.0,0.0
108,False,0.8,SDFA_suffix_model,0.5,32,True,128,50,False,False,0.19430211949922835,0.38383947050175227,1.2733704854734242,0.0,0.0
108,True,0.8,SDFA_suffix_model,0.5,32,True,32,50,False,False,0.2412874995496545,0.38838155902196714,3.2066967206634582,0.0,0.0
108,True,0.8,SDFA_suffix_model,0.5,32,True,64,50,False,False,0.2200067678221421,0.38038024169323775,2.087857350911945,0.0,0.0
108,True,0.8,SDFA_suffix_model,0.5,32,True,128,50,False,False,0.2106413139593165,0.3880206804252148,1.5428374325484038,0.0,0.0
108,False,0.8,SDFA_suffix_model,0.5,32,True,32,50,False,True,0.2236238550956021,0.386324600530942,2.9244792666845023,0.0,0.0
108,False,0.8,SDFA_suffix_model,0.5,32,True,128,50,False,True,0.19556194887995132,0.3842020538472532,1.276151110716164,0.0,0.0
108,True,0.8,SDFA_suffix_model,0.5,32,True,32,50,False,True,0.22389184220655878,0.38593929054477805,3.2181727197021246,0.0,0.0
108,True,0.8,SDFA_suffix_model,0.5,32,True,64,50,False,True,0.23306423221009287,0.3867244991945434,2.0919755110144616,0.0,0.0
108,True,0.8,SDFA_suffix_model,0.5,32,True,128,50,False,True,0.2105632698930989,0.38663441885498495,1.5404429499804975,0.0,0.0
108,False,0.8,SDFA_suffix_model,0.1,64,True,32,50,False,False,0.25007309026691243,0.3977532327598914,2.9171662908419966,0.0,0.0
108,False,0.8,SDFA_suffix_model,0.1,64,True,128,50,False,False,0.21218961721589824,0.39376059517768036,1.2802421117201448,0.0,0.0
108,True,0.8,SDFA_suffix_model,0.1,64,True,32,50,False,False,0.2423782044839858,0.40299618556657135,3.203627868015319,0.0,0.0
108,True,0.8,SDFA_suffix_model,0.1,64,True,64,50,False,False,0.20250389667275284,0.38875871043020854,2.1001171737723054,0.0,0.0
108,True,0.8,SDFA_suffix_model,0.1,64,True,128,50,False,False,0.18365657861387175,0.37314808091987994,1.5454451092146337,0.0,0.0
108,False,0.8,SDFA_suffix_model,0.1,64,True,32,50,False,True,0.22129718118548608,0.3875192340145226,2.927422505170107,0.0,0.0
108,False,0.8,SDFA_suffix_model,0.1,64,True,128,50,False,True,0.18882089463561205,0.3739657580841135,1.2778008993528784,0.0,0.0
108,True,0.8,SDFA_suffix_model,0.1,64,True,32,50,False,True,0.23251310426080454,0.3909981770437801,3.212503198608756,0.0,0.0
108,True,0.8,SDFA_suffix_model,0.1,64,True,64,50,False,True,0.21864233189791552,0.37755724603138846,2.0973011275753377,0.0,0.0
108,True,0.8,SDFA_suffix_model,0.1,64,True,128,50,False,True,0.1983977185028433,0.37250407167360594,1.5397911905683577,0.0,0.0
108,False,0.8,SDFA_suffix_model,0.2,64,True,32,50,False,False,0.21922249527374296,0.3726766469089862,2.9227902721986174,0.0,0.0
108,False,0.8,SDFA_suffix_model,0.2,64,True,128,50,False,False,0.19927923405255857,0.38113674692395483,1.2792604369670153,0.0,0.0
108,True,0.8,SDFA_suffix_model,0.2,64,True,32,50,False,False,0.22709799326093671,0.38497810108337244,3.200130021832883,0.0,0.0
108,True,0.8,SDFA_suffix_model,0.2,64,True,64,50,False,False,0.21359223768882019,0.3794753595741055,2.0925940494053066,0.0,0.0
108,True,0.8,SDFA_suffix_model,0.2,64,True,128,50,False,False,0.1772967061896102,0.3749697526949787,1.5380752165429294,0.0,0.0
108,False,0.8,SDFA_suffix_model,0.2,64,True,32,50,False,True,0.21438289408065947,0.37110870227271053,2.916726136803627,0.0,0.0
108,False,0.8,SDFA_suffix_model,0.2,64,True,128,50,False,True,0.19201818099649884,0.3697525561428535,1.2788046705536544,0.0,0.0
108,True,0.8,SDFA_suffix_model,0.2,64,True,32,50,False,True,0.21782804422423238,0.3803049512869197,3.212683561705053,0.0,0.0
108,True,0.8,SDFA_suffix_model,0.2,64,True,64,50,False,True,0.21390154596461974,0.3762310234705297,2.094049504324794,0.0,0.0
108,True,0.8,SDFA_suffix_model,0.2,64,True,128,50,False,True,0.1811014610784652,0.36933539409625654,1.5419702696241437,0.0,0.0
108,False,0.8,SDFA_suffix_model,0.5,64,True,32,50,False,False,0.21348634331551444,0.3752164817481349,2.9237677529267967,0.0,0.0
108,False,0.8,SDFA_suffix_model,0.5,64,True,128,50,False,False,0.1932674944172969,0.37616764653558293,1.2812200195901096,0.0,0.0
108,True,0.8,SDFA_suffix_model,0.5,64,True,32,50,False,False,0.21968910840461311,0.3768029628144989,3.1987666853144763,0.0,0.0
108,True,0.8,SDFA_suffix_model,0.5,64,True,64,50,False,False,0.2168573128822789,0.3759907760555123,2.0933448544703426,0.0,0.0
108,True,0.8,SDFA_suffix_model,0.5,64,True,128,50,False,False,0.19229081377570173,0.37607030872471026,1.5397392218932509,0.0,0.0
108,False,0.8,SDFA_suffix_model,0.5,64,True,32,50,False,True,0.22899077913860977,0.3831081919238611,2.915356511771679,0.0,0.0
108,False,0.8,SDFA_suffix_model,0.5,64,True,128,50,False,True,0.17842982259867937,0.3697525561428535,1.2811235860735177,0.0,0.0
108,True,0.8,SDFA_suffix_model,0.5,64,True,32,50,False,True,0.21840042531566722,0.37736110667093453,3.206860310435295,0.0,0.0
108,True,0.8,SDFA_suffix_model,0.5,64,True,64,50,False,True,0.20238926401869842,0.3699448698912467,2.09433577189222,0.0,0.0
108,True,0.8,SDFA_suffix_model,0.5,64,True,128,50,False,True,0.18173774381067417,0.37079318583000104,1.5440841434709727,0.0,0.0
108,False,0.8,suffix_model,0,16,False,32,50,True,False,0.27288355292488387,0.8833260329974958,5.22470653815195,0,0
108,False,0.8,suffix_model,0,16,False,128,50,True,False,0.657962754381939,0.6206759020655234,1.6276350719854236,0,0
108,False,0.8,suffix_model,0,16,False,32,50,False,False,0.24853865290790342,0.38335106536582336,2.6920982353389262,0,0
108,False,0.8,suffix_model,0,16,False,128,50,False,False,0.22721209656163696,0.3758734525725502,1.2176495613344014,0,0
108,False,0.8,suffix_model,0,32,False,32,50,True,False,0.385545951347529,0.8891801067720848,5.371537659112364,0,0
108,False,0.8,suffix_model,0,32,False,128,50,True,False,0.431413107989984,0.6101145897466431,1.6813740641996264,0,0
108,False,0.8,suffix_model,0,32,False,32,50,False,False,0.23980473339868794,0.38395842975343153,2.720553858578205,0,0
108,False,0.8,suffix_model,0,32,False,128,50,False,False,0.20547010844316957,0.38993334252570866,1.2222682483680547,0,0
108,False,0.8,suffix_model,0,64,False,32,50,True,False,0.49840173210738437,0.7007850835955225,5.340874601770192,0,0
108,False,0.8,suffix_model,0,64,False,128,50,True,False,0.6102776877086965,0.5617416776171741,1.6412832549959422,0,0
108,False,0.8,suffix_model,0,64,False,32,50,False,False,0.23173446498019346,0.3777436267643614,2.730707675628364,0,0
108,False,0.8,suffix_model,0,64,False,128,50,False,False,0.19754922828181665,0.374985310596348,1.2356915225833653,0,0
16,False,0.8,SDFA_suffix_model,0.1,16,True,32,50,False,False,0.2652418765592216,0.4027888718007117,2.886244879346341,0.0,0.0
16,False,0.8,SDFA_suffix_model,0.1,16,True,128,50,False,False,0.19492093357073606,0.3805868398132832,1.2680794468708336,0.0,0.0
16,True,0.8,SDFA_suffix_model,0.1,16,True,32,50,False,False,0.24689822636603032,0.3890329714574088,3.1705766219645737,0.0,0.0
16,True,0.8,SDFA_suffix_model,0.1,16,True,64,50,False,False,0.21114674370259,0.38169062642858675,2.079626470692456,0.0,0.0
16,True,0.8,SDFA_suffix_model,0.1,16,True,128,50,False,False,0.19384908783726088,0.37884542893915185,1.5294337447173894,0.0,0.0
16,False,0.8,SDFA_suffix_model,0.1,16,True,32,50,False,True,0.23730549029497672,0.38529446131382267,2.889556556548923,0.0,0.0
16,False,0.8,SDFA_suffix_model,0.1,16,True,128,50,False,True,0.19476362871566508,0.3787948358859308,1.2672748366743327,0.0,0.0
16,True,0.8,SDFA_suffix_model,0.1,16,True,32,50,False,True,0.22188134236425805,0.38716038752271825,3.2049209915660324,0.0,0.0
16,True,0.8,SDFA_suffix_model,0.1,16,True,64,50,False,True,0.21244907146681039,0.38918380359401955,2.0901807457581163,0.0,0.0
16,True,0.8,SDFA_suffix_model,0.1,16,True,128,50,False,True,0.19442911689955014,0.37888439809770064,1.5273951217345894,0.0,0.0
16,False,0.8,SDFA_suffix_model,0.2,16,True,32,50,False,False,0.23843471951224796,0.3928173284921343,2.8926936835236847,0.0,0.0
16,False,0.8,SDFA_suffix_model,0.2,16,True,128,50,False,False,0.21087303641508584,0.3879940798024555,1.2736883961223067,0.0,0.0
16,True,0.8,SDFA_suffix_model,0.2,16,True,32,50,False,False,0.2320323250021009,0.3916639751942528,3.1731361255049704,0.0,0.0
16,True,0.8,SDFA_suffix_model,0.2,16,True,64,50,False,False,0.22474926822824284,0.39072518055135347,2.0779239157028497,0.0,0.0
16,True,0.8,SDFA_suffix_model,0.2,16,True,128,50,False,False,0.2088419787007168,0.389889626561572,1.5282221795246005,0.0,0.0
16,False,0.8,SDFA_suffix_model,0.2,16,True,32,50,False,True,0.22198450306203155,0.39055328591059224,2.9013472151570023,0.0,0.0
16,False,0.8,SDFA_suffix_model,0.2,16,True,128,50,False,True,0.21182807677551402,0.390111434232943,1.2774671955592931,0.0,0.0
16,True,0.8,SDFA_suffix_model,0.2,16,True,32,50,False,True,0.2307351248547035,0.39125310066215657,3.1933167633228003,0.0,0.0
16,True,0.8,SDFA_suffix_model,0.2,16,True,64,50,False,True,0.22995327785078024,0.3899780449453834,2.0748253082297743,0.0,0.0
16,True,0.8,SDFA_suffix_model,0.2,16,True,128,50,False,True,0.208745596886201,0.38983270811650333,1.5391285784356297,0.0,0.0
16,False,0.8,SDFA_suffix_model,0.5,16,True,32,50,False,False,0.22865844004148783,0.39025518033836815,2.9014275794103743,0.0,0.0
16,False,0.8,SDFA_suffix_model,0.5,16,True,128,50,False,False,0.2104794266423697,0.39026437784843593,1.273609878923744,0.0,0.0
16,True,0.8,SDFA_suffix_model,0.5,16,True,32,50,False,False,0.23442909477731996,0.39137063412397394,3.160737296510488,0.0,0.0
16,True,0.8,SDFA_suffix_model,0.5,16,True,64,50,False,False,0.2283841401942581,0.3909304323900018,2.0647512611374257,0.0,0.0
16,True,0.8,SDFA_suffix_model,0.5,16,True,128,50,False,False,0.23523477058299588,0.39707552842263033,1.526882595475763,0.0,0.0
16,False,0.8,SDFA_suffix_model,0.5,16,True,32,50,False,True,0.23202102686333861,0.3915760062084524,2.90142493089661,0.0,0.0
16,False,0.8,SDFA_suffix_model,0.5,16,True,128,50,False,True,0.21037044305769625,0.3886384710754699,1.2796622909046709,0.0,0.0
16,True,0.8,SDFA_suffix_model,0.5,16,True,32,50,False,True,0.2668441343539886,0.39786406341490277,3.17857845030725,0.0,0.0
16,True,0.8,SDFA_suffix_model,0.5,16,True,64,50,False,True,0.25508793902354976,0.3950297579597222,2.073793017193675,0.0,0.0
16,True,0.8,SDFA_suffix_model,0.5,16,True,128,50,False,True,0.252456784224195,0.3944963961843801,1.5391809639893472,0.0,0.0
16,False,0.8,SDFA_suffix_model,0.1,32,True,32,50,False,False,0.23809410828136085,0.3790986316939002,2.928488985747099,0.0,0.0
16,False,0.8,SDFA_suffix_model,0.1,32,True,128,50,False,False,0.21403616763340785,0.3890891903912964,1.2824730169773102,0.0,0.0
16,True,0.8,SDFA_suffix_model,0.1,32,True,32,50,False,False,0.23931301943785474,0.39071532004235715,3.2088004777394237,0.0,0.0
16,True,0.8,SDFA_suffix_model,0.1,32,True,64,50,False,False,0.23650089689839976,0.39120897372677843,2.074781656507403,0.0,0.0
16,True,0.8,SDFA_suffix_model,0.1,32,True,128,50,False,False,0.21098468256812497,0.38969342000859675,1.5430414794199168,0.0,0.0
16,False,0.8,SDFA_suffix_model,0.1,32,True,32,50,False,True,0.23320559325815485,0.3919272248304254,2.9230774084664883,0.0,0.0
16,False,0.8,SDFA_suffix_model,0.1,32,True,128,50,False,True,0.21201058517090024,0.39003099448684564,1.2695945660583674,0.0,0.0
16,True,0.8,SDFA_suffix_model,0.1,32,True,32,50,False,True,0.24172143498687465,0.39225089867318685,3.202583252005279,0.0,0.0
16,True,0.8,SDFA_suffix_model,0.1,32,True,64,50,False,True,0.2347632115536185,0.3874453362491506,2.0885911835171282,0.0,0.0
16,True,0.8,SDFA_suffix_model,0.1,32,True,128,50,False,True,0.215086262474567,0.3889709406919035,1.5375800870731473,0.0,0.0
16,False,0.8,SDFA_suffix_model,0.2,32,True,32,50,False,False,0.2437039976133266,0.39140607167077723,2.920377379693091,0.0,0.0
16,False,0.8,SDFA_suffix_model,0.2,32,True,128,50,False,False,0.19906619698012581,0.384514653108603,1.2723226407542825,0.0,0.0
16,True,0.8,SDFA_suffix_model,0.2,32,True,32,50,False,False,0.23285969639451853,0.3863220051193444,3.202588040754199,0.0,0.0
16,True,0.8,SDFA_suffix_model,0.2,32,True,64,50,False,False,0.2382601435163847,0.38897036695466364,2.0789738733135166,0.0,0.0
16,True,0.8,SDFA_suffix_model,0.2,32,True,128,50,False,False,0.20855063683578764,0.385455069095011,1.5332823202945292,0.0,0.0
16,False,0.8,SDFA_suffix_model,0.2,32,True,32,50,False,True,0.24238124629057553,0.4011923731125896,2.926133436113596,0.0,0.0
16,False,0.8,SDFA_suffix_model,0.2,32,True,128,50,False,True,0.21120952343028526,0.38577942627857315,1.270853213518858,0.0,0.0
16,True,0.8,SDFA_suffix_model,0.2,32,True,32,50,False,True,0.2419972833901869,0.3926251496734992,3.2065096666663884,0.0,0.0
16,True,0.8,SDFA_suffix_model,0.2,32,True,64,50,False,True,0.22868957707985277,0.3868763299417595,2.086618892233819,0.0,0.0
16,True,0.8,SDFA_suffix_model,0.2,32,True,128,50,False,True,0.21047218951292507,0.38646963559230396,1.5339876216091215,0.0,0.0
16,False,0.8,SDFA_suffix_model,0.5,32,True,32,50,False,False,0.23871908497401192,0.38693843116622445,2.925946208629757,0.0,0.0
16,False,0.8,SDFA_suffix_model,0.5,32,True,128,50,False,False,0.21308796936260768,0.38905126501844833,1.270647562816739,0.0,0.0
16,True,0.8,SDFA_suffix_model,0.5,32,True,32,50,False,False,0.238036329757748,0.38939935667683345,3.1955314148031175,0.0,0.0
16,True,0.8,SDFA_suffix_model,0.5,32,True,64,50,False,False,0.23556631960048457,0.3873009054020851,2.0800158294849096,0.0,0.0
16,True,0.8,SDFA_suffix_model,0.5,32,True,128,50,False,False,0.2093882634618505,0.3886177083546989,1.5308319095894694,0.0,0.0
16,False,0.8,SDFA_suffix_model,0.5,32,True,32,50,False,True,0.24346543306792875,0.39129700154425395,2.9328517816774546,0.0,0.0
16,False,0.8,SDFA_suffix_model,0.5,32,True,128,50,False,True,0.21100633075008865,0.38580149684926385,1.2720764955319463,0.0,0.0
16,True,0.8,SDFA_suffix_model,0.5,32,True,32,50,False,True,0.2361707305202704,0.3844577964220225,3.214452971108258,0.0,0.0
16,True,0.8,SDFA_suffix_model,0.5,32,True,64,50,False,True,0.23449596711751686,0.38688567114979444,2.090114309620112,0.0,0.0
16,True,0.8,SDFA_suffix_model,0.5,32,True,128,50,False,True,0.21118744860531957,0.3856644854934615,1.5338646476343274,0.0,0.0
16,False,0.8,SDFA_suffix_model,0.1,64,True,32,50,False,False,0.23307581477752232,0.37694134435071236,2.9173099035210908,0.0,0.0
16,False,0.8,SDFA_suffix_model,0.1,64,True,128,50,False,False,0.19154426752981246,0.38109192603278996,1.2781588701345026,0.0,0.0
16,True,0.8,SDFA_suffix_model,0.1,64,True,32,50,False,False,0.22195143032856468,0.3773056139084776,3.211954322922975,0.0,0.0
16,True,0.8,SDFA_suffix_model,0.1,64,True,64,50,False,False,0.21969557915681337,0.3769923595424092,2.0969883606396618,0.0,0.0
16,True,0.8,SDFA_suffix_model,0.1,64,True,128,50,False,False,0.19667455482172938,0.376646073323239,1.5395441512577235,0.0,0.0
16,False,0.8,SDFA_suffix_model,0.1,64,True,32,50,False,True,0.2226350546324256,0.37935813356409265,2.9254646113142373,0.0,0.0
16,False,0.8,SDFA_suffix_model,0.1,64,True,128,50,False,True,0.19526193984144025,0.38815263509260545,1.2783161962404848,0.0,0.0
16,True,0.8,SDFA_suffix_model,0.1,64,True,32,50,False,True,0.21989247490232933,0.382643552360736,3.2043045720085503,0.0,0.0
16,True,0.8,SDFA_suffix_model,0.1,64,True,64,50,False,True,0.21514564485983573,0.37607603354878555,2.1046901940181852,0.0,0.0
16,True,0.8,SDFA_suffix_model,0.1,64,True,128,50,False,True,0.19209474761380108,0.387850090506224,1.5421610233187675,0.0,0.0
16,False,0.8,SDFA_suffix_model,0.2,64,True,32,50,False,False,0.22061034125751508,0.3789392333423015,2.922993894703686,0.0,0.0
16,False,0.8,SDFA_suffix_model,0.2,64,True,128,50,False,False,0.19503771524139435,0.3766416488772903,1.2816606641560793,0.0,0.0
16,True,0.8,SDFA_suffix_model,0.2,64,True,32,50,False,False,0.22168105717711392,0.37893617026433696,3.2020220425724983,0.0,0.0
16,True,0.8,SDFA_suffix_model,0.2,64,True,64,50,False,False,0.21708353638379824,0.38337072749851936,2.092584121581167,0.0,0.0
16,True,0.8,SDFA_suffix_model,0.2,64,True,128,50,False,False,0.20300388276735132,0.38551067329087624,1.5379526367411018,0.0,0.0
16,False,0.8,SDFA_suffix_model,0.2,64,True,32,50,False,True,0.22262149686591093,0.37903170426263044,2.9352116736210885,0.0,0.0
16,False,0.8,SDFA_suffix_model,0.2,64,True,128,50,False,True,0.19035431279189452,0.38877422037736625,1.2821119712479412,0.0,0.0
16,True,0.8,SDFA_suffix_model,0.2,64,True,32,50,False,True,0.2213882615656587,0.3768516317199352,3.2280339038558306,0.0,0.0
16,True,0.8,SDFA_suffix_model,0.2,64,True,64,50,False,True,0.21632645837639167,0.37519039378338226,2.105427202954888,0.0,0.0
16,True,0.8,SDFA_suffix_model,0.2,64,True,128,50,False,True,0.19203101979054646,0.37609552806661756,1.5467515756562351,0.0,0.0
16,False,0.8,SDFA_suffix_model,0.5,64,True,32,50,False,False,0.22074374620366632,0.3770442215314476,2.927165311742574,0.0,0.0
16,False,0.8,SDFA_suffix_model,0.5,64,True,128,50,False,False,0.19363187914436247,0.37517359994363875,1.277467613145709,0.0,0.0
16,True,0.8,SDFA_suffix_model,0.5,64,True,32,50,False,False,0.22000928027537656,0.38239524452469786,3.1970573462173344,0.0,0.0
16,True,0.8,SDFA_suffix_model,0.5,64,True,64,50,False,False,0.21292660349821876,0.3827768871471033,2.092577264029533,0.0,0.0
16,True,0.8,SDFA_suffix_model,0.5,64,True,128,50,False,False,0.19263885965594219,0.37502967903756285,1.540545218307525,0.0,0.0
16,False,0.8,SDFA_suffix_model,0.5,64,True,32,50,False,True,0.216855013750545,0.3779521166782497,2.9251751742511987,0.0,0.0
16,False,0.8,SDFA_suffix_model,0.5,64,True,128,50,False,True,0.1913922404066948,0.37498587702267017,1.281674585584551,0.0,0.0
16,True,0.8,SDFA_suffix_model,0.5,64,True,32,50,False,True,0.21971605012012263,0.3810618011007391,3.208886955268681,0.0,0.0
16,True,0.8,SDFA_suffix_model,0.5,64,True,64,50,False,True,0.21318706905106277,0.37519039378338226,2.094992078356445,0.0,0.0
16,True,0.8,SDFA_suffix_model,0.5,64,True,128,50,False,True,0.1959282693021195,0.381138731655176,1.5421289052814244,0.0,0.0
16,False,0.8,suffix_model,0,16,False,32,50,True,False,0.5054655417828823,0.6899781400767179,5.24602214448154,0,0
16,False,0.8,suffix_model,0,16,False,128,50,True,False,0.5085509133636609,0.24779894875164432,1.6396127679385244,0,0
16,False,0.8,suffix_model,0,16,False,32,50,False,False,0.23636599870174052,0.37656290271270404,2.6872969391942023,0,0
16,False,0.8,suffix_model,0,16,False,128,50,False,False,0.17887462163086323,0.37387912748361707,1.2164613515324891,0,0
16,False,0.8,suffix_model,0,32,False,32,50,True,False,0.4047807165579922,0.8840289115420479,5.2675019109994174,0,0
16,False,0.8,suffix_model,0,32,False,128,50,True,False,0.6299743176714254,0.38928809090603195,1.6085996063053607,0,0
16,False,0.8,suffix_model,0,32,False,32,50,False,False,0.23772109588469623,0.38131978013712753,2.7211606371589006,0,0
16,False,0.8,suffix_model,0,32,False,128,50,False,False,0.2087499423241863,0.39188120205672483,1.2196404178254305,0,0
16,False,0.8,suffix_model,0,64,False,32,50,True,False,0.8936359153016389,0.8988745315617778,5.270804360844195,0,0
16,False,0.8,suffix_model,0,64,False,128,50,True,False,0.557784591424541,0.6760418622113917,1.6532965841516853,0,0
16,False,0.8,suffix_model,0,64,False,32,50,False,False,0.23072945208293355,0.38253358925607023,2.7167128094099464,0,0
16,False,0.8,suffix_model,0,64,False,128,50,False,False,0.21479592401077244,0.3870313886111564,1.2414378540962934,0,0
1089,False,0.8,SDFA_suffix_model,0.1,16,True,32,50,False,False,0.24191114100772435,0.3821720159433649,2.8985409525968135,0.0,0.0
1089,False,0.8,SDFA_suffix_model,0.1,16,True,128,50,False,False,0.20148174694823837,0.379610128122632,1.268533211071044,0.0,0.0
1089,True,0.8,SDFA_suffix_model,0.1,16,True,32,50,False,False,0.2301968910050374,0.3798660007924146,3.1762966778688133,0.0,0.0
1089,True,0.8,SDFA_suffix_model,0.1,16,True,64,50,False,False,0.22115060561184027,0.3876855246226953,2.0718573604151604,0.0,0.0
1089,True,0.8,SDFA_suffix_model,0.1,16,True,128,50,False,False,0.20034053222292383,0.38280214100583776,1.546518776807934,0.0,0.0
1089,False,0.8,SDFA_suffix_model,0.1,16,True,32,50,False,True,0.22889054963627817,0.37778610873851215,2.9018906390666963,0.0,0.0
1089,False,0.8,SDFA_suffix_model,0.1,16,True,128,50,False,True,0.19633162075671945,0.3824219984443548,1.2685333598591386,0.0,0.0
1089,True,0.8,SDFA_suffix_model,0.1,16,True,32,50,False,True,0.221226785090122,0.3787138604097707,3.18737684475258,0.0,0.0
1089,True,0.8,SDFA_suffix_model,0.1,16,True,64,50,False,True,0.21256161831063175,0.37589940395362675,2.0780966713279487,0.0,0.0
1089,True,0.8,SDFA_suffix_model,0.1,16,True,128,50,False,True,0.19160039478699123,0.3750720929433144,1.541975267957896,0.0,0.0
1089,False,0.8,SDFA_suffix_model,0.2,16,True,32,50,False,False,0.2192302301533564,0.3769357910025177,2.925089029148221,0.0,0.0
1089,False,0.8,SDFA_suffix_model,0.2,16,True,128,50,False,False,0.19134488303345054,0.3756233839135587,1.281864754408598,0.0,0.0
1089,True,0.8,SDFA_suffix_model,0.2,16,True,32,50,False,False,0.2182726694388969,0.37762401356984654,3.182020500935614,0.0,0.0
1089,True,0.8,SDFA_suffix_model,0.2,16,True,64,50,False,False,0.21614325471092816,0.37649992621585643,2.0743401522003113,0.0,0.0
1089,True,0.8,SDFA_suffix_model,0.2,16,True,128,50,False,False,0.19840222195675553,0.3756486032554667,1.534738038778305,0.0,0.0
1089,False,0.8,SDFA_suffix_model,0.2,16,True,32,50,False,True,0.22214161829799034,0.3779099196868959,2.8962644174695016,0.0,0.0
1089,False,0.8,SDFA_suffix_model,0.2,16,True,128,50,False,True,0.19492551603261177,0.37687784622255466,1.2787987964227796,0.0,0.0
1089,True,0.8,SDFA_suffix_model,0.2,16,True,32,50,False,True,0.22027782834287316,0.3786731484642508,3.19735718652606,0.0,0.0
1089,True,0.8,SDFA_suffix_model,0.2,16,True,64,50,False,True,0.21426550404868305,0.3768373542838249,2.0816673555970193,0.0,0.0
1089,True,0.8,SDFA_suffix_model,0.2,16,True,128,50,False,True,0.1924069001762824,0.3767671031913121,1.5320807445421816,0.0,0.0
1089,False,0.8,SDFA_suffix_model,0.5,16,True,32,50,False,False,0.22646841040402066,0.3782492534197907,2.896798309236765,0.0,0.0
1089,False,0.8,SDFA_suffix_model,0.5,16,True,128,50,False,False,0.19366751173584265,0.37749822161296925,1.2666220507398247,0.0,0.0
1089,True,0.8,SDFA_suffix_model,0.5,16,True,32,50,False,False,0.22181698247729667,0.3778620867464875,3.168872149772942,0.0,0.0
1089,True,0.8,SDFA_suffix_model,0.5,16,True,64,50,False,False,0.21716069556082604,0.37734816157363815,2.072766026686877,0.0,0.0
1089,True,0.8,SDFA_suffix_model,0.5,16,True,128,50,False,False,0.19470859176838132,0.37737376826906777,1.5269862315803766,0.0,0.0
1089,False,0.8,SDFA_suffix_model,0.5,16,True,32,50,False,True,0.22606845629184594,0.37782754203388763,2.894089692868292,0.0,0.0
1089,False,0.8,SDFA_suffix_model,0.5,16,True,128,50,False,True,0.19551727777746156,0.37776365433569503,1.2679513188824059,0.0,0.0
1089,True,0.8,SDFA_suffix_model,0.5,16,True,32,50,False,True,0.21985197542030535,0.3776616529635964,3.180844429526478,0.0,0.0
1089,True,0.8,SDFA_suffix_model,0.5,16,True,64,50,False,True,0.21917440312643932,0.3756170708197833,2.0905996402166784,0.0,0.0
1089,True,0.8,SDFA_suffix_model,0.5,16,True,128,50,False,True,0.19462255209627066,0.37769065097754045,1.5337545320950448,0.0,0.0
1089,False,0.8,SDFA_suffix_model,0.1,32,True,32,50,False,False,0.23732522648422655,0.38111887625685004,2.9284066383540632,0.0,0.0
1089,False,0.8,SDFA_suffix_model,0.1,32,True,128,50,False,False,0.20983013129859338,0.38737233696652107,1.2737447314150632,0.0,0.0
1089,True,0.8,SDFA_suffix_model,0.1,32,True,32,50,False,False,0.21962244938591732,0.39282539432931457,3.211222451608628,0.0,0.0
1089,True,0.8,SDFA_suffix_model,0.1,32,True,64,50,False,False,0.2181695324435132,0.3883015840154255,2.0904698036424816,0.0,0.0
1089,True,0.8,SDFA_suffix_model,0.1,32,True,128,50,False,False,0.20786518744797294,0.3834152221915949,1.5407585723698138,0.0,0.0
1089,False,0.8,SDFA_suffix_model,0.1,32,True,32,50,False,True,0.227888602247997,0.3926893298535658,2.9269358653947712,0.0,0.0
1089,False,0.8,SDFA_suffix_model,0.1,32,True,128,50,False,True,0.21062888600667815,0.39340299273485113,1.273890451323241,0.0,0.0
1089,True,0.8,SDFA_suffix_model,0.1,32,True,32,50,False,True,0.23927043414559826,0.3885164134067418,3.2149852587096395,0.0,0.0
1089,True,0.8,SDFA_suffix_model,0.1,32,True,64,50,False,True,0.23185879191135386,0.3850535046682675,2.0973554256372156,0.0,0.0
1089,True,0.8,SDFA_suffix_model,0.1,32,True,128,50,False,True,0.21361463644643647,0.3883739338597467,1.534895833581686,0.0,0.0
1089,False,0.8,SDFA_suffix_model,0.2,32,True,32,50,False,False,0.2236506703983699,0.3833202616445415,2.9217492456547918,0.0,0.0
1089,False,0.8,SDFA_suffix_model,0.2,32,True,128,50,False,False,0.20102320843122387,0.3835169454091878,1.2712955160625279,0.0,0.0
1089,True,0.8,SDFA_suffix_model,0.2,32,True,32,50,False,False,0.24045091582870773,0.3911960873539054,3.2031055662781,0.0,0.0
1089,True,0.8,SDFA_suffix_model,0.2,32,True,64,50,False,False,0.2310454997380096,0.3906376322081635,2.0901603562757374,0.0,0.0
1089,True,0.8,SDFA_suffix_model,0.2,32,True,128,50,False,False,0.20131843748795103,0.38443838704331396,1.5318164868094026,0.0,0.0
1089,False,0.8,SDFA_suffix_model,0.2,32,True,32,50,False,True,0.237347317110786,0.386357121120295,2.9352390633895995,0.0,0.0
1089,False,0.8,SDFA_suffix_model,0.2,32,True,128,50,False,True,0.21055266702441477,0.3839393219813672,1.270760974995792,0.0,0.0
1089,True,0.8,SDFA_suffix_model,0.2,32,True,32,50,False,True,0.2275177467687314,0.3918564691237056,3.2108778206072746,0.0,0.0
1089,True,0.8,SDFA_suffix_model,0.2,32,True,64,50,False,True,0.2234840900083993,0.38499557073849316,2.0897938510775567,0.0,0.0
1089,True,0.8,SDFA_suffix_model,0.2,32,True,128,50,False,True,0.21484978373940244,0.38556465893174074,1.5356272662058472,0.0,0.0
1089,False,0.8,SDFA_suffix_model,0.5,32,True,32,50,False,False,0.22905126763536615,0.38579186654715664,2.9196126446686685,0.0,0.0
1089,False,0.8,SDFA_suffix_model,0.5,32,True,128,50,False,False,0.2112180404887369,0.38363166497200196,1.2711929950863123,0.0,0.0
1089,True,0.8,SDFA_suffix_model,0.5,32,True,32,50,False,False,0.2393430029599537,0.3889132630779625,3.197470237929374,0.0,0.0
1089,True,0.8,SDFA_suffix_model,0.5,32,True,64,50,False,False,0.23926559095744315,0.3844704003729426,2.084509503990412,0.0,0.0
1089,True,0.8,SDFA_suffix_model,0.5,32,True,128,50,False,False,0.20854455322260843,0.38575203421767057,1.5312555559538306,0.0,0.0
1089,False,0.8,SDFA_suffix_model,0.5,32,True,32,50,False,True,0.232955367137364,0.3859116753846968,2.9164667192101477,0.0,0.0
1089,False,0.8,SDFA_suffix_model,0.5,32,True,128,50,False,True,0.20102260006990597,0.3832402546594357,1.273079294655472,0.0,0.0
1089,True,0.8,SDFA_suffix_model,0.5,32,True,32,50,False,True,0.2292035159807818,0.387076312145876,3.2123029342480005,0.0,0.0
1089,True,0.8,SDFA_suffix_model,0.5,32,True,64,50,False,True,0.23067596369173232,0.3842854986440203,2.0843852220848205,0.0,0.0
1089,True,0.8,SDFA_suffix_model,0.5,32,True,128,50,False,True,0.20822698861463645,0.3854506613801615,1.5391865207254887,0.0,0.0
1089,False,0.8,SDFA_suffix_model,0.1,64,True,32,50,False,False,0.23347368307946414,0.37755371453630215,2.9238729146309197,0.0,0.0
1089,False,0.8,SDFA_suffix_model,0.1,64,True,128,50,False,False,0.20300205768339752,0.38635476469885194,1.2808291863836347,0.0,0.0
1089,True,0.8,SDFA_suffix_model,0.1,64,True,32,50,False,False,0.21854817020717027,0.38979818143988476,3.1949618844874204,0.0,0.0
1089,True,0.8,SDFA_suffix_model,0.1,64,True,64,50,False,False,0.22805889601224633,0.3876551066104244,2.0953580009751023,0.0,0.0
1089,True,0.8,SDFA_suffix_model,0.1,64,True,128,50,False,False,0.20960440554724388,0.38643493225602266,1.5379366024769843,0.0,0.0
1089,False,0.8,SDFA_suffix_model,0.1,64,True,32,50,False,True,0.23696005167752815,0.3873157415960968,2.9392324889451267,0.0,0.0
1089,False,0.8,SDFA_suffix_model,0.1,64,True,128,50,False,True,0.2118153643942079,0.3871178114540134,1.2796315751969813,0.0,0.0
1089,True,0.8,SDFA_suffix_model,0.1,64,True,32,50,False,True,0.2390871435713742,0.3905553539529692,3.2314315460808576,0.0,0.0
1089,True,0.8,SDFA_suffix_model,0.1,64,True,64,50,False,True,0.23080738553800328,0.3844904843581065,2.105151111315936,0.0,0.0
1089,True,0.8,SDFA_suffix_model,0.1,64,True,128,50,False,True,0.2134231764488005,0.38486221764802003,1.5423704016581177,0.0,0.0
1089,False,0.8,SDFA_suffix_model,0.2,64,True,32,50,False,False,0.23542428698473378,0.3870992973499293,2.9273536995612086,0.0,0.0
1089,False,0.8,SDFA_suffix_model,0.2,64,True,128,50,False,False,0.19446750686895212,0.38303437692399034,1.2858116960898043,0.0,0.0
1089,True,0.8,SDFA_suffix_model,0.2,64,True,32,50,False,False,0.220775033357161,0.38259743845128474,3.2101318387687208,0.0,0.0
1089,True,0.8,SDFA_suffix_model,0.2,64,True,64,50,False,False,0.22955720302960755,0.38472603580433296,2.0974026110209523,0.0,0.0
1089,True,0.8,SDFA_suffix_model,0.2,64,True,128,50,False,False,0.20766286385537377,0.38338313280339464,1.5377534196525813,0.0,0.0
1089,False,0.8,SDFA_suffix_model,0.2,64,True,32,50,False,True,0.2211953241191076,0.3772907749974486,2.92608087643981,0.0,0.0
1089,False,0.8,SDFA_suffix_model,0.2,64,True,128,50,False,True,0.1926170455572556,0.37525407745512807,1.2900402289628983,0.0,0.0
1089,True,0.8,SDFA_suffix_model,0.2,64,True,32,50,False,True,0.23559202089096945,0.38650938632193604,3.228243346903473,0.0,0.0
1089,True,0.8,SDFA_suffix_model,0.2,64,True,64,50,False,True,0.214803571981626,0.3754219187192436,2.10417613286525,0.0,0.0
1089,True,0.8,SDFA_suffix_model,0.2,64,True,128,50,False,True,0.19100604158094267,0.3752174019585315,1.5439020251855253,0.0,0.0
1089,False,0.8,SDFA_suffix_model,0.5,64,True,32,50,False,False,0.22082126881732547,0.3768516317199352,2.927991846296936,0.0,0.0
1089,False,0.8,SDFA_suffix_model,0.5,64,True,128,50,False,False,0.1909983067013287,0.37498587702267017,1.2898451852239667,0.0,0.0
1089,True,0.8,SDFA_suffix_model,0.5,64,True,32,50,False,False,0.22039698025243243,0.3768029628144989,3.203472340796143,0.0,0.0
1089,True,0.8,SDFA_suffix_model,0.5,64,True,64,50,False,False,0.21477011210913852,0.37545372732529664,2.0935793720185756,0.0,0.0
1089,True,0.8,SDFA_suffix_model,0.5,64,True,128,50,False,False,0.19104582209049997,0.37531960665994774,1.5394828937761487,0.0,0.0
1089,False,0.8,SDFA_suffix_model,0.5,64,True,32,50,False,True,0.21901982404610415,0.37732169871431187,2.915905097797513,0.0,0.0
1089,False,0.8,SDFA_suffix_model,0.5,64,True,128,50,False,True,0.1958692582542781,0.37512282851474643,1.2924278822168709,0.0,0.0
1089,True,0.8,SDFA_suffix_model,0.5,64,True,32,50,False,True,0.20747112732986533,0.3709722081151913,3.245137083996087,0.0,0.0
1089,True,0.8,SDFA_suffix_model,0.5,64,True,64,50,False,True,0.21473291515998363,0.3757306186337255,2.105752840526402,0.0,0.0
1089,True,0.8,SDFA_suffix_model,0.5,64,True,128,50,False,True,0.1947346011899231,0.38121694953891294,1.5433881021291018,0.0,0.0
1089,False,0.8,suffix_model,0,16,False,32,50,True,False,0.4295288549723609,0.5563449043655985,5.447239528633654,0,0
1089,False,0.8,suffix_model,0,16,False,128,50,True,False,0.5635138143843821,0.367973146299365,1.6124762496352196,0,0
1089,False,0.8,suffix_model,0,16,False,32,50,False,False,0.25580326132231507,0.3850440565134796,2.6848537811823188,0,0
1089,False,0.8,suffix_model,0,16,False,128,50,False,False,0.19613296313362005,0.3772222095809475,1.2168312934413552,0,0
1089,False,0.8,suffix_model,0,32,False,32,50,True,False,0.5531315833385552,0.880479604906841,5.416289398409426,0,0
1089,False,0.8,suffix_model,0,32,False,128,50,True,False,0.6589131253717351,0.8457299854474429,1.6054389177076518,0,0
1089,False,0.8,suffix_model,0,32,False,32,50,False,False,0.2348577998873655,0.3773373570022703,2.724421587120742,0,0
1089,False,0.8,suffix_model,0,32,False,128,50,False,False,0.1813282455365241,0.37512107544959006,1.2245418247208,0,0
1089,False,0.8,suffix_model,0,64,False,32,50,True,False,0.4988321595910296,0.7654505914312899,5.292641595657915,0,0
1089,False,0.8,suffix_model,0,64,False,128,50,True,False,0.5101169776104082,0.7007139712625869,1.6066581880114972,0,0
1089,False,0.8,suffix_model,0,64,False,32,50,False,False,0.22931396911357407,0.37680488817779095,2.724021926317364,0,0
1089,False,0.8,suffix_model,0,64,False,128,50,False,False,0.19512325716333592,0.37604153280894376,1.2711964352242648,0,0
