seed,local,quantile,model,lambda,d_model,er_loss,batch_size,no_epochs,max_len,rank_loss,sdfa_ce,recall,precision,f1,accuracy,time
56,FALSE,0.95,NAP_model,0,16,FALSE,32,10,22,FALSE,FALSE,0.659726805,0.90610468,0.735661079,0.659726805,11.71690768
56,FALSE,0.95,NAP_model,0,32,FALSE,32,10,22,FALSE,FALSE,0.790352382,0.915467412,0.836641934,0.790352382,11.95266822
56,FALSE,0.95,NAP_model,0,64,FALSE,32,10,22,FALSE,FALSE,0.668800317,0.92613768,0.745174244,0.668800317,12.65002545
56,FALSE,0.95,SDFA_NAP_model,0.1,16,TRUE,32,10,22,FALSE,FALSE,0.736241256,0.889420403,0.794542464,0.736241256,12.09625926
56,FALSE,0.95,SDFA_NAP_model,0.2,16,TRUE,32,10,22,FALSE,FALSE,0.534149399,0.821497931,0.62381649,0.534149399,12.10075149
56,FALSE,0.95,SDFA_NAP_model,0.5,16,TRUE,32,10,22,FALSE,FALSE,0.464035898,0.84015815,0.571541057,0.464035898,12.10827921
56,FALSE,0.95,SDFA_NAP_model,0.1,32,TRUE,32,10,22,FALSE,FALSE,0.793552857,0.909110671,0.836941909,0.793552857,12.26393684
56,FALSE,0.95,SDFA_NAP_model,0.2,32,TRUE,32,10,22,FALSE,FALSE,0.796258414,0.914584821,0.840226185,0.796258414,12.2659672
56,FALSE,0.95,SDFA_NAP_model,0.5,32,TRUE,32,10,22,FALSE,FALSE,0.668140425,0.879126071,0.728990982,0.668140425,12.29223659
56,FALSE,0.95,SDFA_NAP_model,0.1,64,TRUE,32,10,22,FALSE,FALSE,0.815890194,0.915227661,0.854878849,0.815890194,12.96944534
56,FALSE,0.95,SDFA_NAP_model,0.2,64,TRUE,32,10,22,FALSE,FALSE,0.734228587,0.91501416,0.798313644,0.734228587,12.98195804
56,FALSE,0.95,SDFA_NAP_model,0.5,64,TRUE,32,10,22,FALSE,FALSE,0.797875148,0.913195547,0.843752021,0.797875148,12.96057528
56,TRUE,0.95,SDFA_NAP_model,0.1,16,TRUE,16,10,22,FALSE,FALSE,0.718193216,0.878750325,0.775194434,0.718193216,11.95759573
56,TRUE,0.95,SDFA_NAP_model,0.2,16,TRUE,16,10,22,FALSE,FALSE,0.73116009,0.886213734,0.792329273,0.73116009,11.94368878
56,TRUE,0.95,SDFA_NAP_model,0.5,16,TRUE,16,10,22,FALSE,FALSE,0.465091725,0.819050542,0.55400376,0.465091725,11.95395558
56,TRUE,0.95,SDFA_NAP_model,0.1,32,TRUE,16,10,22,FALSE,FALSE,0.712650125,0.912251621,0.779308965,0.712650125,12.13126937
56,TRUE,0.95,SDFA_NAP_model,0.2,32,TRUE,16,10,22,FALSE,FALSE,0.765771413,0.921955941,0.826856334,0.765771413,12.14485522
56,TRUE,0.95,SDFA_NAP_model,0.5,32,TRUE,16,10,22,FALSE,FALSE,0.66774449,0.903757526,0.742451473,0.66774449,12.15735593
56,TRUE,0.95,SDFA_NAP_model,0.1,64,TRUE,16,10,22,FALSE,FALSE,0.825788571,0.925179913,0.864857784,0.825788571,12.86163401
56,TRUE,0.95,SDFA_NAP_model,0.2,64,TRUE,16,10,22,FALSE,FALSE,0.818100831,0.922524554,0.859126475,0.818100831,12.85681969
56,TRUE,0.95,SDFA_NAP_model,0.5,64,TRUE,16,10,22,FALSE,FALSE,0.72066781,0.910962355,0.781485441,0.72066781,12.84415778
56,TRUE,0.95,SDFA_NAP_model,0.1,16,TRUE,32,10,22,FALSE,FALSE,0.670087106,0.819252419,0.724612364,0.670087106,11.92401026
56,TRUE,0.95,SDFA_NAP_model,0.2,16,TRUE,32,10,22,FALSE,FALSE,0.652467995,0.878731423,0.723081575,0.652467995,11.94485352
56,TRUE,0.95,SDFA_NAP_model,0.5,16,TRUE,32,10,22,FALSE,FALSE,0.510723241,0.719775656,0.570486824,0.510723241,11.95524224
56,TRUE,0.95,SDFA_NAP_model,0.1,32,TRUE,32,10,22,FALSE,FALSE,0.778342352,0.918048601,0.832364547,0.778342352,12.12031953
56,TRUE,0.95,SDFA_NAP_model,0.2,32,TRUE,32,10,22,FALSE,FALSE,0.785469183,0.920316206,0.834056883,0.785469183,12.1023185
56,TRUE,0.95,SDFA_NAP_model,0.5,32,TRUE,32,10,22,FALSE,FALSE,0.754223307,0.899024212,0.811305688,0.754223307,12.13775111
56,TRUE,0.95,SDFA_NAP_model,0.1,64,TRUE,32,10,22,FALSE,FALSE,0.723439356,0.91969611,0.779749882,0.723439356,12.85046103
56,TRUE,0.95,SDFA_NAP_model,0.2,64,TRUE,32,10,22,FALSE,FALSE,0.659891778,0.832634985,0.715653823,0.659891778,12.82911224
56,TRUE,0.95,SDFA_NAP_model,0.5,64,TRUE,32,10,22,FALSE,FALSE,0.794377722,0.901670149,0.836102552,0.794377722,12.8725882
56,TRUE,0.95,SDFA_NAP_model,0.1,16,TRUE,64,10,22,FALSE,FALSE,0.540451366,0.871814059,0.610419748,0.540451366,11.94075321
56,TRUE,0.95,SDFA_NAP_model,0.2,16,TRUE,64,10,22,FALSE,FALSE,0.654546654,0.896402405,0.735704013,0.654546654,11.95093855
56,TRUE,0.95,SDFA_NAP_model,0.5,16,TRUE,64,10,22,FALSE,FALSE,0.424508381,0.833538175,0.510799236,0.424508381,11.95176163
56,TRUE,0.95,SDFA_NAP_model,0.1,32,TRUE,64,10,22,FALSE,FALSE,0.635970701,0.833356814,0.70124817,0.635970701,12.11596452
56,TRUE,0.95,SDFA_NAP_model,0.2,32,TRUE,64,10,22,FALSE,FALSE,0.714233866,0.831711442,0.756397285,0.714233866,12.11011177
56,TRUE,0.95,SDFA_NAP_model,0.5,32,TRUE,64,10,22,FALSE,FALSE,0.753365448,0.908726006,0.810912481,0.753365448,12.15253973
56,TRUE,0.95,SDFA_NAP_model,0.1,64,TRUE,64,10,22,FALSE,FALSE,0.746964498,0.916215144,0.805212773,0.746964498,12.87301118
56,TRUE,0.95,SDFA_NAP_model,0.2,64,TRUE,64,10,22,FALSE,FALSE,0.818067837,0.924758378,0.860237641,0.818067837,12.86665899
56,TRUE,0.95,SDFA_NAP_model,0.5,64,TRUE,64,10,22,FALSE,FALSE,0.726672826,0.906680617,0.786584239,0.726672826,12.87424008
56,TRUE,0.95,SDFA_NAP_model,0.1,16,TRUE,128,10,22,FALSE,FALSE,0.662234394,0.902777563,0.747867214,0.662234394,11.92437547
56,TRUE,0.95,SDFA_NAP_model,0.2,16,TRUE,128,10,22,FALSE,FALSE,0.711594299,0.872357375,0.775040825,0.711594299,11.93259269
56,TRUE,0.95,SDFA_NAP_model,0.5,16,TRUE,128,10,22,FALSE,FALSE,0.478322555,0.859227896,0.589237407,0.478322555,11.94415883
56,TRUE,0.95,SDFA_NAP_model,0.1,32,TRUE,128,10,22,FALSE,FALSE,0.703873565,0.9143549,0.769928426,0.703873565,12.13987474
56,TRUE,0.95,SDFA_NAP_model,0.2,32,TRUE,128,10,22,FALSE,FALSE,0.697472614,0.900619168,0.759054107,0.697472614,12.13868654
56,TRUE,0.95,SDFA_NAP_model,0.5,32,TRUE,128,10,22,FALSE,FALSE,0.703939554,0.901757683,0.770038327,0.703939554,12.15474144
56,TRUE,0.95,SDFA_NAP_model,0.1,64,TRUE,128,10,22,FALSE,FALSE,0.658802956,0.907054672,0.734854101,0.658802956,12.8824801
56,TRUE,0.95,SDFA_NAP_model,0.2,64,TRUE,128,10,22,FALSE,FALSE,0.749406097,0.915866163,0.807490532,0.749406097,12.89058216
56,TRUE,0.95,SDFA_NAP_model,0.5,64,TRUE,128,10,22,FALSE,FALSE,0.810710044,0.914461347,0.853301917,0.810710044,12.88604848
8,FALSE,0.95,NAP_model,0,16,FALSE,32,10,22,FALSE,FALSE,0.571862215,0.876000447,0.658545972,0.571862215,11.73402538
8,FALSE,0.95,NAP_model,0,32,FALSE,32,10,22,FALSE,FALSE,0.791870133,0.90211446,0.831913773,0.791870133,11.95073388
8,FALSE,0.95,NAP_model,0,64,FALSE,32,10,22,FALSE,FALSE,0.730797149,0.918309363,0.79169873,0.730797149,12.64594687
8,FALSE,0.95,SDFA_NAP_model,0.1,16,TRUE,32,10,22,FALSE,FALSE,0.607364392,0.901510625,0.703342116,0.607364392,12.07322249
8,FALSE,0.95,SDFA_NAP_model,0.2,16,TRUE,32,10,22,FALSE,FALSE,0.667579517,0.861749566,0.722517671,0.667579517,12.04524915
8,FALSE,0.95,SDFA_NAP_model,0.5,16,TRUE,32,10,22,FALSE,FALSE,0.445327966,0.895721492,0.525043666,0.445327966,12.09252042
8,FALSE,0.95,SDFA_NAP_model,0.1,32,TRUE,32,10,22,FALSE,FALSE,0.702025868,0.916285993,0.767420394,0.702025868,12.22135083
8,FALSE,0.95,SDFA_NAP_model,0.2,32,TRUE,32,10,22,FALSE,FALSE,0.69780256,0.921998523,0.766051784,0.69780256,12.25892845
8,FALSE,0.95,SDFA_NAP_model,0.5,32,TRUE,32,10,22,FALSE,FALSE,0.7475584,0.901045287,0.806173805,0.7475584,12.26230454
8,FALSE,0.95,SDFA_NAP_model,0.1,64,TRUE,32,10,22,FALSE,FALSE,0.742246272,0.917723349,0.793605328,0.742246272,12.97377147
8,FALSE,0.95,SDFA_NAP_model,0.2,64,TRUE,32,10,22,FALSE,FALSE,0.742906163,0.922454906,0.800866343,0.742906163,12.96883291
8,FALSE,0.95,SDFA_NAP_model,0.5,64,TRUE,32,10,22,FALSE,FALSE,0.814108486,0.92024117,0.856415637,0.814108486,12.99635345
8,TRUE,0.95,SDFA_NAP_model,0.1,16,TRUE,16,10,22,FALSE,FALSE,0.708459813,0.862165493,0.765491982,0.708459813,11.94890155
8,TRUE,0.95,SDFA_NAP_model,0.2,16,TRUE,16,10,22,FALSE,FALSE,0.665995777,0.886095451,0.73242232,0.665995777,11.93654034
8,TRUE,0.95,SDFA_NAP_model,0.5,16,TRUE,16,10,22,FALSE,FALSE,0.553517223,0.874476745,0.629748172,0.553517223,11.96698643
8,TRUE,0.95,SDFA_NAP_model,0.1,32,TRUE,16,10,22,FALSE,FALSE,0.789032599,0.912273988,0.832613719,0.789032599,12.12635941
8,TRUE,0.95,SDFA_NAP_model,0.2,32,TRUE,16,10,22,FALSE,FALSE,0.777814438,0.917135017,0.832521741,0.777814438,12.15143051
8,TRUE,0.95,SDFA_NAP_model,0.5,32,TRUE,16,10,22,FALSE,FALSE,0.603570015,0.898981316,0.691080533,0.603570015,12.14818549
8,TRUE,0.95,SDFA_NAP_model,0.1,64,TRUE,16,10,22,FALSE,FALSE,0.74561172,0.855700444,0.787967455,0.74561172,12.87725879
8,TRUE,0.95,SDFA_NAP_model,0.2,64,TRUE,16,10,22,FALSE,FALSE,0.805925828,0.907022688,0.8440996,0.805925828,12.86953928
8,TRUE,0.95,SDFA_NAP_model,0.5,64,TRUE,16,10,22,FALSE,FALSE,0.72548502,0.822441538,0.763099835,0.72548502,12.86479224
8,TRUE,0.95,SDFA_NAP_model,0.1,16,TRUE,32,10,22,FALSE,FALSE,0.64286657,0.79955057,0.702849464,0.64286657,11.95636657
8,TRUE,0.95,SDFA_NAP_model,0.2,16,TRUE,32,10,22,FALSE,FALSE,0.666325723,0.879876736,0.741448611,0.666325723,11.93603323
8,TRUE,0.95,SDFA_NAP_model,0.5,16,TRUE,32,10,22,FALSE,FALSE,0.433548898,0.808552489,0.541418232,0.433548898,11.93513831
8,TRUE,0.95,SDFA_NAP_model,0.1,32,TRUE,32,10,22,FALSE,FALSE,0.759304474,0.882339964,0.808383943,0.759304474,12.11695063
8,TRUE,0.95,SDFA_NAP_model,0.2,32,TRUE,32,10,22,FALSE,FALSE,0.770654613,0.91270953,0.825607012,0.770654613,12.10336725
8,TRUE,0.95,SDFA_NAP_model,0.5,32,TRUE,32,10,22,FALSE,FALSE,0.765276495,0.90882202,0.818053443,0.765276495,12.12817416
8,TRUE,0.95,SDFA_NAP_model,0.1,64,TRUE,32,10,22,FALSE,FALSE,0.744654877,0.842692682,0.780983973,0.744654877,12.83059553
8,TRUE,0.95,SDFA_NAP_model,0.2,64,TRUE,32,10,22,FALSE,FALSE,0.804837007,0.914116575,0.843191114,0.804837007,12.84817238
8,TRUE,0.95,SDFA_NAP_model,0.5,64,TRUE,32,10,22,FALSE,FALSE,0.709548634,0.905546613,0.775613653,0.709548634,12.87399928
8,TRUE,0.95,SDFA_NAP_model,0.1,16,TRUE,64,10,22,FALSE,FALSE,0.705589283,0.919852966,0.774540742,0.705589283,11.97059664
8,TRUE,0.95,SDFA_NAP_model,0.2,16,TRUE,64,10,22,FALSE,FALSE,0.700178171,0.892555998,0.764090925,0.700178171,11.93162439
8,TRUE,0.95,SDFA_NAP_model,0.5,16,TRUE,64,10,22,FALSE,FALSE,0.516695262,0.849334663,0.607403163,0.516695262,11.95845546
8,TRUE,0.95,SDFA_NAP_model,0.1,32,TRUE,64,10,22,FALSE,FALSE,0.625874357,0.817923982,0.685569975,0.625874357,12.10321827
8,TRUE,0.95,SDFA_NAP_model,0.2,32,TRUE,64,10,22,FALSE,FALSE,0.713441996,0.895898722,0.776174731,0.713441996,12.09568465
8,TRUE,0.95,SDFA_NAP_model,0.5,32,TRUE,64,10,22,FALSE,FALSE,0.687838195,0.890463441,0.753918576,0.687838195,12.11787521
8,TRUE,0.95,SDFA_NAP_model,0.1,64,TRUE,64,10,22,FALSE,FALSE,0.73798997,0.842094674,0.781295639,0.73798997,12.8243343
8,TRUE,0.95,SDFA_NAP_model,0.2,64,TRUE,64,10,22,FALSE,FALSE,0.81859575,0.919705493,0.860670547,0.81859575,12.82636232
8,TRUE,0.95,SDFA_NAP_model,0.5,64,TRUE,64,10,22,FALSE,FALSE,0.735845321,0.904985089,0.79149886,0.735845321,12.84909154
8,TRUE,0.95,SDFA_NAP_model,0.1,16,TRUE,128,10,22,FALSE,FALSE,0.688828032,0.905691872,0.757839891,0.688828032,11.88934098
8,TRUE,0.95,SDFA_NAP_model,0.2,16,TRUE,128,10,22,FALSE,FALSE,0.681569223,0.85008671,0.739675836,0.681569223,11.95076611
8,TRUE,0.95,SDFA_NAP_model,0.5,16,TRUE,128,10,22,FALSE,FALSE,0.489705688,0.843557808,0.579018084,0.489705688,11.94822389
8,TRUE,0.95,SDFA_NAP_model,0.1,32,TRUE,128,10,22,FALSE,FALSE,0.724099248,0.909967941,0.77571365,0.724099248,12.09854611
8,TRUE,0.95,SDFA_NAP_model,0.2,32,TRUE,128,10,22,FALSE,FALSE,0.694701069,0.918602954,0.764715649,0.694701069,12.10653077
8,TRUE,0.95,SDFA_NAP_model,0.5,32,TRUE,128,10,22,FALSE,FALSE,0.690807708,0.905919909,0.754707504,0.690807708,12.11682968
8,TRUE,0.95,SDFA_NAP_model,0.1,64,TRUE,128,10,22,FALSE,FALSE,0.735383397,0.917287229,0.792532504,0.735383397,12.85238918
8,TRUE,0.95,SDFA_NAP_model,0.2,64,TRUE,128,10,22,FALSE,FALSE,0.819585588,0.923841778,0.860772843,0.819585588,12.85289892
8,TRUE,0.95,SDFA_NAP_model,0.5,64,TRUE,128,10,22,FALSE,FALSE,0.811798865,0.913361792,0.853967885,0.811798865,12.86840784
15,FALSE,0.95,NAP_model,0,16,FALSE,32,10,22,FALSE,FALSE,0.731918965,0.889853653,0.78779707,0.731918965,11.68920433
15,FALSE,0.95,NAP_model,0,32,FALSE,32,10,22,FALSE,FALSE,0.726441864,0.902288363,0.78032477,0.726441864,11.89009111
15,FALSE,0.95,NAP_model,0,64,FALSE,32,10,22,FALSE,FALSE,0.734360565,0.839571944,0.769606256,0.734360565,12.61953333
15,FALSE,0.95,SDFA_NAP_model,0.1,16,TRUE,32,10,22,FALSE,FALSE,0.664313053,0.870551736,0.735729242,0.664313053,12.02345353
15,FALSE,0.95,SDFA_NAP_model,0.2,16,TRUE,32,10,22,FALSE,FALSE,0.569156658,0.867259205,0.665646655,0.569156658,12.0408483
15,FALSE,0.95,SDFA_NAP_model,0.5,16,TRUE,32,10,22,FALSE,FALSE,0.391447803,0.858459661,0.494127409,0.391447803,12.08295679
15,FALSE,0.95,SDFA_NAP_model,0.1,32,TRUE,32,10,22,FALSE,FALSE,0.719150059,0.83665364,0.766385196,0.719150059,12.24347226
15,FALSE,0.95,SDFA_NAP_model,0.2,32,TRUE,32,10,22,FALSE,FALSE,0.708030883,0.912583911,0.767958765,0.708030883,12.25007671
15,FALSE,0.95,SDFA_NAP_model,0.5,32,TRUE,32,10,22,FALSE,FALSE,0.764319652,0.919087844,0.823342602,0.764319652,12.26763773
15,FALSE,0.95,SDFA_NAP_model,0.1,64,TRUE,32,10,22,FALSE,FALSE,0.734657516,0.912590413,0.791794348,0.734657516,12.94992971
15,FALSE,0.95,SDFA_NAP_model,0.2,64,TRUE,32,10,22,FALSE,FALSE,0.816121156,0.925761171,0.85816418,0.816121156,12.94552193
15,FALSE,0.95,SDFA_NAP_model,0.5,64,TRUE,32,10,22,FALSE,FALSE,0.736868154,0.835055706,0.774471048,0.736868154,12.94594417
15,TRUE,0.95,SDFA_NAP_model,0.1,16,TRUE,16,10,22,FALSE,FALSE,0.736241256,0.894444876,0.797546887,0.736241256,11.94220003
15,TRUE,0.95,SDFA_NAP_model,0.2,16,TRUE,16,10,22,FALSE,FALSE,0.611851656,0.897063622,0.694370385,0.611851656,11.95245085
15,TRUE,0.95,SDFA_NAP_model,0.5,16,TRUE,16,10,22,FALSE,FALSE,0.510987198,0.870225355,0.595556344,0.510987198,11.9606787
15,TRUE,0.95,SDFA_NAP_model,0.1,32,TRUE,16,10,22,FALSE,FALSE,0.714398839,0.912785825,0.780819861,0.714398839,12.10043509
15,TRUE,0.95,SDFA_NAP_model,0.2,32,TRUE,16,10,22,FALSE,FALSE,0.698957371,0.842565036,0.753707824,0.698957371,12.12739567
15,TRUE,0.95,SDFA_NAP_model,0.5,32,TRUE,16,10,22,FALSE,FALSE,0.739870661,0.894525257,0.798574069,0.739870661,12.13735507
15,TRUE,0.95,SDFA_NAP_model,0.1,64,TRUE,16,10,22,FALSE,FALSE,0.816055167,0.92017451,0.8560256,0.816055167,12.84142788
15,TRUE,0.95,SDFA_NAP_model,0.2,64,TRUE,16,10,22,FALSE,FALSE,0.665434869,0.913031061,0.73730546,0.665434869,12.8552022
15,TRUE,0.95,SDFA_NAP_model,0.5,64,TRUE,16,10,22,FALSE,FALSE,0.735845321,0.915739836,0.7968895,0.735845321,12.84089341
15,TRUE,0.95,SDFA_NAP_model,0.1,16,TRUE,32,10,22,FALSE,FALSE,0.57542563,0.895576019,0.672151271,0.57542563,11.93931697
15,TRUE,0.95,SDFA_NAP_model,0.2,16,TRUE,32,10,22,FALSE,FALSE,0.686089481,0.92236477,0.761399639,0.686089481,11.94045203
15,TRUE,0.95,SDFA_NAP_model,0.5,16,TRUE,32,10,22,FALSE,FALSE,0.424310413,0.822067702,0.493523833,0.424310413,11.9344761
15,TRUE,0.95,SDFA_NAP_model,0.1,32,TRUE,32,10,22,FALSE,FALSE,0.641810743,0.762017356,0.679827655,0.641810743,12.09274358
15,TRUE,0.95,SDFA_NAP_model,0.2,32,TRUE,32,10,22,FALSE,FALSE,0.701893889,0.915476777,0.767559482,0.701893889,12.12209999
15,TRUE,0.95,SDFA_NAP_model,0.5,32,TRUE,32,10,22,FALSE,FALSE,0.681173288,0.821171773,0.726189829,0.681173288,12.1164968
15,TRUE,0.95,SDFA_NAP_model,0.1,64,TRUE,32,10,22,FALSE,FALSE,0.752837535,0.849032043,0.788148719,0.752837535,12.81510641
15,TRUE,0.95,SDFA_NAP_model,0.2,64,TRUE,32,10,22,FALSE,FALSE,0.802758348,0.905241178,0.842462346,0.802758348,12.821904
15,TRUE,0.95,SDFA_NAP_model,0.5,64,TRUE,32,10,22,FALSE,FALSE,0.726804804,0.920148943,0.786774264,0.726804804,12.86827748
15,TRUE,0.95,SDFA_NAP_model,0.1,16,TRUE,64,10,22,FALSE,FALSE,0.686881351,0.905711153,0.761851579,0.686881351,11.92331818
15,TRUE,0.95,SDFA_NAP_model,0.2,16,TRUE,64,10,22,FALSE,FALSE,0.736571202,0.892789989,0.797813523,0.736571202,11.9384488
15,TRUE,0.95,SDFA_NAP_model,0.5,16,TRUE,64,10,22,FALSE,FALSE,0.281245876,0.85799966,0.343231603,0.281245876,11.94009943
15,TRUE,0.95,SDFA_NAP_model,0.1,32,TRUE,64,10,22,FALSE,FALSE,0.691896529,0.906457584,0.764376582,0.691896529,12.10004908
15,TRUE,0.95,SDFA_NAP_model,0.2,32,TRUE,64,10,22,FALSE,FALSE,0.687508249,0.900226908,0.755102795,0.687508249,12.09592974
15,TRUE,0.95,SDFA_NAP_model,0.5,32,TRUE,64,10,22,FALSE,FALSE,0.757654745,0.892937063,0.808169662,0.757654745,12.127905
15,TRUE,0.95,SDFA_NAP_model,0.1,64,TRUE,64,10,22,FALSE,FALSE,0.81579121,0.918940124,0.855444015,0.81579121,12.83007954
15,TRUE,0.95,SDFA_NAP_model,0.2,64,TRUE,64,10,22,FALSE,FALSE,0.812755708,0.910377223,0.853285118,0.812755708,12.82414337
15,TRUE,0.95,SDFA_NAP_model,0.5,64,TRUE,64,10,22,FALSE,FALSE,0.817374951,0.919525177,0.859476719,0.817374951,12.83604042
15,TRUE,0.95,SDFA_NAP_model,0.1,16,TRUE,128,10,22,FALSE,FALSE,0.652533984,0.861873111,0.719340056,0.652533984,11.89966857
15,TRUE,0.95,SDFA_NAP_model,0.2,16,TRUE,128,10,22,FALSE,FALSE,0.554705028,0.755449942,0.618568057,0.554705028,11.89861522
15,TRUE,0.95,SDFA_NAP_model,0.5,16,TRUE,128,10,22,FALSE,FALSE,0.507522766,0.855869516,0.606597376,0.507522766,11.93657341
15,TRUE,0.95,SDFA_NAP_model,0.1,32,TRUE,128,10,22,FALSE,FALSE,0.776230698,0.906461856,0.825221817,0.776230698,12.10070179
15,TRUE,0.95,SDFA_NAP_model,0.2,32,TRUE,128,10,22,FALSE,FALSE,0.699716247,0.89686093,0.762881047,0.699716247,12.09191547
15,TRUE,0.95,SDFA_NAP_model,0.5,32,TRUE,128,10,22,FALSE,FALSE,0.667150587,0.893373498,0.73959068,0.667150587,12.0870336
15,TRUE,0.95,SDFA_NAP_model,0.1,64,TRUE,128,10,22,FALSE,FALSE,0.736043289,0.83783549,0.776439117,0.736043289,12.83478731
15,TRUE,0.95,SDFA_NAP_model,0.2,64,TRUE,128,10,22,FALSE,FALSE,0.816055167,0.914086811,0.854995448,0.816055167,12.84386193
15,TRUE,0.95,SDFA_NAP_model,0.5,64,TRUE,128,10,22,FALSE,FALSE,0.818067837,0.920906719,0.860746982,0.818067837,12.84307544
76,FALSE,0.95,NAP_model,0,16,FALSE,32,10,22,FALSE,FALSE,0.713310017,0.877315851,0.771845074,0.713310017,11.70098389
76,FALSE,0.95,NAP_model,0,32,FALSE,32,10,22,FALSE,FALSE,0.649399498,0.907252887,0.725471755,0.649399498,11.90221205
76,FALSE,0.95,NAP_model,0,64,FALSE,32,10,22,FALSE,FALSE,0.665533852,0.915520044,0.737992207,0.665533852,12.61287244
76,FALSE,0.95,SDFA_NAP_model,0.1,16,TRUE,32,10,22,FALSE,FALSE,0.62115613,0.894267141,0.698605781,0.62115613,12.04512924
76,FALSE,0.95,SDFA_NAP_model,0.2,16,TRUE,32,10,22,FALSE,FALSE,0.621717038,0.851985224,0.697688282,0.621717038,12.05454883
76,FALSE,0.95,SDFA_NAP_model,0.5,16,TRUE,32,10,22,FALSE,FALSE,0.396990893,0.854814933,0.481833609,0.396990893,12.09193305
76,FALSE,0.95,SDFA_NAP_model,0.1,32,TRUE,32,10,22,FALSE,FALSE,0.71426686,0.837549528,0.763209033,0.71426686,12.24739063
76,FALSE,0.95,SDFA_NAP_model,0.2,32,TRUE,32,10,22,FALSE,FALSE,0.779398179,0.920644786,0.832037607,0.779398179,12.22507861
76,FALSE,0.95,SDFA_NAP_model,0.5,32,TRUE,32,10,22,FALSE,FALSE,0.743236109,0.90920233,0.812187661,0.743236109,12.27238907
76,FALSE,0.95,SDFA_NAP_model,0.1,64,TRUE,32,10,22,FALSE,FALSE,0.733502706,0.838224161,0.773621603,0.733502706,12.92841279
76,FALSE,0.95,SDFA_NAP_model,0.2,64,TRUE,32,10,22,FALSE,FALSE,0.818793718,0.92172607,0.860333883,0.818793718,12.94224854
76,FALSE,0.95,SDFA_NAP_model,0.5,64,TRUE,32,10,22,FALSE,FALSE,0.711330342,0.913727661,0.780328441,0.711330342,12.95993987
76,TRUE,0.95,SDFA_NAP_model,0.1,16,TRUE,16,10,22,FALSE,FALSE,0.608288241,0.855602599,0.68589518,0.608288241,11.93728431
76,TRUE,0.95,SDFA_NAP_model,0.2,16,TRUE,16,10,22,FALSE,FALSE,0.576151511,0.842563314,0.65841054,0.576151511,11.91555641
76,TRUE,0.95,SDFA_NAP_model,0.5,16,TRUE,16,10,22,FALSE,FALSE,0.558301439,0.849895031,0.635653028,0.558301439,11.95841744
76,TRUE,0.95,SDFA_NAP_model,0.1,32,TRUE,16,10,22,FALSE,FALSE,0.793453874,0.910876024,0.83698489,0.793453874,12.12425519
76,TRUE,0.95,SDFA_NAP_model,0.2,32,TRUE,16,10,22,FALSE,FALSE,0.721129735,0.898839912,0.772993878,0.721129735,12.11731406
76,TRUE,0.95,SDFA_NAP_model,0.5,32,TRUE,16,10,22,FALSE,FALSE,0.746172628,0.898646803,0.805835963,0.746172628,12.12381818
76,TRUE,0.95,SDFA_NAP_model,0.1,64,TRUE,16,10,22,FALSE,FALSE,0.729807312,0.835970649,0.769439431,0.729807312,12.85780314
76,TRUE,0.95,SDFA_NAP_model,0.2,64,TRUE,16,10,22,FALSE,FALSE,0.81622014,0.919653755,0.855360047,0.81622014,12.85945996
76,TRUE,0.95,SDFA_NAP_model,0.5,64,TRUE,16,10,22,FALSE,FALSE,0.802461396,0.927665735,0.85174198,0.802461396,12.81256103
76,TRUE,0.95,SDFA_NAP_model,0.1,16,TRUE,32,10,22,FALSE,FALSE,0.644813251,0.898130388,0.724802488,0.644813251,11.92272776
76,TRUE,0.95,SDFA_NAP_model,0.2,16,TRUE,32,10,22,FALSE,FALSE,0.576415468,0.804060936,0.643526782,0.576415468,11.92280118
76,TRUE,0.95,SDFA_NAP_model,0.5,16,TRUE,32,10,22,FALSE,FALSE,0.619737363,0.864714385,0.693655893,0.619737363,11.94309097
76,TRUE,0.95,SDFA_NAP_model,0.1,32,TRUE,32,10,22,FALSE,FALSE,0.702124852,0.902620072,0.774046463,0.702124852,12.11333107
76,TRUE,0.95,SDFA_NAP_model,0.2,32,TRUE,32,10,22,FALSE,FALSE,0.717698297,0.907252676,0.782989971,0.717698297,12.08213217
76,TRUE,0.95,SDFA_NAP_model,0.5,32,TRUE,32,10,22,FALSE,FALSE,0.764979543,0.913657381,0.823757348,0.764979543,12.11134246
76,TRUE,0.95,SDFA_NAP_model,0.1,64,TRUE,32,10,22,FALSE,FALSE,0.742048304,0.842986217,0.78310837,0.742048304,12.83345272
76,TRUE,0.95,SDFA_NAP_model,0.2,64,TRUE,32,10,22,FALSE,FALSE,0.817045005,0.920203785,0.858160421,0.817045005,12.84208057
76,TRUE,0.95,SDFA_NAP_model,0.5,64,TRUE,32,10,22,FALSE,FALSE,0.669361225,0.906809713,0.737785202,0.669361225,12.85431957
76,TRUE,0.95,SDFA_NAP_model,0.1,16,TRUE,64,10,22,FALSE,FALSE,0.646858915,0.804932317,0.706782027,0.646858915,11.94991683
76,TRUE,0.95,SDFA_NAP_model,0.2,16,TRUE,64,10,22,FALSE,FALSE,0.642272667,0.866646641,0.718032566,0.642272667,11.95509029
76,TRUE,0.95,SDFA_NAP_model,0.5,16,TRUE,64,10,22,FALSE,FALSE,0.534017421,0.863607592,0.594616652,0.534017421,11.93812878
76,TRUE,0.95,SDFA_NAP_model,0.1,32,TRUE,64,10,22,FALSE,FALSE,0.679259601,0.805058352,0.717793021,0.679259601,12.09104506
76,TRUE,0.95,SDFA_NAP_model,0.2,32,TRUE,64,10,22,FALSE,FALSE,0.696284809,0.837386805,0.751329296,0.696284809,12.09122062
76,TRUE,0.95,SDFA_NAP_model,0.5,32,TRUE,64,10,22,FALSE,FALSE,0.738484888,0.890430374,0.796357991,0.738484888,12.11041128
76,TRUE,0.95,SDFA_NAP_model,0.1,64,TRUE,64,10,22,FALSE,FALSE,0.747294444,0.91178624,0.804787934,0.747294444,12.8545595
76,TRUE,0.95,SDFA_NAP_model,0.2,64,TRUE,64,10,22,FALSE,FALSE,0.824039857,0.925578117,0.865070929,0.824039857,12.84362768
76,TRUE,0.95,SDFA_NAP_model,0.5,64,TRUE,64,10,22,FALSE,FALSE,0.802164445,0.91818276,0.846765662,0.802164445,12.84950745
76,TRUE,0.95,SDFA_NAP_model,0.1,16,TRUE,128,10,22,FALSE,FALSE,0.720832783,0.881720325,0.775857495,0.720832783,11.89220885
76,TRUE,0.95,SDFA_NAP_model,0.2,16,TRUE,128,10,22,FALSE,FALSE,0.633067177,0.797339614,0.692714474,0.633067177,11.90230531
76,TRUE,0.95,SDFA_NAP_model,0.5,16,TRUE,128,10,22,FALSE,FALSE,0.443777221,0.841643747,0.518551775,0.443777221,11.93298679
76,TRUE,0.95,SDFA_NAP_model,0.1,32,TRUE,128,10,22,FALSE,FALSE,0.795499538,0.914017343,0.840612443,0.795499538,12.1034154
76,TRUE,0.95,SDFA_NAP_model,0.2,32,TRUE,128,10,22,FALSE,FALSE,0.697901544,0.915209863,0.770452355,0.697901544,12.10619387
76,TRUE,0.95,SDFA_NAP_model,0.5,32,TRUE,128,10,22,FALSE,FALSE,0.744951828,0.894810762,0.803514353,0.744951828,12.12820429
76,TRUE,0.95,SDFA_NAP_model,0.1,64,TRUE,128,10,22,FALSE,FALSE,0.657153227,0.911267571,0.738844978,0.657153227,12.83991799
76,TRUE,0.95,SDFA_NAP_model,0.2,64,TRUE,128,10,22,FALSE,FALSE,0.810743038,0.917202156,0.850078002,0.810743038,12.84409688
76,TRUE,0.95,SDFA_NAP_model,0.5,64,TRUE,128,10,22,FALSE,FALSE,0.810116141,0.918140521,0.851753777,0.810116141,12.82627978
23,FALSE,0.95,NAP_model,0,16,FALSE,32,10,22,FALSE,FALSE,0.643064537,0.885391039,0.716619718,0.643064537,11.70417786
23,FALSE,0.95,NAP_model,0,32,FALSE,32,10,22,FALSE,FALSE,0.662795302,0.908163154,0.731417731,0.662795302,11.90286334
23,FALSE,0.95,NAP_model,0,64,FALSE,32,10,22,FALSE,FALSE,0.665533852,0.848893514,0.726407458,0.665533852,12.62561717
23,FALSE,0.95,SDFA_NAP_model,0.1,16,TRUE,32,10,22,FALSE,FALSE,0.622046984,0.788037343,0.674218448,0.622046984,12.0075851
23,FALSE,0.95,SDFA_NAP_model,0.2,16,TRUE,32,10,22,FALSE,FALSE,0.511878052,0.789583203,0.578442183,0.511878052,12.03489077
23,FALSE,0.95,SDFA_NAP_model,0.5,16,TRUE,32,10,22,FALSE,FALSE,0.52451498,0.813002206,0.598871703,0.52451498,12.07038402
23,FALSE,0.95,SDFA_NAP_model,0.1,32,TRUE,32,10,22,FALSE,FALSE,0.78451234,0.925268852,0.836312221,0.78451234,12.22244118
23,FALSE,0.95,SDFA_NAP_model,0.2,32,TRUE,32,10,22,FALSE,FALSE,0.703246668,0.812083187,0.737411384,0.703246668,12.20484325
23,FALSE,0.95,SDFA_NAP_model,0.5,32,TRUE,32,10,22,FALSE,FALSE,0.663851128,0.898905181,0.737114548,0.663851128,12.24585737
23,FALSE,0.95,SDFA_NAP_model,0.1,64,TRUE,32,10,22,FALSE,FALSE,0.731424046,0.910479114,0.789362356,0.731424046,12.96825629
23,FALSE,0.95,SDFA_NAP_model,0.2,64,TRUE,32,10,22,FALSE,FALSE,0.821235317,0.922288657,0.863503131,0.821235317,12.96609856
23,FALSE,0.95,SDFA_NAP_model,0.5,64,TRUE,32,10,22,FALSE,FALSE,0.738220932,0.918424331,0.798381179,0.738220932,12.9792802
23,TRUE,0.95,SDFA_NAP_model,0.1,16,TRUE,16,10,22,FALSE,FALSE,0.603800977,0.893543028,0.691466627,0.603800977,11.93823291
23,TRUE,0.95,SDFA_NAP_model,0.2,16,TRUE,16,10,22,FALSE,FALSE,0.717467335,0.878468469,0.776894388,0.717467335,11.93140534
23,TRUE,0.95,SDFA_NAP_model,0.5,16,TRUE,16,10,22,FALSE,FALSE,0.436749373,0.868188181,0.527341898,0.436749373,11.9499514
23,TRUE,0.95,SDFA_NAP_model,0.1,32,TRUE,16,10,22,FALSE,FALSE,0.724198231,0.836701911,0.768702575,0.724198231,12.11642768
23,TRUE,0.95,SDFA_NAP_model,0.2,32,TRUE,16,10,22,FALSE,FALSE,0.70628217,0.791681952,0.728842998,0.70628217,12.09992478
23,TRUE,0.95,SDFA_NAP_model,0.5,32,TRUE,16,10,22,FALSE,FALSE,0.675927148,0.837434775,0.741466154,0.675927148,12.09282347
23,TRUE,0.95,SDFA_NAP_model,0.1,64,TRUE,16,10,22,FALSE,FALSE,0.736307246,0.848857627,0.778816548,0.736307246,12.82392632
23,TRUE,0.95,SDFA_NAP_model,0.2,64,TRUE,16,10,22,FALSE,FALSE,0.656757292,0.845693303,0.723371924,0.656757292,12.82440684
23,TRUE,0.95,SDFA_NAP_model,0.5,64,TRUE,16,10,22,FALSE,FALSE,0.810479081,0.913884251,0.851575728,0.810479081,12.8184896
23,TRUE,0.95,SDFA_NAP_model,0.1,16,TRUE,32,10,22,FALSE,FALSE,0.659495843,0.890826439,0.733932405,0.659495843,11.90331285
23,TRUE,0.95,SDFA_NAP_model,0.2,16,TRUE,32,10,22,FALSE,FALSE,0.709218688,0.867230113,0.768179992,0.709218688,11.91235278
23,TRUE,0.95,SDFA_NAP_model,0.5,16,TRUE,32,10,22,FALSE,FALSE,0.484591527,0.867126833,0.570951187,0.484591527,11.93564915
23,TRUE,0.95,SDFA_NAP_model,0.1,32,TRUE,32,10,22,FALSE,FALSE,0.652632968,0.822592714,0.713140215,0.652632968,12.09025959
23,TRUE,0.95,SDFA_NAP_model,0.2,32,TRUE,32,10,22,FALSE,FALSE,0.705688267,0.905570909,0.7728408,0.705688267,12.10957892
23,TRUE,0.95,SDFA_NAP_model,0.5,32,TRUE,32,10,22,FALSE,FALSE,0.756598918,0.912482659,0.814114088,0.756598918,12.10817433
23,TRUE,0.95,SDFA_NAP_model,0.1,64,TRUE,32,10,22,FALSE,FALSE,0.736109278,0.907147166,0.789403737,0.736109278,12.85290155
23,TRUE,0.95,SDFA_NAP_model,0.2,64,TRUE,32,10,22,FALSE,FALSE,0.724429194,0.915513594,0.789615752,0.724429194,12.81109818
23,TRUE,0.95,SDFA_NAP_model,0.5,64,TRUE,32,10,22,FALSE,FALSE,0.817605913,0.920245654,0.85944042,0.817605913,12.8339976
23,TRUE,0.95,SDFA_NAP_model,0.1,16,TRUE,64,10,22,FALSE,FALSE,0.660683648,0.87881501,0.733180309,0.660683648,11.90784747
23,TRUE,0.95,SDFA_NAP_model,0.2,16,TRUE,64,10,22,FALSE,FALSE,0.607859311,0.8461042,0.688380424,0.607859311,11.9012609
23,TRUE,0.95,SDFA_NAP_model,0.5,16,TRUE,64,10,22,FALSE,FALSE,0.553055299,0.858225499,0.638982251,0.553055299,11.95049372
23,TRUE,0.95,SDFA_NAP_model,0.1,32,TRUE,64,10,22,FALSE,FALSE,0.802065461,0.9151508,0.845213164,0.802065461,12.08990236
23,TRUE,0.95,SDFA_NAP_model,0.2,32,TRUE,64,10,22,FALSE,FALSE,0.658769962,0.887304,0.726207875,0.658769962,12.10204058
23,TRUE,0.95,SDFA_NAP_model,0.5,32,TRUE,64,10,22,FALSE,FALSE,0.760327306,0.906989864,0.819458666,0.760327306,12.1025692
23,TRUE,0.95,SDFA_NAP_model,0.1,64,TRUE,64,10,22,FALSE,FALSE,0.734492543,0.916654091,0.793796442,0.734492543,12.81475272
23,TRUE,0.95,SDFA_NAP_model,0.2,64,TRUE,64,10,22,FALSE,FALSE,0.738451894,0.847216607,0.780501156,0.738451894,12.83183434
23,TRUE,0.95,SDFA_NAP_model,0.5,64,TRUE,64,10,22,FALSE,FALSE,0.812557741,0.912705998,0.854328931,0.812557741,12.80775104
23,TRUE,0.95,SDFA_NAP_model,0.1,16,TRUE,128,10,22,FALSE,FALSE,0.664807971,0.89451976,0.73073344,0.664807971,11.90344361
23,TRUE,0.95,SDFA_NAP_model,0.2,16,TRUE,128,10,22,FALSE,FALSE,0.62798601,0.867730778,0.693256634,0.62798601,11.92304186
23,TRUE,0.95,SDFA_NAP_model,0.5,16,TRUE,128,10,22,FALSE,FALSE,0.484030619,0.796600474,0.551914978,0.484030619,11.91556028
23,TRUE,0.95,SDFA_NAP_model,0.1,32,TRUE,128,10,22,FALSE,FALSE,0.808136466,0.909861334,0.850661785,0.808136466,12.08229965
23,TRUE,0.95,SDFA_NAP_model,0.2,32,TRUE,128,10,22,FALSE,FALSE,0.708525802,0.828618973,0.747451994,0.708525802,12.0997648
23,TRUE,0.95,SDFA_NAP_model,0.5,32,TRUE,128,10,22,FALSE,FALSE,0.78207074,0.918648344,0.834096923,0.78207074,12.09630397
23,TRUE,0.95,SDFA_NAP_model,0.1,64,TRUE,128,10,22,FALSE,FALSE,0.813349611,0.919781113,0.851890024,0.813349611,12.84091281
23,TRUE,0.95,SDFA_NAP_model,0.2,64,TRUE,128,10,22,FALSE,FALSE,0.741256434,0.843206237,0.782605599,0.741256434,12.81930654
23,TRUE,0.95,SDFA_NAP_model,0.5,64,TRUE,128,10,22,FALSE,FALSE,0.81183186,0.917063288,0.853410061,0.81183186,12.82523025
42,FALSE,0.95,NAP_model,0,16,FALSE,32,10,22,FALSE,FALSE,0.740101623,0.905094883,0.801062259,0.740101623,11.21962666
42,FALSE,0.95,NAP_model,0,32,FALSE,32,10,22,FALSE,FALSE,0.78890062,0.909327886,0.833018692,0.78890062,11.25153512
42,FALSE,0.95,NAP_model,0,64,FALSE,32,10,22,FALSE,FALSE,0.744852844,0.920057115,0.807421527,0.744852844,11.29066829
42,FALSE,0.95,SDFA_NAP_model,0.1,16,TRUE,32,10,22,FALSE,FALSE,0.666358717,0.899476395,0.745903893,0.666358717,11.65055135
42,FALSE,0.95,SDFA_NAP_model,0.2,16,TRUE,32,10,22,FALSE,FALSE,0.650752277,0.872248997,0.728497818,0.650752277,11.61621686
42,FALSE,0.95,SDFA_NAP_model,0.5,16,TRUE,32,10,22,FALSE,FALSE,0.503728389,0.859540342,0.595417367,0.503728389,11.60168746
42,FALSE,0.95,SDFA_NAP_model,0.1,32,TRUE,32,10,22,FALSE,FALSE,0.701102019,0.848966853,0.755494367,0.701102019,11.65079703
42,FALSE,0.95,SDFA_NAP_model,0.2,32,TRUE,32,10,22,FALSE,FALSE,0.697175663,0.902547855,0.773144803,0.697175663,11.6338336
42,FALSE,0.95,SDFA_NAP_model,0.5,32,TRUE,32,10,22,FALSE,FALSE,0.683878844,0.898581971,0.760076875,0.683878844,11.64824854
42,FALSE,0.95,SDFA_NAP_model,0.1,64,TRUE,32,10,22,FALSE,FALSE,0.73274383,0.846039864,0.776138019,0.73274383,11.72257455
42,FALSE,0.95,SDFA_NAP_model,0.2,64,TRUE,32,10,22,FALSE,FALSE,0.738979807,0.925687907,0.796486805,0.738979807,11.67168997
42,FALSE,0.95,SDFA_NAP_model,0.5,64,TRUE,32,10,22,FALSE,FALSE,0.723637323,0.907212878,0.787876414,0.723637323,11.69651415
42,TRUE,0.95,SDFA_NAP_model,0.1,16,TRUE,16,10,22,FALSE,FALSE,0.514319652,0.863203518,0.587528887,0.514319652,11.58114627
42,TRUE,0.95,SDFA_NAP_model,0.2,16,TRUE,16,10,22,FALSE,FALSE,0.641414808,0.880775182,0.720144065,0.641414808,11.52513662
42,TRUE,0.95,SDFA_NAP_model,0.5,16,TRUE,16,10,22,FALSE,FALSE,0.588524482,0.871161444,0.678152797,0.588524482,11.42974107
42,TRUE,0.95,SDFA_NAP_model,0.1,32,TRUE,16,10,22,FALSE,FALSE,0.782664643,0.907452948,0.834176992,0.782664643,11.42815987
42,TRUE,0.95,SDFA_NAP_model,0.2,32,TRUE,16,10,22,FALSE,FALSE,0.776395671,0.915266697,0.83091409,0.776395671,11.39800905
42,TRUE,0.95,SDFA_NAP_model,0.5,32,TRUE,16,10,22,FALSE,FALSE,0.761119176,0.898276052,0.814600019,0.761119176,11.39925775
42,TRUE,0.95,SDFA_NAP_model,0.1,64,TRUE,16,10,22,FALSE,FALSE,0.728652501,0.91959313,0.782066422,0.728652501,11.41660744
42,TRUE,0.95,SDFA_NAP_model,0.2,64,TRUE,16,10,22,FALSE,FALSE,0.738418899,0.839919908,0.774077536,0.738418899,11.37609804
42,TRUE,0.95,SDFA_NAP_model,0.5,64,TRUE,16,10,22,FALSE,FALSE,0.812491751,0.918292009,0.855131458,0.812491751,11.35861973
42,TRUE,0.95,SDFA_NAP_model,0.1,16,TRUE,32,10,22,FALSE,FALSE,0.735647354,0.886920268,0.797243352,0.735647354,11.36951419
42,TRUE,0.95,SDFA_NAP_model,0.2,16,TRUE,32,10,22,FALSE,FALSE,0.625445427,0.845053702,0.70365986,0.625445427,11.34168634
42,TRUE,0.95,SDFA_NAP_model,0.5,16,TRUE,32,10,22,FALSE,FALSE,0.479873301,0.80936623,0.567067437,0.479873301,11.36214995
42,TRUE,0.95,SDFA_NAP_model,0.1,32,TRUE,32,10,22,FALSE,FALSE,0.797281246,0.903464422,0.838951623,0.797281246,11.30635821
42,TRUE,0.95,SDFA_NAP_model,0.2,32,TRUE,32,10,22,FALSE,FALSE,0.775834763,0.909898382,0.828340348,0.775834763,11.34371812
42,TRUE,0.95,SDFA_NAP_model,0.5,32,TRUE,32,10,22,FALSE,FALSE,0.783159562,0.903244704,0.829190735,0.783159562,11.30240794
42,TRUE,0.95,SDFA_NAP_model,0.1,64,TRUE,32,10,22,FALSE,FALSE,0.742972153,0.843584456,0.785497109,0.742972153,11.3538914
42,TRUE,0.95,SDFA_NAP_model,0.2,64,TRUE,32,10,22,FALSE,FALSE,0.813646562,0.92039605,0.853480684,0.813646562,11.32201065
42,TRUE,0.95,SDFA_NAP_model,0.5,64,TRUE,32,10,22,FALSE,FALSE,0.714233866,0.843004523,0.762281111,0.714233866,11.32315731
42,TRUE,0.95,SDFA_NAP_model,0.1,16,TRUE,64,10,22,FALSE,FALSE,0.708789758,0.842748813,0.747335592,0.708789758,11.32093714
42,TRUE,0.95,SDFA_NAP_model,0.2,16,TRUE,64,10,22,FALSE,FALSE,0.581232678,0.788891757,0.639573483,0.581232678,11.33173202
42,TRUE,0.95,SDFA_NAP_model,0.5,16,TRUE,64,10,22,FALSE,FALSE,0.516794246,0.866926884,0.592675531,0.516794246,11.33853531
42,TRUE,0.95,SDFA_NAP_model,0.1,32,TRUE,64,10,22,FALSE,FALSE,0.7054903,0.925665491,0.773431126,0.7054903,11.28899799
42,TRUE,0.95,SDFA_NAP_model,0.2,32,TRUE,64,10,22,FALSE,FALSE,0.772832256,0.908517716,0.823615444,0.772832256,11.28286392
42,TRUE,0.95,SDFA_NAP_model,0.5,32,TRUE,64,10,22,FALSE,FALSE,0.686122476,0.894672934,0.75773715,0.686122476,11.29002228
42,TRUE,0.95,SDFA_NAP_model,0.1,64,TRUE,64,10,22,FALSE,FALSE,0.744918833,0.917258651,0.795523655,0.744918833,11.28655052
42,TRUE,0.95,SDFA_NAP_model,0.2,64,TRUE,64,10,22,FALSE,FALSE,0.733931635,0.911605028,0.792802722,0.733931635,11.32528495
42,TRUE,0.95,SDFA_NAP_model,0.5,64,TRUE,64,10,22,FALSE,FALSE,0.810941006,0.911436852,0.852165399,0.810941006,11.30675895
42,TRUE,0.95,SDFA_NAP_model,0.1,16,TRUE,128,10,22,FALSE,FALSE,0.514913554,0.869411197,0.598471632,0.514913554,11.32157612
42,TRUE,0.95,SDFA_NAP_model,0.2,16,TRUE,128,10,22,FALSE,FALSE,0.575689587,0.837450269,0.633328628,0.575689587,11.30716033
42,TRUE,0.95,SDFA_NAP_model,0.5,16,TRUE,128,10,22,FALSE,FALSE,0.516167349,0.85406741,0.612977243,0.516167349,11.32052264
42,TRUE,0.95,SDFA_NAP_model,0.1,32,TRUE,128,10,22,FALSE,FALSE,0.689685892,0.908247858,0.762326962,0.689685892,11.30296436
42,TRUE,0.95,SDFA_NAP_model,0.2,32,TRUE,128,10,22,FALSE,FALSE,0.694305134,0.803433078,0.723915871,0.694305134,11.29543187
42,TRUE,0.95,SDFA_NAP_model,0.5,32,TRUE,128,10,22,FALSE,FALSE,0.751352778,0.89924156,0.807595242,0.751352778,11.3240087
42,TRUE,0.95,SDFA_NAP_model,0.1,64,TRUE,128,10,22,FALSE,FALSE,0.676752013,0.839422174,0.731110286,0.676752013,11.3375836
42,TRUE,0.95,SDFA_NAP_model,0.2,64,TRUE,128,10,22,FALSE,FALSE,0.805661871,0.912721943,0.846205808,0.805661871,11.31868511
42,TRUE,0.95,SDFA_NAP_model,0.5,64,TRUE,128,10,22,FALSE,FALSE,0.72231754,0.9100747,0.781920507,0.72231754,11.32435565
4,FALSE,0.95,NAP_model,0,16,FALSE,32,10,22,FALSE,FALSE,0.596179227,0.890421407,0.682559214,0.596179227,11.02476174
4,FALSE,0.95,NAP_model,0,32,FALSE,32,10,22,FALSE,FALSE,0.791936122,0.916039038,0.83792803,0.791936122,11.01731255
4,FALSE,0.95,NAP_model,0,64,FALSE,32,10,22,FALSE,FALSE,0.729807312,0.91359761,0.788006496,0.729807312,11.05104196
4,FALSE,0.95,SDFA_NAP_model,0.1,16,TRUE,32,10,22,FALSE,FALSE,0.582981391,0.796864915,0.654843595,0.582981391,11.43642141
4,FALSE,0.95,SDFA_NAP_model,0.2,16,TRUE,32,10,22,FALSE,FALSE,0.614821169,0.88962045,0.697749581,0.614821169,11.39871194
4,FALSE,0.95,SDFA_NAP_model,0.5,16,TRUE,32,10,22,FALSE,FALSE,0.393757424,0.870928838,0.516800081,0.393757424,11.40797838
4,FALSE,0.95,SDFA_NAP_model,0.1,32,TRUE,32,10,22,FALSE,FALSE,0.773723109,0.909295577,0.826771557,0.773723109,11.4131112
4,FALSE,0.95,SDFA_NAP_model,0.2,32,TRUE,32,10,22,FALSE,FALSE,0.765177511,0.908014787,0.821193261,0.765177511,11.41578156
4,FALSE,0.95,SDFA_NAP_model,0.5,32,TRUE,32,10,22,FALSE,FALSE,0.600072588,0.916215923,0.675896204,0.600072588,11.44237921
4,FALSE,0.95,SDFA_NAP_model,0.1,64,TRUE,32,10,22,FALSE,FALSE,0.675168272,0.83859318,0.731849365,0.675168272,11.46197314
4,FALSE,0.95,SDFA_NAP_model,0.2,64,TRUE,32,10,22,FALSE,FALSE,0.820113501,0.920348995,0.860323603,0.820113501,11.44000535
4,FALSE,0.95,SDFA_NAP_model,0.5,64,TRUE,32,10,22,FALSE,FALSE,0.735053451,0.833331824,0.773015602,0.735053451,11.43943387
4,TRUE,0.95,SDFA_NAP_model,0.1,16,TRUE,16,10,22,FALSE,FALSE,0.723736307,0.887265278,0.788044463,0.723736307,11.27352844
4,TRUE,0.95,SDFA_NAP_model,0.2,16,TRUE,16,10,22,FALSE,FALSE,0.659528837,0.894701663,0.734350784,0.659528837,11.3598865
4,TRUE,0.95,SDFA_NAP_model,0.5,16,TRUE,16,10,22,FALSE,FALSE,0.473868286,0.855983329,0.563303371,0.473868286,11.33630329
4,TRUE,0.95,SDFA_NAP_model,0.1,32,TRUE,16,10,22,FALSE,FALSE,0.698330474,0.834288431,0.747989101,0.698330474,11.30839792
4,TRUE,0.95,SDFA_NAP_model,0.2,32,TRUE,16,10,22,FALSE,FALSE,0.77933219,0.912305042,0.829514456,0.77933219,11.35314229
4,TRUE,0.95,SDFA_NAP_model,0.5,32,TRUE,16,10,22,FALSE,FALSE,0.681107298,0.894375687,0.747633261,0.681107298,11.33237938
4,TRUE,0.95,SDFA_NAP_model,0.1,64,TRUE,16,10,22,FALSE,FALSE,0.731193084,0.839688978,0.768595093,0.731193084,11.35916499
4,TRUE,0.95,SDFA_NAP_model,0.2,64,TRUE,16,10,22,FALSE,FALSE,0.737264089,0.850573298,0.780983276,0.737264089,11.34811036
4,TRUE,0.95,SDFA_NAP_model,0.5,64,TRUE,16,10,22,FALSE,FALSE,0.79457569,0.917067282,0.845181329,0.79457569,11.34704775
4,TRUE,0.95,SDFA_NAP_model,0.1,16,TRUE,32,10,22,FALSE,FALSE,0.710769434,0.869181115,0.768336278,0.710769434,11.33185285
4,TRUE,0.95,SDFA_NAP_model,0.2,16,TRUE,32,10,22,FALSE,FALSE,0.560677049,0.879173853,0.613155807,0.560677049,11.31296397
4,TRUE,0.95,SDFA_NAP_model,0.5,16,TRUE,32,10,22,FALSE,FALSE,0.597993929,0.902170855,0.687803391,0.597993929,11.33571049
4,TRUE,0.95,SDFA_NAP_model,0.1,32,TRUE,32,10,22,FALSE,FALSE,0.718556157,0.902958712,0.783245895,0.718556157,11.32278081
4,TRUE,0.95,SDFA_NAP_model,0.2,32,TRUE,32,10,22,FALSE,FALSE,0.766860235,0.883463695,0.805056174,0.766860235,11.30880409
4,TRUE,0.95,SDFA_NAP_model,0.5,32,TRUE,32,10,22,FALSE,FALSE,0.745215785,0.902048355,0.804130031,0.745215785,11.30367268
4,TRUE,0.95,SDFA_NAP_model,0.1,64,TRUE,32,10,22,FALSE,FALSE,0.673287581,0.922772467,0.746229972,0.673287581,11.30524011
4,TRUE,0.95,SDFA_NAP_model,0.2,64,TRUE,32,10,22,FALSE,FALSE,0.814900356,0.920101082,0.855187146,0.814900356,11.31391681
4,TRUE,0.95,SDFA_NAP_model,0.5,64,TRUE,32,10,22,FALSE,FALSE,0.735251419,0.91482438,0.796320799,0.735251419,11.31736123
4,TRUE,0.95,SDFA_NAP_model,0.1,16,TRUE,64,10,22,FALSE,FALSE,0.641678765,0.780754069,0.68646337,0.641678765,11.29765197
4,TRUE,0.95,SDFA_NAP_model,0.2,16,TRUE,64,10,22,FALSE,FALSE,0.557410585,0.877143379,0.655632362,0.557410585,11.29966396
4,TRUE,0.95,SDFA_NAP_model,0.5,16,TRUE,64,10,22,FALSE,FALSE,0.301603537,0.815134198,0.39359164,0.301603537,11.28325568
4,TRUE,0.95,SDFA_NAP_model,0.1,32,TRUE,64,10,22,FALSE,FALSE,0.712056223,0.915586449,0.772920074,0.712056223,11.27691416
4,TRUE,0.95,SDFA_NAP_model,0.2,32,TRUE,64,10,22,FALSE,FALSE,0.776560644,0.908289997,0.828300347,0.776560644,11.29068585
4,TRUE,0.95,SDFA_NAP_model,0.5,32,TRUE,64,10,22,FALSE,FALSE,0.763098852,0.916677845,0.824208726,0.763098852,11.33553284
4,TRUE,0.95,SDFA_NAP_model,0.1,64,TRUE,64,10,22,FALSE,FALSE,0.824963706,0.930878393,0.867195749,0.824963706,11.34080174
4,TRUE,0.95,SDFA_NAP_model,0.2,64,TRUE,64,10,22,FALSE,FALSE,0.724132242,0.818493862,0.759230478,0.724132242,11.34283095
4,TRUE,0.95,SDFA_NAP_model,0.5,64,TRUE,64,10,22,FALSE,FALSE,0.735020457,0.836665375,0.777839626,0.735020457,11.3145518
4,TRUE,0.95,SDFA_NAP_model,0.1,16,TRUE,128,10,22,FALSE,FALSE,0.580011878,0.88049822,0.666956488,0.580011878,11.30522724
4,TRUE,0.95,SDFA_NAP_model,0.2,16,TRUE,128,10,22,FALSE,FALSE,0.617361753,0.886026933,0.688627182,0.617361753,11.28939482
4,TRUE,0.95,SDFA_NAP_model,0.5,16,TRUE,128,10,22,FALSE,FALSE,0.408077075,0.840431171,0.496002019,0.408077075,11.27221794
4,TRUE,0.95,SDFA_NAP_model,0.1,32,TRUE,128,10,22,FALSE,FALSE,0.740332585,0.910776325,0.797126511,0.740332585,11.29146096
4,TRUE,0.95,SDFA_NAP_model,0.2,32,TRUE,128,10,22,FALSE,FALSE,0.777781444,0.919520344,0.829435044,0.777781444,11.31330752
4,TRUE,0.95,SDFA_NAP_model,0.5,32,TRUE,128,10,22,FALSE,FALSE,0.657384189,0.8914564,0.73180657,0.657384189,11.34104421
4,TRUE,0.95,SDFA_NAP_model,0.1,64,TRUE,128,10,22,FALSE,FALSE,0.820575426,0.924055438,0.860704166,0.820575426,11.32599789
4,TRUE,0.95,SDFA_NAP_model,0.2,64,TRUE,128,10,22,FALSE,FALSE,0.747063482,0.840202002,0.78099457,0.747063482,11.33149411
4,TRUE,0.95,SDFA_NAP_model,0.5,64,TRUE,128,10,22,FALSE,FALSE,0.806915666,0.909827354,0.848708636,0.806915666,11.31118822
108,FALSE,0.95,NAP_model,0,16,FALSE,32,10,22,FALSE,FALSE,0.595420351,0.899334263,0.692987512,0.595420351,11.03224509
108,FALSE,0.95,NAP_model,0,32,FALSE,32,10,22,FALSE,FALSE,0.728223571,0.840141941,0.7730079,0.728223571,11.0158121
108,FALSE,0.95,NAP_model,0,64,FALSE,32,10,22,FALSE,FALSE,0.741091461,0.91495802,0.797083194,0.741091461,11.05318233
108,FALSE,0.95,SDFA_NAP_model,0.1,16,TRUE,32,10,22,FALSE,FALSE,0.709680612,0.843388552,0.751526331,0.709680612,11.4467282
108,FALSE,0.95,SDFA_NAP_model,0.2,16,TRUE,32,10,22,FALSE,FALSE,0.575722581,0.868579363,0.654337237,0.575722581,11.43098315
108,FALSE,0.95,SDFA_NAP_model,0.5,16,TRUE,32,10,22,FALSE,FALSE,0.552791342,0.777962625,0.623890959,0.552791342,11.43514312
108,FALSE,0.95,SDFA_NAP_model,0.1,32,TRUE,32,10,22,FALSE,FALSE,0.693315296,0.918429797,0.769356955,0.693315296,11.40416556
108,FALSE,0.95,SDFA_NAP_model,0.2,32,TRUE,32,10,22,FALSE,FALSE,0.795862479,0.912556053,0.840526693,0.795862479,11.44819193
108,FALSE,0.95,SDFA_NAP_model,0.5,32,TRUE,32,10,22,FALSE,FALSE,0.754322291,0.890119559,0.804771414,0.754322291,11.43050258
108,FALSE,0.95,SDFA_NAP_model,0.1,64,TRUE,32,10,22,FALSE,FALSE,0.674508381,0.834121726,0.726358638,0.674508381,11.39583871
108,FALSE,0.95,SDFA_NAP_model,0.2,64,TRUE,32,10,22,FALSE,FALSE,0.743764023,0.909933429,0.795808252,0.743764023,11.43767267
108,FALSE,0.95,SDFA_NAP_model,0.5,64,TRUE,32,10,22,FALSE,FALSE,0.804474066,0.921556837,0.848245423,0.804474066,11.42864983
108,TRUE,0.95,SDFA_NAP_model,0.1,16,TRUE,16,10,22,FALSE,FALSE,0.611554705,0.799124145,0.67568899,0.611554705,11.27151675
108,TRUE,0.95,SDFA_NAP_model,0.2,16,TRUE,16,10,22,FALSE,FALSE,0.694239145,0.85317693,0.753933452,0.694239145,11.28766292
108,TRUE,0.95,SDFA_NAP_model,0.5,16,TRUE,16,10,22,FALSE,FALSE,0.508380626,0.666278028,0.557085077,0.508380626,11.2838761
108,TRUE,0.95,SDFA_NAP_model,0.1,32,TRUE,16,10,22,FALSE,FALSE,0.693183318,0.914089368,0.76184134,0.693183318,11.30643924
108,TRUE,0.95,SDFA_NAP_model,0.2,32,TRUE,16,10,22,FALSE,FALSE,0.769895737,0.919623435,0.825443957,0.769895737,11.32385014
108,TRUE,0.95,SDFA_NAP_model,0.5,32,TRUE,16,10,22,FALSE,FALSE,0.765606441,0.903573576,0.816415047,0.765606441,11.31321968
108,TRUE,0.95,SDFA_NAP_model,0.1,64,TRUE,16,10,22,FALSE,FALSE,0.745446747,0.921737289,0.796894983,0.745446747,11.33491219
108,TRUE,0.95,SDFA_NAP_model,0.2,64,TRUE,16,10,22,FALSE,FALSE,0.742510228,0.838005404,0.779671919,0.742510228,11.29827165
108,TRUE,0.95,SDFA_NAP_model,0.5,64,TRUE,16,10,22,FALSE,FALSE,0.817045005,0.92335036,0.859394476,0.817045005,11.3397077
108,TRUE,0.95,SDFA_NAP_model,0.1,16,TRUE,32,10,22,FALSE,FALSE,0.575260657,0.807348468,0.644144689,0.575260657,11.27058003
108,TRUE,0.95,SDFA_NAP_model,0.2,16,TRUE,32,10,22,FALSE,FALSE,0.635541771,0.871269073,0.709266191,0.635541771,11.29312581
108,TRUE,0.95,SDFA_NAP_model,0.5,16,TRUE,32,10,22,FALSE,FALSE,0.395143197,0.749286848,0.459686114,0.395143197,11.31647093
108,TRUE,0.95,SDFA_NAP_model,0.1,32,TRUE,32,10,22,FALSE,FALSE,0.70865778,0.920791129,0.774023328,0.70865778,11.29774979
108,TRUE,0.95,SDFA_NAP_model,0.2,32,TRUE,32,10,22,FALSE,FALSE,0.700178171,0.829384202,0.743347641,0.700178171,11.31928018
108,TRUE,0.95,SDFA_NAP_model,0.5,32,TRUE,32,10,22,FALSE,FALSE,0.665467863,0.805817806,0.719327251,0.665467863,11.29020751
108,TRUE,0.95,SDFA_NAP_model,0.1,64,TRUE,32,10,22,FALSE,FALSE,0.714002904,0.88380471,0.767601989,0.714002904,11.32959876
108,TRUE,0.95,SDFA_NAP_model,0.2,64,TRUE,32,10,22,FALSE,FALSE,0.814339448,0.924645393,0.857342423,0.814339448,11.35979032
108,TRUE,0.95,SDFA_NAP_model,0.5,64,TRUE,32,10,22,FALSE,FALSE,0.814801373,0.916689235,0.857973659,0.814801373,11.33213745
108,TRUE,0.95,SDFA_NAP_model,0.1,16,TRUE,64,10,22,FALSE,FALSE,0.544047776,0.901930371,0.622739813,0.544047776,11.32800406
108,TRUE,0.95,SDFA_NAP_model,0.2,16,TRUE,64,10,22,FALSE,FALSE,0.667447539,0.883470914,0.733648455,0.667447539,11.28953186
108,TRUE,0.95,SDFA_NAP_model,0.5,16,TRUE,64,10,22,FALSE,FALSE,0.563349611,0.839793202,0.648033532,0.563349611,11.34129371
108,TRUE,0.95,SDFA_NAP_model,0.1,32,TRUE,64,10,22,FALSE,FALSE,0.735383397,0.911916672,0.795950666,0.735383397,11.33358409
108,TRUE,0.95,SDFA_NAP_model,0.2,32,TRUE,64,10,22,FALSE,FALSE,0.766332321,0.916931838,0.824701427,0.766332321,11.31289186
108,TRUE,0.95,SDFA_NAP_model,0.5,32,TRUE,64,10,22,FALSE,FALSE,0.753629405,0.908239764,0.810278322,0.753629405,11.30311646
108,TRUE,0.95,SDFA_NAP_model,0.1,64,TRUE,64,10,22,FALSE,FALSE,0.733337733,0.910485817,0.79106713,0.733337733,11.33734586
108,TRUE,0.95,SDFA_NAP_model,0.2,64,TRUE,64,10,22,FALSE,FALSE,0.746304606,0.839149349,0.781579165,0.746304606,11.32268925
108,TRUE,0.95,SDFA_NAP_model,0.5,64,TRUE,64,10,22,FALSE,FALSE,0.802824337,0.912794555,0.844963669,0.802824337,11.32394619
108,TRUE,0.95,SDFA_NAP_model,0.1,16,TRUE,128,10,22,FALSE,FALSE,0.591362017,0.891998774,0.677599225,0.591362017,11.28003366
108,TRUE,0.95,SDFA_NAP_model,0.2,16,TRUE,128,10,22,FALSE,FALSE,0.70908671,0.875106938,0.772245813,0.70908671,11.30505586
108,TRUE,0.95,SDFA_NAP_model,0.5,16,TRUE,128,10,22,FALSE,FALSE,0.474198231,0.83256548,0.579926422,0.474198231,11.33276564
108,TRUE,0.95,SDFA_NAP_model,0.1,32,TRUE,128,10,22,FALSE,FALSE,0.70506137,0.917761737,0.775631238,0.70506137,11.32629443
108,TRUE,0.95,SDFA_NAP_model,0.2,32,TRUE,128,10,22,FALSE,FALSE,0.781542827,0.916819248,0.832780946,0.781542827,11.32632558
108,TRUE,0.95,SDFA_NAP_model,0.5,32,TRUE,128,10,22,FALSE,FALSE,0.758017685,0.904527594,0.814635712,0.758017685,11.34375451
108,TRUE,0.95,SDFA_NAP_model,0.1,64,TRUE,128,10,22,FALSE,FALSE,0.73634024,0.917388427,0.793663174,0.73634024,11.33389278
108,TRUE,0.95,SDFA_NAP_model,0.2,64,TRUE,128,10,22,FALSE,FALSE,0.740266596,0.852362343,0.783352284,0.740266596,11.33873668
108,TRUE,0.95,SDFA_NAP_model,0.5,64,TRUE,128,10,22,FALSE,FALSE,0.80256038,0.914798908,0.844881181,0.80256038,11.3317093
16,FALSE,0.95,NAP_model,0,16,FALSE,32,10,22,FALSE,FALSE,0.670582025,0.889633931,0.742461382,0.670582025,11.05597809
16,FALSE,0.95,NAP_model,0,32,FALSE,32,10,22,FALSE,FALSE,0.808565395,0.9168807,0.850479854,0.808565395,11.05273417
16,FALSE,0.95,NAP_model,0,64,FALSE,32,10,22,FALSE,FALSE,0.592483833,0.860759432,0.66583566,0.592483833,11.09081441
16,FALSE,0.95,SDFA_NAP_model,0.1,16,TRUE,32,10,22,FALSE,FALSE,0.703873565,0.891184372,0.763606181,0.703873565,11.44732758
16,FALSE,0.95,SDFA_NAP_model,0.2,16,TRUE,32,10,22,FALSE,FALSE,0.630625577,0.876048904,0.681667867,0.630625577,11.45200036
16,FALSE,0.95,SDFA_NAP_model,0.5,16,TRUE,32,10,22,FALSE,FALSE,0.429292596,0.908595995,0.513068223,0.429292596,11.42231867
16,FALSE,0.95,SDFA_NAP_model,0.1,32,TRUE,32,10,22,FALSE,FALSE,0.70822885,0.913522735,0.77419092,0.70822885,11.4553398
16,FALSE,0.95,SDFA_NAP_model,0.2,32,TRUE,32,10,22,FALSE,FALSE,0.684043817,0.840149157,0.738380243,0.684043817,11.46570539
16,FALSE,0.95,SDFA_NAP_model,0.5,32,TRUE,32,10,22,FALSE,FALSE,0.762175003,0.909210368,0.819778373,0.762175003,11.44118329
16,FALSE,0.95,SDFA_NAP_model,0.1,64,TRUE,32,10,22,FALSE,FALSE,0.818793718,0.922257177,0.860972477,0.818793718,11.46958238
16,FALSE,0.95,SDFA_NAP_model,0.2,64,TRUE,32,10,22,FALSE,FALSE,0.747327438,0.914312721,0.806014422,0.747327438,11.48462968
16,FALSE,0.95,SDFA_NAP_model,0.5,64,TRUE,32,10,22,FALSE,FALSE,0.821433285,0.921509123,0.862536663,0.821433285,11.45304512
16,TRUE,0.95,SDFA_NAP_model,0.1,16,TRUE,16,10,22,FALSE,FALSE,0.758743566,0.914981241,0.817208099,0.758743566,11.27825986
16,TRUE,0.95,SDFA_NAP_model,0.2,16,TRUE,16,10,22,FALSE,FALSE,0.562491751,0.760216781,0.609488491,0.562491751,11.27153673
16,TRUE,0.95,SDFA_NAP_model,0.5,16,TRUE,16,10,22,FALSE,FALSE,0.571796225,0.86457155,0.65936029,0.571796225,11.30502382
16,TRUE,0.95,SDFA_NAP_model,0.1,32,TRUE,16,10,22,FALSE,FALSE,0.725254058,0.834989401,0.763735479,0.725254058,11.29805822
16,TRUE,0.95,SDFA_NAP_model,0.2,32,TRUE,16,10,22,FALSE,FALSE,0.693315296,0.912063132,0.761579137,0.693315296,11.28720153
16,TRUE,0.95,SDFA_NAP_model,0.5,32,TRUE,16,10,22,FALSE,FALSE,0.772139369,0.913337497,0.824039213,0.772139369,11.31996548
16,TRUE,0.95,SDFA_NAP_model,0.1,64,TRUE,16,10,22,FALSE,FALSE,0.665170912,0.912173938,0.732277267,0.665170912,11.33038162
16,TRUE,0.95,SDFA_NAP_model,0.2,64,TRUE,16,10,22,FALSE,FALSE,0.816847037,0.919509669,0.85886214,0.816847037,11.3655228
16,TRUE,0.95,SDFA_NAP_model,0.5,64,TRUE,16,10,22,FALSE,FALSE,0.795301571,0.896458926,0.83704638,0.795301571,11.33674678
16,TRUE,0.95,SDFA_NAP_model,0.1,16,TRUE,32,10,22,FALSE,FALSE,0.707898905,0.873063105,0.7709238,0.707898905,11.34685891
16,TRUE,0.95,SDFA_NAP_model,0.2,16,TRUE,32,10,22,FALSE,FALSE,0.725682988,0.89605687,0.792192333,0.725682988,11.31088282
16,TRUE,0.95,SDFA_NAP_model,0.5,16,TRUE,32,10,22,FALSE,FALSE,0.605582684,0.893297241,0.696019302,0.605582684,11.32569972
16,TRUE,0.95,SDFA_NAP_model,0.1,32,TRUE,32,10,22,FALSE,FALSE,0.765045533,0.899843301,0.815651999,0.765045533,11.3465635
16,TRUE,0.95,SDFA_NAP_model,0.2,32,TRUE,32,10,22,FALSE,FALSE,0.708822753,0.920718825,0.779305454,0.708822753,11.33430618
16,TRUE,0.95,SDFA_NAP_model,0.5,32,TRUE,32,10,22,FALSE,FALSE,0.674508381,0.86608937,0.736196203,0.674508381,11.33994461
16,TRUE,0.95,SDFA_NAP_model,0.1,64,TRUE,32,10,22,FALSE,FALSE,0.655536492,0.914054018,0.727144491,0.655536492,11.34393672
16,TRUE,0.95,SDFA_NAP_model,0.2,64,TRUE,32,10,22,FALSE,FALSE,0.753959351,0.921890017,0.811948612,0.753959351,11.34699565
16,TRUE,0.95,SDFA_NAP_model,0.5,64,TRUE,32,10,22,FALSE,FALSE,0.812359773,0.914464095,0.855214102,0.812359773,11.32853467
16,TRUE,0.95,SDFA_NAP_model,0.1,16,TRUE,64,10,22,FALSE,FALSE,0.620595222,0.871197753,0.68686614,0.620595222,11.3154817
16,TRUE,0.95,SDFA_NAP_model,0.2,16,TRUE,64,10,22,FALSE,FALSE,0.615580045,0.840980675,0.689220481,0.615580045,11.29325133
16,TRUE,0.95,SDFA_NAP_model,0.5,16,TRUE,64,10,22,FALSE,FALSE,0.575920549,0.877637495,0.662027099,0.575920549,11.31765942
16,TRUE,0.95,SDFA_NAP_model,0.1,32,TRUE,64,10,22,FALSE,FALSE,0.76042629,0.884609779,0.803451434,0.76042629,11.33916819
16,TRUE,0.95,SDFA_NAP_model,0.2,32,TRUE,64,10,22,FALSE,FALSE,0.649498482,0.827826661,0.707299467,0.649498482,11.32374897
16,TRUE,0.95,SDFA_NAP_model,0.5,32,TRUE,64,10,22,FALSE,FALSE,0.693744226,0.822109324,0.740285998,0.693744226,11.30994933
16,TRUE,0.95,SDFA_NAP_model,0.1,64,TRUE,64,10,22,FALSE,FALSE,0.74115745,0.919099831,0.804580111,0.74115745,11.33320485
16,TRUE,0.95,SDFA_NAP_model,0.2,64,TRUE,64,10,22,FALSE,FALSE,0.740728521,0.839029113,0.776481771,0.740728521,11.34495596
16,TRUE,0.95,SDFA_NAP_model,0.5,64,TRUE,64,10,22,FALSE,FALSE,0.813118649,0.912075662,0.855499707,0.813118649,11.3242639
16,TRUE,0.95,SDFA_NAP_model,0.1,16,TRUE,128,10,22,FALSE,FALSE,0.730797149,0.884904122,0.78657277,0.730797149,11.30704022
16,TRUE,0.95,SDFA_NAP_model,0.2,16,TRUE,128,10,22,FALSE,FALSE,0.593704632,0.804242815,0.653691452,0.593704632,11.31764379
16,TRUE,0.95,SDFA_NAP_model,0.5,16,TRUE,128,10,22,FALSE,FALSE,0.454104527,0.802871359,0.506300118,0.454104527,11.33380764
16,TRUE,0.95,SDFA_NAP_model,0.1,32,TRUE,128,10,22,FALSE,FALSE,0.715223703,0.908705749,0.781262812,0.715223703,11.33903857
16,TRUE,0.95,SDFA_NAP_model,0.2,32,TRUE,128,10,22,FALSE,FALSE,0.773327174,0.903413082,0.823363025,0.773327174,11.33506144
16,TRUE,0.95,SDFA_NAP_model,0.5,32,TRUE,128,10,22,FALSE,FALSE,0.749802032,0.910101359,0.808237337,0.749802032,11.33020286
16,TRUE,0.95,SDFA_NAP_model,0.1,64,TRUE,128,10,22,FALSE,FALSE,0.738814834,0.849868311,0.782095064,0.738814834,11.35275691
16,TRUE,0.95,SDFA_NAP_model,0.2,64,TRUE,128,10,22,FALSE,FALSE,0.809357265,0.909901417,0.848500287,0.809357265,11.34316145
16,TRUE,0.95,SDFA_NAP_model,0.5,64,TRUE,128,10,22,FALSE,FALSE,0.743137126,0.915731838,0.796333339,0.743137126,11.34594448
1089,FALSE,0.95,NAP_model,0,16,FALSE,32,10,22,FALSE,FALSE,0.591032071,0.885758753,0.680771147,0.591032071,11.01922163
1089,FALSE,0.95,NAP_model,0,32,FALSE,32,10,22,FALSE,FALSE,0.742114293,0.90616176,0.799777763,0.742114293,11.03064119
1089,FALSE,0.95,NAP_model,0,64,FALSE,32,10,22,FALSE,FALSE,0.674838327,0.916717525,0.749806543,0.674838327,11.06468904
1089,FALSE,0.95,SDFA_NAP_model,0.1,16,TRUE,32,10,22,FALSE,FALSE,0.729312393,0.887220768,0.788834349,0.729312393,11.44589781
1089,FALSE,0.95,SDFA_NAP_model,0.2,16,TRUE,32,10,22,FALSE,FALSE,0.662465356,0.88960527,0.742446244,0.662465356,11.45741764
1089,FALSE,0.95,SDFA_NAP_model,0.5,16,TRUE,32,10,22,FALSE,FALSE,0.494093969,0.870638555,0.60855405,0.494093969,11.44953122
1089,FALSE,0.95,SDFA_NAP_model,0.1,32,TRUE,32,10,22,FALSE,FALSE,0.709581629,0.892580641,0.76401573,0.709581629,11.47623208
1089,FALSE,0.95,SDFA_NAP_model,0.2,32,TRUE,32,10,22,FALSE,FALSE,0.767091197,0.900581837,0.816510188,0.767091197,11.46337158
1089,FALSE,0.95,SDFA_NAP_model,0.5,32,TRUE,32,10,22,FALSE,FALSE,0.680513396,0.893533638,0.740639362,0.680513396,11.46178532
1089,FALSE,0.95,SDFA_NAP_model,0.1,64,TRUE,32,10,22,FALSE,FALSE,0.669922133,0.840367356,0.728943426,0.669922133,11.48062288
1089,FALSE,0.95,SDFA_NAP_model,0.2,64,TRUE,32,10,22,FALSE,FALSE,0.818694734,0.919828427,0.858623681,0.818694734,11.48733349
1089,FALSE,0.95,SDFA_NAP_model,0.5,64,TRUE,32,10,22,FALSE,FALSE,0.816418107,0.917843237,0.85891073,0.816418107,11.49690036
1089,TRUE,0.95,SDFA_NAP_model,0.1,16,TRUE,16,10,22,FALSE,FALSE,0.685330606,0.860744089,0.740446234,0.685330606,11.34738036
1089,TRUE,0.95,SDFA_NAP_model,0.2,16,TRUE,16,10,22,FALSE,FALSE,0.560248119,0.896394991,0.658486207,0.560248119,11.31752246
1089,TRUE,0.95,SDFA_NAP_model,0.5,16,TRUE,16,10,22,FALSE,FALSE,0.497129471,0.859457539,0.598416541,0.497129471,11.35213162
1089,TRUE,0.95,SDFA_NAP_model,0.1,32,TRUE,16,10,22,FALSE,FALSE,0.710472483,0.843803319,0.766036391,0.710472483,11.3345068
1089,TRUE,0.95,SDFA_NAP_model,0.2,32,TRUE,16,10,22,FALSE,FALSE,0.78810875,0.912994251,0.83563317,0.78810875,11.30673177
1089,TRUE,0.95,SDFA_NAP_model,0.5,32,TRUE,16,10,22,FALSE,FALSE,0.771545467,0.911578946,0.823808828,0.771545467,11.29251262
1089,TRUE,0.95,SDFA_NAP_model,0.1,64,TRUE,16,10,22,FALSE,FALSE,0.815857199,0.919492081,0.855578586,0.815857199,11.34997861
1089,TRUE,0.95,SDFA_NAP_model,0.2,64,TRUE,16,10,22,FALSE,FALSE,0.752144648,0.919366764,0.809404899,0.752144648,11.35976133
1089,TRUE,0.95,SDFA_NAP_model,0.5,64,TRUE,16,10,22,FALSE,FALSE,0.730071268,0.915692,0.78500525,0.730071268,11.32942562
1089,TRUE,0.95,SDFA_NAP_model,0.1,16,TRUE,32,10,22,FALSE,FALSE,0.708690775,0.874579247,0.768748459,0.708690775,11.3012046
1089,TRUE,0.95,SDFA_NAP_model,0.2,16,TRUE,32,10,22,FALSE,FALSE,0.623531741,0.889373102,0.699295115,0.623531741,11.2951704
1089,TRUE,0.95,SDFA_NAP_model,0.5,16,TRUE,32,10,22,FALSE,FALSE,0.622871849,0.838728336,0.692597812,0.622871849,11.32124234
1089,TRUE,0.95,SDFA_NAP_model,0.1,32,TRUE,32,10,22,FALSE,FALSE,0.807311601,0.923734308,0.850934476,0.807311601,11.34186077
1089,TRUE,0.95,SDFA_NAP_model,0.2,32,TRUE,32,10,22,FALSE,FALSE,0.786854956,0.915939674,0.835701945,0.786854956,11.31973627
1089,TRUE,0.95,SDFA_NAP_model,0.5,32,TRUE,32,10,22,FALSE,FALSE,0.763032863,0.908794426,0.819372187,0.763032863,11.31762061
1089,TRUE,0.95,SDFA_NAP_model,0.1,64,TRUE,32,10,22,FALSE,FALSE,0.743335093,0.853398727,0.786319396,0.743335093,11.34018776
1089,TRUE,0.95,SDFA_NAP_model,0.2,64,TRUE,32,10,22,FALSE,FALSE,0.821565263,0.922581035,0.861018545,0.821565263,11.33748638
1089,TRUE,0.95,SDFA_NAP_model,0.5,64,TRUE,32,10,22,FALSE,FALSE,0.813514584,0.915593679,0.856045904,0.813514584,11.32491422
1089,TRUE,0.95,SDFA_NAP_model,0.1,16,TRUE,64,10,22,FALSE,FALSE,0.669922133,0.806149435,0.718839862,0.669922133,11.31591985
1089,TRUE,0.95,SDFA_NAP_model,0.2,16,TRUE,64,10,22,FALSE,FALSE,0.554540055,0.861330334,0.636673297,0.554540055,11.29201093
1089,TRUE,0.95,SDFA_NAP_model,0.5,16,TRUE,64,10,22,FALSE,FALSE,0.435264617,0.859255526,0.528905029,0.435264617,11.30725715
1089,TRUE,0.95,SDFA_NAP_model,0.1,32,TRUE,64,10,22,FALSE,FALSE,0.793552857,0.920211314,0.843022169,0.793552857,11.30169128
1089,TRUE,0.95,SDFA_NAP_model,0.2,32,TRUE,64,10,22,FALSE,FALSE,0.689157978,0.913948407,0.755049984,0.689157978,11.29216491
1089,TRUE,0.95,SDFA_NAP_model,0.5,32,TRUE,64,10,22,FALSE,FALSE,0.758677577,0.913803636,0.820302794,0.758677577,11.28282422
1089,TRUE,0.95,SDFA_NAP_model,0.1,64,TRUE,64,10,22,FALSE,FALSE,0.739309753,0.84479371,0.782835977,0.739309753,11.32908318
1089,TRUE,0.95,SDFA_NAP_model,0.2,64,TRUE,64,10,22,FALSE,FALSE,0.788141745,0.883876737,0.814684481,0.788141745,11.32563725
1089,TRUE,0.95,SDFA_NAP_model,0.5,64,TRUE,64,10,22,FALSE,FALSE,0.74798733,0.911959499,0.80484772,0.74798733,11.33701349
1089,TRUE,0.95,SDFA_NAP_model,0.1,16,TRUE,128,10,22,FALSE,FALSE,0.479345387,0.884802168,0.57625548,0.479345387,11.29960345
1089,TRUE,0.95,SDFA_NAP_model,0.2,16,TRUE,128,10,22,FALSE,FALSE,0.593605649,0.890874329,0.681122751,0.593605649,11.29928663
1089,TRUE,0.95,SDFA_NAP_model,0.5,16,TRUE,128,10,22,FALSE,FALSE,0.361851656,0.862810478,0.418940617,0.361851656,11.27524633
1089,TRUE,0.95,SDFA_NAP_model,0.1,32,TRUE,128,10,22,FALSE,FALSE,0.792826976,0.922012542,0.842708383,0.792826976,11.29899699
1089,TRUE,0.95,SDFA_NAP_model,0.2,32,TRUE,128,10,22,FALSE,FALSE,0.714035898,0.908689352,0.781749774,0.714035898,11.30561164
1089,TRUE,0.95,SDFA_NAP_model,0.5,32,TRUE,128,10,22,FALSE,FALSE,0.765540451,0.921097559,0.823018527,0.765540451,11.31135887
1089,TRUE,0.95,SDFA_NAP_model,0.1,64,TRUE,128,10,22,FALSE,FALSE,0.823511944,0.924344211,0.864780435,0.823511944,11.33935573
1089,TRUE,0.95,SDFA_NAP_model,0.2,64,TRUE,128,10,22,FALSE,FALSE,0.82146628,0.925266699,0.862125264,0.82146628,11.32262835
1089,TRUE,0.95,SDFA_NAP_model,0.5,64,TRUE,128,10,22,FALSE,FALSE,0.800943645,0.903280487,0.843077388,0.800943645,11.31368943
56,TRUE,0.95,SDFA_NAP_model,0,16,TRUE,32,10,22,FALSE,TRUE,0.801636532,0.904143473,0.843873435,0.801636532,18.22353449
56,TRUE,0.95,SDFA_NAP_model,0,16,TRUE,64,10,22,FALSE,TRUE,0.726837799,0.905964928,0.786384327,0.726837799,13.71698855
56,TRUE,0.95,SDFA_NAP_model,0,16,TRUE,128,10,22,FALSE,TRUE,0.717302362,0.8694456,0.773212657,0.717302362,11.45064989
56,FALSE,0.95,SDFA_NAP_model,0,16,TRUE,128,10,22,FALSE,TRUE,0.737363072,0.917173387,0.796851948,0.737363072,11.54871238
56,TRUE,0.95,SDFA_NAP_model,0.2,16,TRUE,32,10,22,FALSE,TRUE,0.741718358,0.909165527,0.794822717,0.741718358,18.19250577
56,TRUE,0.95,SDFA_NAP_model,0.2,16,TRUE,64,10,22,FALSE,TRUE,0.736505213,0.912517826,0.794782877,0.736505213,13.71444187
56,TRUE,0.95,SDFA_NAP_model,0.2,16,TRUE,128,10,22,FALSE,TRUE,0.742939158,0.917576635,0.8012596,0.742939158,11.43331217
56,FALSE,0.95,SDFA_NAP_model,0.2,16,TRUE,128,10,22,FALSE,TRUE,0.742708196,0.917504383,0.800740528,0.742708196,11.59444053
56,TRUE,0.95,SDFA_NAP_model,0.5,16,TRUE,32,10,22,FALSE,TRUE,0.739210769,0.914598424,0.79767413,0.739210769,18.15250782
56,TRUE,0.95,SDFA_NAP_model,0.5,16,TRUE,64,10,22,FALSE,TRUE,0.737099116,0.911192044,0.795053945,0.737099116,13.66773362
56,TRUE,0.95,SDFA_NAP_model,0.5,16,TRUE,128,10,22,FALSE,TRUE,0.736010294,0.912644799,0.792951494,0.736010294,11.42428323
56,FALSE,0.95,SDFA_NAP_model,0.5,16,TRUE,128,10,22,FALSE,TRUE,0.736439224,0.914235977,0.793496771,0.736439224,11.55999622
56,TRUE,0.95,SDFA_NAP_model,0,32,TRUE,32,10,22,FALSE,TRUE,0.820443447,0.918642712,0.861481251,0.820443447,18.20508612
56,TRUE,0.95,SDFA_NAP_model,0,32,TRUE,64,10,22,FALSE,TRUE,0.823181998,0.922222612,0.864695124,0.823181998,13.69200562
56,TRUE,0.95,SDFA_NAP_model,0,32,TRUE,128,10,22,FALSE,TRUE,0.740893493,0.843805302,0.78431615,0.740893493,11.46743907
56,FALSE,0.95,SDFA_NAP_model,0,32,TRUE,128,10,22,FALSE,TRUE,0.745248779,0.847621167,0.788496717,0.745248779,11.61430519
56,TRUE,0.95,SDFA_NAP_model,0.2,32,TRUE,32,10,22,FALSE,TRUE,0.82908803,0.925917775,0.870751616,0.82908803,18.27236012
56,TRUE,0.95,SDFA_NAP_model,0.2,32,TRUE,64,10,22,FALSE,TRUE,0.749604065,0.91316427,0.80185025,0.749604065,13.75141034
56,TRUE,0.95,SDFA_NAP_model,0.2,32,TRUE,128,10,22,FALSE,TRUE,0.744951828,0.920855483,0.803189745,0.744951828,11.46277241
56,FALSE,0.95,SDFA_NAP_model,0.2,32,TRUE,128,10,22,FALSE,TRUE,0.747789363,0.850441007,0.789700054,0.747789363,11.61728081
56,TRUE,0.95,SDFA_NAP_model,0.5,32,TRUE,32,10,22,FALSE,TRUE,0.826250495,0.918771163,0.865800803,0.826250495,18.247165
56,TRUE,0.95,SDFA_NAP_model,0.5,32,TRUE,64,10,22,FALSE,TRUE,0.736670186,0.898716612,0.790639253,0.736670186,13.73134049
56,TRUE,0.95,SDFA_NAP_model,0.5,32,TRUE,128,10,22,FALSE,TRUE,0.744159958,0.846411464,0.786402668,0.744159958,11.48525407
56,FALSE,0.95,SDFA_NAP_model,0.5,32,TRUE,128,10,22,FALSE,TRUE,0.737462056,0.910234694,0.79460812,0.737462056,11.60840395
56,TRUE,0.95,SDFA_NAP_model,0,64,TRUE,32,10,22,FALSE,TRUE,0.752177643,0.923748698,0.81233925,0.752177643,18.27793419
56,TRUE,0.95,SDFA_NAP_model,0,64,TRUE,64,10,22,FALSE,TRUE,0.671274911,0.92465438,0.74617412,0.671274911,13.73499795
56,TRUE,0.95,SDFA_NAP_model,0,64,TRUE,128,10,22,FALSE,TRUE,0.672429722,0.931487047,0.746170783,0.672429722,11.45455565
56,FALSE,0.95,SDFA_NAP_model,0,64,TRUE,128,10,22,FALSE,TRUE,0.671670846,0.92750742,0.74553207,0.671670846,11.62863195
56,TRUE,0.95,SDFA_NAP_model,0.2,64,TRUE,32,10,22,FALSE,TRUE,0.820938366,0.918117594,0.861258521,0.820938366,18.27244456
56,TRUE,0.95,SDFA_NAP_model,0.2,64,TRUE,64,10,22,FALSE,TRUE,0.672495711,0.849345473,0.731625483,0.672495711,13.72139345
56,TRUE,0.95,SDFA_NAP_model,0.2,64,TRUE,128,10,22,FALSE,TRUE,0.667381549,0.928157087,0.74704849,0.667381549,11.44008213
56,FALSE,0.95,SDFA_NAP_model,0.2,64,TRUE,128,10,22,FALSE,TRUE,0.669196252,0.853550554,0.734889943,0.669196252,11.6394431
56,TRUE,0.95,SDFA_NAP_model,0.5,64,TRUE,32,10,22,FALSE,TRUE,0.754982183,0.927990884,0.818268342,0.754982183,18.27845755
56,TRUE,0.95,SDFA_NAP_model,0.5,64,TRUE,64,10,22,FALSE,TRUE,0.67975452,0.84868784,0.738083901,0.67975452,13.77628899
56,TRUE,0.95,SDFA_NAP_model,0.5,64,TRUE,128,10,22,FALSE,TRUE,0.663818134,0.915522685,0.742440812,0.663818134,11.48882205
56,FALSE,0.95,SDFA_NAP_model,0.5,64,TRUE,128,10,22,FALSE,TRUE,0.66536888,0.9179904,0.740712962,0.66536888,11.60855823
56,FALSE,0.95,NAP_model,0,16,FALSE,128,10,22,TRUE,FALSE,0.565263297,0.824973153,0.636611678,0.565263297,32.65403117
56,FALSE,0.95,NAP_model,0,32,FALSE,128,10,22,TRUE,FALSE,0.654645638,0.814859556,0.713538561,0.654645638,32.6399319
56,FALSE,0.95,NAP_model,0,64,FALSE,128,10,22,TRUE,FALSE,0.632110334,0.834817522,0.703536569,0.632110334,32.62696413
8,TRUE,0.95,SDFA_NAP_model,0,16,TRUE,32,10,22,FALSE,TRUE,0.707997888,0.919205583,0.776884695,0.707997888,18.24903993
8,TRUE,0.95,SDFA_NAP_model,0,16,TRUE,64,10,22,FALSE,TRUE,0.639864062,0.857537248,0.700340845,0.639864062,13.72958712
8,TRUE,0.95,SDFA_NAP_model,0,16,TRUE,128,10,22,FALSE,TRUE,0.620694206,0.849001194,0.680563112,0.620694206,11.44562152
8,FALSE,0.95,SDFA_NAP_model,0,16,TRUE,128,10,22,FALSE,TRUE,0.616008975,0.85057551,0.676486637,0.616008975,11.57908983
8,TRUE,0.95,SDFA_NAP_model,0.2,16,TRUE,32,10,22,FALSE,TRUE,0.748119308,0.918929287,0.8061882,0.748119308,18.19704916
8,TRUE,0.95,SDFA_NAP_model,0.2,16,TRUE,64,10,22,FALSE,TRUE,0.672396727,0.926008254,0.748451952,0.672396727,13.73265076
8,TRUE,0.95,SDFA_NAP_model,0.2,16,TRUE,128,10,22,FALSE,TRUE,0.671967797,0.927859295,0.748742734,0.671967797,11.46731221
8,FALSE,0.95,SDFA_NAP_model,0.2,16,TRUE,128,10,22,FALSE,TRUE,0.617130791,0.855891177,0.678230796,0.617130791,11.54968284
8,TRUE,0.95,SDFA_NAP_model,0.5,16,TRUE,32,10,22,FALSE,TRUE,0.61676785,0.85282979,0.676439552,0.61676785,18.09419628
8,TRUE,0.95,SDFA_NAP_model,0.5,16,TRUE,64,10,22,FALSE,TRUE,0.653028903,0.881120843,0.721294209,0.653028903,13.69520007
8,TRUE,0.95,SDFA_NAP_model,0.5,16,TRUE,128,10,22,FALSE,TRUE,0.648772601,0.88019343,0.715789229,0.648772601,11.41938715
8,FALSE,0.95,SDFA_NAP_model,0.5,16,TRUE,128,10,22,FALSE,TRUE,0.64725485,0.876602226,0.713268849,0.64725485,11.58279256
8,TRUE,0.95,SDFA_NAP_model,0,32,TRUE,32,10,22,FALSE,TRUE,0.774811931,0.909132463,0.820620603,0.774811931,18.24393905
8,TRUE,0.95,SDFA_NAP_model,0,32,TRUE,64,10,22,FALSE,TRUE,0.681536228,0.82723164,0.729868632,0.681536228,13.67706055
8,TRUE,0.95,SDFA_NAP_model,0,32,TRUE,128,10,22,FALSE,TRUE,0.734690511,0.842010297,0.776908524,0.734690511,11.46386645
8,FALSE,0.95,SDFA_NAP_model,0,32,TRUE,128,10,22,FALSE,TRUE,0.703213673,0.834238028,0.747424224,0.703213673,11.57076352
8,TRUE,0.95,SDFA_NAP_model,0.2,32,TRUE,32,10,22,FALSE,TRUE,0.737660024,0.836153435,0.7736011,0.737660024,18.19039703
8,TRUE,0.95,SDFA_NAP_model,0.2,32,TRUE,64,10,22,FALSE,TRUE,0.74158638,0.841550075,0.782116083,0.74158638,13.70343057
8,TRUE,0.95,SDFA_NAP_model,0.2,32,TRUE,128,10,22,FALSE,TRUE,0.720898773,0.808026011,0.75125379,0.720898773,11.42941323
8,FALSE,0.95,SDFA_NAP_model,0.2,32,TRUE,128,10,22,FALSE,TRUE,0.737000132,0.843247313,0.779781666,0.737000132,11.56925112
8,TRUE,0.95,SDFA_NAP_model,0.5,32,TRUE,32,10,22,FALSE,TRUE,0.740398575,0.838211937,0.776582053,0.740398575,18.15921822
8,TRUE,0.95,SDFA_NAP_model,0.5,32,TRUE,64,10,22,FALSE,TRUE,0.745050812,0.844351982,0.782577284,0.745050812,13.73003564
8,TRUE,0.95,SDFA_NAP_model,0.5,32,TRUE,128,10,22,FALSE,TRUE,0.737462056,0.839949478,0.778399975,0.737462056,11.42559219
8,FALSE,0.95,SDFA_NAP_model,0.5,32,TRUE,128,10,22,FALSE,TRUE,0.736934143,0.84215135,0.779720928,0.736934143,11.56089469
8,TRUE,0.95,SDFA_NAP_model,0,64,TRUE,32,10,22,FALSE,TRUE,0.745116801,0.905582418,0.79658938,0.745116801,18.28281622
8,TRUE,0.95,SDFA_NAP_model,0,64,TRUE,64,10,22,FALSE,TRUE,0.738418899,0.920947589,0.799767743,0.738418899,13.7172091
8,TRUE,0.95,SDFA_NAP_model,0,64,TRUE,128,10,22,FALSE,TRUE,0.739243764,0.922777748,0.800884489,0.739243764,11.465152
8,FALSE,0.95,SDFA_NAP_model,0,64,TRUE,128,10,22,FALSE,TRUE,0.740101623,0.924109768,0.801814392,0.740101623,11.62903345
8,TRUE,0.95,SDFA_NAP_model,0.2,64,TRUE,32,10,22,FALSE,TRUE,0.748449254,0.913106096,0.799427103,0.748449254,18.21529816
8,TRUE,0.95,SDFA_NAP_model,0.2,64,TRUE,64,10,22,FALSE,TRUE,0.744588887,0.913393242,0.79827213,0.744588887,13.72054714
8,TRUE,0.95,SDFA_NAP_model,0.2,64,TRUE,128,10,22,FALSE,TRUE,0.737462056,0.914393016,0.796539345,0.737462056,11.46828923
8,FALSE,0.95,SDFA_NAP_model,0.2,64,TRUE,128,10,22,FALSE,TRUE,0.731984954,0.913398576,0.791839754,0.731984954,11.60605338
8,TRUE,0.95,SDFA_NAP_model,0.5,64,TRUE,32,10,22,FALSE,TRUE,0.744489904,0.908857581,0.795728717,0.744489904,18.17462085
8,TRUE,0.95,SDFA_NAP_model,0.5,64,TRUE,64,10,22,FALSE,TRUE,0.732941798,0.903051609,0.788096687,0.732941798,13.70147112
8,TRUE,0.95,SDFA_NAP_model,0.5,64,TRUE,128,10,22,FALSE,TRUE,0.737528045,0.90333389,0.791792385,0.737528045,11.46420862
8,FALSE,0.95,SDFA_NAP_model,0.5,64,TRUE,128,10,22,FALSE,TRUE,0.735812327,0.9034418,0.791376505,0.735812327,11.59120543
8,FALSE,0.95,NAP_model,0,16,FALSE,128,10,22,TRUE,FALSE,0.401808103,0.793690908,0.479003858,0.401808103,32.45721274
8,FALSE,0.95,NAP_model,0,32,FALSE,128,10,22,TRUE,FALSE,0.669625181,0.905868695,0.74058662,0.669625181,32.44582236
8,FALSE,0.95,NAP_model,0,64,FALSE,128,10,22,TRUE,FALSE,0.624125643,0.842333328,0.698398017,0.624125643,32.45420435
15,TRUE,0.95,SDFA_NAP_model,0,16,TRUE,32,10,22,FALSE,TRUE,0.64610004,0.923775181,0.72339188,0.64610004,18.14115203
15,TRUE,0.95,SDFA_NAP_model,0,16,TRUE,64,10,22,FALSE,TRUE,0.661013594,0.93013019,0.728261835,0.661013594,13.66830097
15,TRUE,0.95,SDFA_NAP_model,0,16,TRUE,128,10,22,FALSE,TRUE,0.667909463,0.927827622,0.729029749,0.667909463,11.45621253
15,FALSE,0.95,SDFA_NAP_model,0,16,TRUE,128,10,22,FALSE,TRUE,0.594958427,0.934353424,0.665375674,0.594958427,11.56072154
15,TRUE,0.95,SDFA_NAP_model,0.2,16,TRUE,32,10,22,FALSE,TRUE,0.724825129,0.902642252,0.784838785,0.724825129,18.20564206
15,TRUE,0.95,SDFA_NAP_model,0.2,16,TRUE,64,10,22,FALSE,TRUE,0.725781972,0.900075852,0.785850784,0.725781972,13.64428082
15,TRUE,0.95,SDFA_NAP_model,0.2,16,TRUE,128,10,22,FALSE,TRUE,0.722548502,0.899605452,0.78159091,0.722548502,11.40934666
15,FALSE,0.95,SDFA_NAP_model,0.2,16,TRUE,128,10,22,FALSE,TRUE,0.642932559,0.904615812,0.715882417,0.642932559,11.56978891
15,TRUE,0.95,SDFA_NAP_model,0.5,16,TRUE,32,10,22,FALSE,TRUE,0.721426686,0.900798145,0.780475527,0.721426686,18.16571712
15,TRUE,0.95,SDFA_NAP_model,0.5,16,TRUE,64,10,22,FALSE,TRUE,0.721129735,0.89765449,0.780932917,0.721129735,13.67482209
15,TRUE,0.95,SDFA_NAP_model,0.5,16,TRUE,128,10,22,FALSE,TRUE,0.598257886,0.936978175,0.667779754,0.598257886,11.43495787
15,FALSE,0.95,SDFA_NAP_model,0.5,16,TRUE,128,10,22,FALSE,TRUE,0.600171572,0.930299419,0.667770439,0.600171572,11.56422733
15,TRUE,0.95,SDFA_NAP_model,0,32,TRUE,32,10,22,FALSE,TRUE,0.819420615,0.923184233,0.860696163,0.819420615,18.20224402
15,TRUE,0.95,SDFA_NAP_model,0,32,TRUE,64,10,22,FALSE,TRUE,0.734624522,0.921036091,0.791672247,0.734624522,13.71881803
15,TRUE,0.95,SDFA_NAP_model,0,32,TRUE,128,10,22,FALSE,TRUE,0.746469579,0.928524458,0.802166549,0.746469579,11.49146237
15,FALSE,0.95,SDFA_NAP_model,0,32,TRUE,128,10,22,FALSE,TRUE,0.746799525,0.9313097,0.803652044,0.746799525,11.59592576
15,TRUE,0.95,SDFA_NAP_model,0.2,32,TRUE,32,10,22,FALSE,TRUE,0.827834235,0.925040835,0.866530047,0.827834235,18.15344483
15,TRUE,0.95,SDFA_NAP_model,0.2,32,TRUE,64,10,22,FALSE,TRUE,0.74396199,0.915964082,0.794524598,0.74396199,13.71613287
15,TRUE,0.95,SDFA_NAP_model,0.2,32,TRUE,128,10,22,FALSE,TRUE,0.741916326,0.925852571,0.798248897,0.741916326,11.45711502
15,FALSE,0.95,SDFA_NAP_model,0.2,32,TRUE,128,10,22,FALSE,TRUE,0.741751353,0.925044417,0.797104869,0.741751353,11.56448506
15,TRUE,0.95,SDFA_NAP_model,0.5,32,TRUE,32,10,22,FALSE,TRUE,0.746964498,0.92126106,0.804318788,0.746964498,18.17178763
15,TRUE,0.95,SDFA_NAP_model,0.5,32,TRUE,64,10,22,FALSE,TRUE,0.739969645,0.910915324,0.795659306,0.739969645,13.74920544
15,TRUE,0.95,SDFA_NAP_model,0.5,32,TRUE,128,10,22,FALSE,TRUE,0.742906163,0.920682215,0.796975689,0.742906163,11.45621016
15,FALSE,0.95,SDFA_NAP_model,0.5,32,TRUE,128,10,22,FALSE,TRUE,0.739606705,0.836148744,0.77899324,0.739606705,11.58411878
15,TRUE,0.95,SDFA_NAP_model,0,64,TRUE,32,10,22,FALSE,TRUE,0.742213277,0.922815672,0.808082865,0.742213277,18.29548921
15,TRUE,0.95,SDFA_NAP_model,0,64,TRUE,64,10,22,FALSE,TRUE,0.667975452,0.919522299,0.74633556,0.667975452,13.74790838
15,TRUE,0.95,SDFA_NAP_model,0,64,TRUE,128,10,22,FALSE,TRUE,0.664906955,0.927160142,0.749020844,0.664906955,11.45608193
15,FALSE,0.95,SDFA_NAP_model,0,64,TRUE,128,10,22,FALSE,TRUE,0.662333377,0.925178359,0.745739125,0.662333377,11.62750438
15,TRUE,0.95,SDFA_NAP_model,0.2,64,TRUE,32,10,22,FALSE,TRUE,0.744126963,0.927988594,0.811360472,0.744126963,18.25566202
15,TRUE,0.95,SDFA_NAP_model,0.2,64,TRUE,64,10,22,FALSE,TRUE,0.671637851,0.922274581,0.750120251,0.671637851,13.72817908
15,TRUE,0.95,SDFA_NAP_model,0.2,64,TRUE,128,10,22,FALSE,TRUE,0.664675993,0.846522184,0.730453585,0.664675993,11.4408711
15,FALSE,0.95,SDFA_NAP_model,0.2,64,TRUE,128,10,22,FALSE,TRUE,0.665533852,0.922398438,0.74815134,0.665533852,11.55284507
15,TRUE,0.95,SDFA_NAP_model,0.5,64,TRUE,32,10,22,FALSE,TRUE,0.747756368,0.927613684,0.813340196,0.747756368,18.12812936
15,TRUE,0.95,SDFA_NAP_model,0.5,64,TRUE,64,10,22,FALSE,TRUE,0.677246932,0.841355298,0.730419487,0.677246932,13.67977624
15,TRUE,0.95,SDFA_NAP_model,0.5,64,TRUE,128,10,22,FALSE,TRUE,0.663092253,0.914946203,0.743556311,0.663092253,11.46309891
15,FALSE,0.95,SDFA_NAP_model,0.5,64,TRUE,128,10,22,FALSE,TRUE,0.672759667,0.846546736,0.732007646,0.672759667,11.61071179
15,FALSE,0.95,NAP_model,0,16,FALSE,128,10,22,TRUE,FALSE,0.504751221,0.844658556,0.602711148,0.504751221,32.49297163
15,FALSE,0.95,NAP_model,0,32,FALSE,128,10,22,TRUE,FALSE,0.591461,0.910383468,0.686536889,0.591461,32.52074085
15,FALSE,0.95,NAP_model,0,64,FALSE,128,10,22,TRUE,FALSE,0.695591923,0.82782013,0.74255935,0.695591923,32.5195589
76,TRUE,0.95,SDFA_NAP_model,0,16,TRUE,32,10,22,FALSE,TRUE,0.64646298,0.90483986,0.72267496,0.64646298,18.10183161
76,TRUE,0.95,SDFA_NAP_model,0,16,TRUE,64,10,22,FALSE,TRUE,0.659891778,0.915521655,0.733974228,0.659891778,13.62677027
76,TRUE,0.95,SDFA_NAP_model,0,16,TRUE,128,10,22,FALSE,TRUE,0.664346047,0.919758931,0.738471944,0.664346047,11.46042133
76,FALSE,0.95,SDFA_NAP_model,0,16,TRUE,128,10,22,FALSE,TRUE,0.66573182,0.921042792,0.73980429,0.66573182,11.59762075
76,TRUE,0.95,SDFA_NAP_model,0.2,16,TRUE,32,10,22,FALSE,TRUE,0.674112446,0.925490627,0.748454715,0.674112446,18.24760888
76,TRUE,0.95,SDFA_NAP_model,0.2,16,TRUE,64,10,22,FALSE,TRUE,0.674442391,0.924650258,0.748038241,0.674442391,13.66389021
76,TRUE,0.95,SDFA_NAP_model,0.2,16,TRUE,128,10,22,FALSE,TRUE,0.681833179,0.929746631,0.754745173,0.681833179,11.42932158
76,FALSE,0.95,SDFA_NAP_model,0.2,16,TRUE,128,10,22,FALSE,TRUE,0.67975452,0.931488008,0.754049516,0.67975452,11.5581762
76,TRUE,0.95,SDFA_NAP_model,0.5,16,TRUE,32,10,22,FALSE,TRUE,0.686782368,0.922286996,0.753810802,0.686782368,18.20007408
76,TRUE,0.95,SDFA_NAP_model,0.5,16,TRUE,64,10,22,FALSE,TRUE,0.67975452,0.930284903,0.753840913,0.67975452,13.68018721
76,TRUE,0.95,SDFA_NAP_model,0.5,16,TRUE,128,10,22,FALSE,TRUE,0.680348423,0.931283452,0.754580554,0.680348423,11.45472293
76,FALSE,0.95,SDFA_NAP_model,0.5,16,TRUE,128,10,22,FALSE,TRUE,0.67975452,0.928808251,0.753493586,0.67975452,11.63125574
76,TRUE,0.95,SDFA_NAP_model,0,32,TRUE,32,10,22,FALSE,TRUE,0.813118649,0.914701009,0.855052222,0.813118649,18.25741986
76,TRUE,0.95,SDFA_NAP_model,0,32,TRUE,64,10,22,FALSE,TRUE,0.739441732,0.917377016,0.791745588,0.739441732,13.67865444
76,TRUE,0.95,SDFA_NAP_model,0,32,TRUE,128,10,22,FALSE,TRUE,0.742048304,0.932014561,0.801535973,0.742048304,11.45340988
76,FALSE,0.95,SDFA_NAP_model,0,32,TRUE,128,10,22,FALSE,TRUE,0.742411245,0.931805478,0.802166793,0.742411245,11.57308873
76,TRUE,0.95,SDFA_NAP_model,0.2,32,TRUE,32,10,22,FALSE,TRUE,0.751187805,0.848928137,0.787580621,0.751187805,18.25877931
76,TRUE,0.95,SDFA_NAP_model,0.2,32,TRUE,64,10,22,FALSE,TRUE,0.743302098,0.849843842,0.786583575,0.743302098,13.7110134
76,TRUE,0.95,SDFA_NAP_model,0.2,32,TRUE,128,10,22,FALSE,TRUE,0.743698034,0.856743049,0.788706305,0.743698034,11.45324777
76,FALSE,0.95,SDFA_NAP_model,0.2,32,TRUE,128,10,22,FALSE,TRUE,0.742972153,0.850501143,0.786281454,0.742972153,11.57062224
76,TRUE,0.95,SDFA_NAP_model,0.5,32,TRUE,32,10,22,FALSE,TRUE,0.750065989,0.918531487,0.803166584,0.750065989,18.1709405
76,TRUE,0.95,SDFA_NAP_model,0.5,32,TRUE,64,10,22,FALSE,TRUE,0.744060974,0.84826275,0.787065568,0.744060974,13.672231
76,TRUE,0.95,SDFA_NAP_model,0.5,32,TRUE,128,10,22,FALSE,TRUE,0.743434077,0.849062552,0.786068365,0.743434077,11.41546305
76,FALSE,0.95,SDFA_NAP_model,0.5,32,TRUE,128,10,22,FALSE,TRUE,0.743698034,0.84719474,0.785379766,0.743698034,11.53106578
76,TRUE,0.95,SDFA_NAP_model,0,64,TRUE,32,10,22,FALSE,TRUE,0.817275967,0.92590112,0.859521472,0.817275967,18.1591887
76,TRUE,0.95,SDFA_NAP_model,0,64,TRUE,64,10,22,FALSE,TRUE,0.745512736,0.930157202,0.802154073,0.745512736,13.67944627
76,TRUE,0.95,SDFA_NAP_model,0,64,TRUE,128,10,22,FALSE,TRUE,0.744489904,0.92936455,0.801651518,0.744489904,11.40324825
76,FALSE,0.95,SDFA_NAP_model,0,64,TRUE,128,10,22,FALSE,TRUE,0.74640359,0.933135472,0.803693521,0.74640359,11.5462703
76,TRUE,0.95,SDFA_NAP_model,0.2,64,TRUE,32,10,22,FALSE,TRUE,0.831166689,0.929728794,0.871069161,0.831166689,18.06499525
76,TRUE,0.95,SDFA_NAP_model,0.2,64,TRUE,64,10,22,FALSE,TRUE,0.753530421,0.849621106,0.789055423,0.753530421,13.63674972
76,TRUE,0.95,SDFA_NAP_model,0.2,64,TRUE,128,10,22,FALSE,TRUE,0.748350271,0.928042561,0.802981407,0.748350271,11.44205825
76,FALSE,0.95,SDFA_NAP_model,0.2,64,TRUE,128,10,22,FALSE,TRUE,0.74920813,0.920982413,0.801840184,0.74920813,11.52346872
76,TRUE,0.95,SDFA_NAP_model,0.5,64,TRUE,32,10,22,FALSE,TRUE,0.752969513,0.834534453,0.781853533,0.752969513,18.08398786
76,TRUE,0.95,SDFA_NAP_model,0.5,64,TRUE,64,10,22,FALSE,TRUE,0.753629405,0.91325872,0.798560335,0.753629405,13.64823207
76,TRUE,0.95,SDFA_NAP_model,0.5,64,TRUE,128,10,22,FALSE,TRUE,0.748350271,0.926699681,0.802497787,0.748350271,11.43063865
76,FALSE,0.95,SDFA_NAP_model,0.5,64,TRUE,128,10,22,FALSE,TRUE,0.748977168,0.926585442,0.802476042,0.748977168,11.54237113
76,FALSE,0.95,NAP_model,0,16,FALSE,128,10,22,TRUE,FALSE,0.481358057,0.781662896,0.550357283,0.481358057,32.118972
76,FALSE,0.95,NAP_model,0,32,FALSE,128,10,22,TRUE,FALSE,0.695360961,0.91571963,0.759402858,0.695360961,32.19403459
76,FALSE,0.95,NAP_model,0,64,FALSE,128,10,22,TRUE,FALSE,0.691566583,0.904390518,0.758486076,0.691566583,32.11425556
23,TRUE,0.95,SDFA_NAP_model,0,16,TRUE,32,10,22,FALSE,TRUE,0.702586776,0.883212879,0.76160535,0.702586776,17.96413419
23,TRUE,0.95,SDFA_NAP_model,0,16,TRUE,64,10,22,FALSE,TRUE,0.646396991,0.902845452,0.722893323,0.646396991,13.51077116
23,TRUE,0.95,SDFA_NAP_model,0,16,TRUE,128,10,22,FALSE,TRUE,0.648211693,0.900670106,0.713605336,0.648211693,11.29556052
23,FALSE,0.95,SDFA_NAP_model,0,16,TRUE,128,10,22,FALSE,TRUE,0.646232018,0.907582314,0.717786767,0.646232018,11.41301396
23,TRUE,0.95,SDFA_NAP_model,0.2,16,TRUE,32,10,22,FALSE,TRUE,0.719809951,0.910117557,0.778126548,0.719809951,17.92691402
23,TRUE,0.95,SDFA_NAP_model,0.2,16,TRUE,64,10,22,FALSE,TRUE,0.641084862,0.912778417,0.715750112,0.641084862,13.47656499
23,TRUE,0.95,SDFA_NAP_model,0.2,16,TRUE,128,10,22,FALSE,TRUE,0.638511284,0.90875342,0.711197912,0.638511284,11.29262158
23,FALSE,0.95,SDFA_NAP_model,0.2,16,TRUE,128,10,22,FALSE,TRUE,0.638346311,0.905511618,0.709161468,0.638346311,11.42621361
23,TRUE,0.95,SDFA_NAP_model,0.5,16,TRUE,32,10,22,FALSE,TRUE,0.638181338,0.907165827,0.70979704,0.638181338,17.92134574
23,TRUE,0.95,SDFA_NAP_model,0.5,16,TRUE,64,10,22,FALSE,TRUE,0.642272667,0.889639094,0.702185978,0.642272667,13.53958509
23,TRUE,0.95,SDFA_NAP_model,0.5,16,TRUE,128,10,22,FALSE,TRUE,0.633199155,0.882969658,0.69649296,0.633199155,11.30805163
23,FALSE,0.95,SDFA_NAP_model,0.5,16,TRUE,128,10,22,FALSE,TRUE,0.634848885,0.884476602,0.69877611,0.634848885,11.42139105
23,TRUE,0.95,SDFA_NAP_model,0,32,TRUE,32,10,22,FALSE,TRUE,0.747393427,0.927349209,0.814146538,0.747393427,17.97073789
23,TRUE,0.95,SDFA_NAP_model,0,32,TRUE,64,10,22,FALSE,TRUE,0.651445163,0.880061469,0.722754498,0.651445163,13.55817289
23,TRUE,0.95,SDFA_NAP_model,0,32,TRUE,128,10,22,FALSE,TRUE,0.645275175,0.883484012,0.721506356,0.645275175,11.35096421
23,FALSE,0.95,SDFA_NAP_model,0,32,TRUE,128,10,22,FALSE,TRUE,0.66975716,0.921867502,0.744730279,0.66975716,11.44928801
23,TRUE,0.95,SDFA_NAP_model,0.2,32,TRUE,32,10,22,FALSE,TRUE,0.682163125,0.915767442,0.749165216,0.682163125,17.95646654
23,TRUE,0.95,SDFA_NAP_model,0.2,32,TRUE,64,10,22,FALSE,TRUE,0.659396859,0.875113953,0.721695366,0.659396859,13.56532943
23,TRUE,0.95,SDFA_NAP_model,0.2,32,TRUE,128,10,22,FALSE,TRUE,0.667381549,0.926059275,0.741737045,0.667381549,11.29345513
23,FALSE,0.95,SDFA_NAP_model,0.2,32,TRUE,128,10,22,FALSE,TRUE,0.668602349,0.927126408,0.742803312,0.668602349,11.42923228
23,TRUE,0.95,SDFA_NAP_model,0.5,32,TRUE,32,10,22,FALSE,TRUE,0.667513528,0.917721151,0.739924076,0.667513528,17.9085005
23,TRUE,0.95,SDFA_NAP_model,0.5,32,TRUE,64,10,22,FALSE,TRUE,0.676785007,0.918960416,0.744947343,0.676785007,13.49871903
23,TRUE,0.95,SDFA_NAP_model,0.5,32,TRUE,128,10,22,FALSE,TRUE,0.666556685,0.922782511,0.738642794,0.666556685,11.29277339
23,FALSE,0.95,SDFA_NAP_model,0.5,32,TRUE,128,10,22,FALSE,TRUE,0.664675993,0.922411951,0.737808188,0.664675993,11.45839358
23,TRUE,0.95,SDFA_NAP_model,0,64,TRUE,32,10,22,FALSE,TRUE,0.82786723,0.929180367,0.86894713,0.82786723,17.95429316
23,TRUE,0.95,SDFA_NAP_model,0,64,TRUE,64,10,22,FALSE,TRUE,0.827537284,0.931131089,0.869330341,0.827537284,13.50109092
23,TRUE,0.95,SDFA_NAP_model,0,64,TRUE,128,10,22,FALSE,TRUE,0.746073644,0.850209655,0.787914639,0.746073644,11.30237318
23,FALSE,0.95,SDFA_NAP_model,0,64,TRUE,128,10,22,FALSE,TRUE,0.752705556,0.849944342,0.789184784,0.752705556,11.42798266
23,TRUE,0.95,SDFA_NAP_model,0.2,64,TRUE,32,10,22,FALSE,TRUE,0.826481457,0.927498734,0.868121889,0.826481457,17.88612623
23,TRUE,0.95,SDFA_NAP_model,0.2,64,TRUE,64,10,22,FALSE,TRUE,0.753860367,0.845723131,0.788013815,0.753860367,13.49277228
23,TRUE,0.95,SDFA_NAP_model,0.2,64,TRUE,128,10,22,FALSE,TRUE,0.749043157,0.929849188,0.806473232,0.749043157,11.28749655
23,FALSE,0.95,SDFA_NAP_model,0.2,64,TRUE,128,10,22,FALSE,TRUE,0.749802032,0.854918329,0.792060127,0.749802032,11.4501986
23,TRUE,0.95,SDFA_NAP_model,0.5,64,TRUE,32,10,22,FALSE,TRUE,0.825458625,0.921145422,0.865297905,0.825458625,17.96626845
23,TRUE,0.95,SDFA_NAP_model,0.5,64,TRUE,64,10,22,FALSE,TRUE,0.744786855,0.83443713,0.779360711,0.744786855,13.54831021
23,TRUE,0.95,SDFA_NAP_model,0.5,64,TRUE,128,10,22,FALSE,TRUE,0.743302098,0.847282636,0.784613348,0.743302098,11.3216056
23,FALSE,0.95,SDFA_NAP_model,0.5,64,TRUE,128,10,22,FALSE,TRUE,0.74676653,0.847506849,0.786482992,0.74676653,11.45053139
23,FALSE,0.95,NAP_model,0,16,FALSE,128,10,22,TRUE,FALSE,0.630295632,0.869540055,0.699879648,0.630295632,31.9950168
23,FALSE,0.95,NAP_model,0,32,FALSE,128,10,22,TRUE,FALSE,0.633562096,0.873164996,0.695479141,0.633562096,31.98819284
23,FALSE,0.95,NAP_model,0,64,FALSE,128,10,22,TRUE,FALSE,0.608090273,0.883422502,0.681960248,0.608090273,31.96664181
42,TRUE,0.95,SDFA_NAP_model,0,16,TRUE,32,10,22,FALSE,TRUE,0.765276495,0.917211742,0.822579982,0.765276495,18.22636969
42,TRUE,0.95,SDFA_NAP_model,0,16,TRUE,64,10,22,FALSE,TRUE,0.810512076,0.915613374,0.854927041,0.810512076,13.70957811
42,TRUE,0.95,SDFA_NAP_model,0,16,TRUE,128,10,22,FALSE,TRUE,0.802692358,0.908168499,0.845519113,0.802692358,11.47439352
42,FALSE,0.95,SDFA_NAP_model,0,16,TRUE,128,10,22,FALSE,TRUE,0.800052791,0.906405998,0.842265821,0.800052791,11.5788084
42,TRUE,0.95,SDFA_NAP_model,0.2,16,TRUE,32,10,22,FALSE,TRUE,0.815065329,0.917413379,0.857730099,0.815065329,18.25291904
42,TRUE,0.95,SDFA_NAP_model,0.2,16,TRUE,64,10,22,FALSE,TRUE,0.817539923,0.917385687,0.860577009,0.817539923,13.75143298
42,TRUE,0.95,SDFA_NAP_model,0.2,16,TRUE,128,10,22,FALSE,TRUE,0.81664907,0.916199614,0.859284047,0.81664907,11.44035161
42,FALSE,0.95,SDFA_NAP_model,0.2,16,TRUE,128,10,22,FALSE,TRUE,0.817341956,0.917327414,0.86002845,0.817341956,11.59632265
42,TRUE,0.95,SDFA_NAP_model,0.5,16,TRUE,32,10,22,FALSE,TRUE,0.815626237,0.916917661,0.858938229,0.815626237,18.2379224
42,TRUE,0.95,SDFA_NAP_model,0.5,16,TRUE,64,10,22,FALSE,TRUE,0.815527254,0.918684989,0.859311828,0.815527254,13.74350929
42,TRUE,0.95,SDFA_NAP_model,0.5,16,TRUE,128,10,22,FALSE,TRUE,0.823346971,0.922861628,0.864903425,0.823346971,11.43513108
42,FALSE,0.95,SDFA_NAP_model,0.5,16,TRUE,128,10,22,FALSE,TRUE,0.817704896,0.916150222,0.859082703,0.817704896,11.58384808
42,TRUE,0.95,SDFA_NAP_model,0,32,TRUE,32,10,22,FALSE,TRUE,0.820014518,0.921549104,0.861823616,0.820014518,18.27060394
42,TRUE,0.95,SDFA_NAP_model,0,32,TRUE,64,10,22,FALSE,TRUE,0.730566187,0.914232005,0.781367278,0.730566187,13.71264107
42,TRUE,0.95,SDFA_NAP_model,0,32,TRUE,128,10,22,FALSE,TRUE,0.730203247,0.922904935,0.785169723,0.730203247,11.47490015
42,FALSE,0.95,SDFA_NAP_model,0,32,TRUE,128,10,22,FALSE,TRUE,0.737330078,0.918610338,0.787586253,0.737330078,11.608455
42,TRUE,0.95,SDFA_NAP_model,0.2,32,TRUE,32,10,22,FALSE,TRUE,0.819783555,0.927706766,0.859743087,0.819783555,18.28152448
42,TRUE,0.95,SDFA_NAP_model,0.2,32,TRUE,64,10,22,FALSE,TRUE,0.742213277,0.921953158,0.79356989,0.742213277,13.74298673
42,TRUE,0.95,SDFA_NAP_model,0.2,32,TRUE,128,10,22,FALSE,TRUE,0.745875676,0.931929979,0.802968427,0.745875676,11.45676903
42,FALSE,0.95,SDFA_NAP_model,0.2,32,TRUE,128,10,22,FALSE,TRUE,0.752474594,0.921055178,0.802592264,0.752474594,11.61563132
42,TRUE,0.95,SDFA_NAP_model,0.5,32,TRUE,32,10,22,FALSE,TRUE,0.828263165,0.928307087,0.870163176,0.828263165,18.18982914
42,TRUE,0.95,SDFA_NAP_model,0.5,32,TRUE,64,10,22,FALSE,TRUE,0.745677709,0.90875011,0.791785091,0.745677709,13.70842775
42,TRUE,0.95,SDFA_NAP_model,0.5,32,TRUE,128,10,22,FALSE,TRUE,0.74561172,0.831818724,0.776342206,0.74561172,11.4588579
42,FALSE,0.95,SDFA_NAP_model,0.5,32,TRUE,128,10,22,FALSE,TRUE,0.746370595,0.907816577,0.792202092,0.746370595,11.54779798
42,TRUE,0.95,SDFA_NAP_model,0,64,TRUE,32,10,22,FALSE,TRUE,0.819717566,0.91814734,0.860607997,0.819717566,18.24597143
42,TRUE,0.95,SDFA_NAP_model,0,64,TRUE,64,10,22,FALSE,TRUE,0.753398443,0.932737937,0.818560506,0.753398443,13.71137206
42,TRUE,0.95,SDFA_NAP_model,0,64,TRUE,128,10,22,FALSE,TRUE,0.757918701,0.927596473,0.81496226,0.757918701,11.44506666
42,FALSE,0.95,SDFA_NAP_model,0,64,TRUE,128,10,22,FALSE,TRUE,0.754553253,0.927744242,0.812103724,0.754553253,11.58280409
42,TRUE,0.95,SDFA_NAP_model,0.2,64,TRUE,32,10,22,FALSE,TRUE,0.831001716,0.925003265,0.870725643,0.831001716,18.2038039
42,TRUE,0.95,SDFA_NAP_model,0.2,64,TRUE,64,10,22,FALSE,TRUE,0.75524614,0.924211566,0.811771273,0.75524614,13.7399841
42,TRUE,0.95,SDFA_NAP_model,0.2,64,TRUE,128,10,22,FALSE,TRUE,0.678335753,0.843948669,0.734444717,0.678335753,11.48815717
42,FALSE,0.95,SDFA_NAP_model,0.2,64,TRUE,128,10,22,FALSE,TRUE,0.680282434,0.840046169,0.729011203,0.680282434,11.5759491
42,TRUE,0.95,SDFA_NAP_model,0.5,64,TRUE,32,10,22,FALSE,TRUE,0.753761383,0.928695105,0.816945111,0.753761383,18.23679271
42,TRUE,0.95,SDFA_NAP_model,0.5,64,TRUE,64,10,22,FALSE,TRUE,0.682922001,0.839742442,0.731262186,0.682922001,13.7481302
42,TRUE,0.95,SDFA_NAP_model,0.5,64,TRUE,128,10,22,FALSE,TRUE,0.673518543,0.841794169,0.729818118,0.673518543,11.46040447
42,FALSE,0.95,SDFA_NAP_model,0.5,64,TRUE,128,10,22,FALSE,TRUE,0.672957635,0.840454312,0.729094839,0.672957635,11.57768681
42,FALSE,0.95,NAP_model,0,16,FALSE,128,10,22,TRUE,FALSE,0.57060842,0.878780406,0.653126829,0.57060842,32.40717186
42,FALSE,0.95,NAP_model,0,32,FALSE,128,10,22,TRUE,FALSE,0.679622542,0.835195543,0.735862853,0.679622542,32.36877208
42,FALSE,0.95,NAP_model,0,64,FALSE,128,10,22,TRUE,FALSE,0.694041177,0.914403955,0.760489022,0.694041177,32.36540158
4,TRUE,0.95,SDFA_NAP_model,0,16,TRUE,32,10,22,FALSE,TRUE,0.733601689,0.903901934,0.792677237,0.733601689,18.1681594
4,TRUE,0.95,SDFA_NAP_model,0,16,TRUE,64,10,22,FALSE,TRUE,0.649069553,0.914505924,0.733795099,0.649069553,13.67658979
4,TRUE,0.95,SDFA_NAP_model,0,16,TRUE,128,10,22,FALSE,TRUE,0.650224363,0.921953833,0.736179055,0.650224363,11.41017654
4,FALSE,0.95,SDFA_NAP_model,0,16,TRUE,128,10,22,FALSE,TRUE,0.649960406,0.920223342,0.735810629,0.649960406,11.55842405
4,TRUE,0.95,SDFA_NAP_model,0.2,16,TRUE,32,10,22,FALSE,TRUE,0.725386037,0.918048679,0.797229321,0.725386037,18.1448247
4,TRUE,0.95,SDFA_NAP_model,0.2,16,TRUE,64,10,22,FALSE,TRUE,0.648244688,0.920073674,0.737521992,0.648244688,13.69680216
4,TRUE,0.95,SDFA_NAP_model,0.2,16,TRUE,128,10,22,FALSE,TRUE,0.645935067,0.921938336,0.73793981,0.645935067,11.41988454
4,FALSE,0.95,SDFA_NAP_model,0.2,16,TRUE,128,10,22,FALSE,TRUE,0.647089877,0.920885935,0.737703402,0.647089877,11.58313969
4,TRUE,0.95,SDFA_NAP_model,0.5,16,TRUE,32,10,22,FALSE,TRUE,0.719381022,0.910906062,0.79071289,0.719381022,18.23181211
4,TRUE,0.95,SDFA_NAP_model,0.5,16,TRUE,64,10,22,FALSE,TRUE,0.649366504,0.919869032,0.738240538,0.649366504,13.74120504
4,TRUE,0.95,SDFA_NAP_model,0.5,16,TRUE,128,10,22,FALSE,TRUE,0.648409661,0.917306569,0.736986472,0.648409661,11.44294873
4,FALSE,0.95,SDFA_NAP_model,0.5,16,TRUE,128,10,22,FALSE,TRUE,0.647485812,0.916134234,0.736001139,0.647485812,11.57920441
4,TRUE,0.95,SDFA_NAP_model,0,32,TRUE,32,10,22,FALSE,TRUE,0.748284281,0.916550173,0.801923949,0.748284281,18.26319164
4,TRUE,0.95,SDFA_NAP_model,0,32,TRUE,64,10,22,FALSE,TRUE,0.674409397,0.928971816,0.749008948,0.674409397,13.71879916
4,TRUE,0.95,SDFA_NAP_model,0,32,TRUE,128,10,22,FALSE,TRUE,0.672495711,0.938934813,0.754768207,0.672495711,11.46808529
4,FALSE,0.95,SDFA_NAP_model,0,32,TRUE,128,10,22,FALSE,TRUE,0.679688531,0.934690605,0.75372438,0.679688531,11.59348407
4,TRUE,0.95,SDFA_NAP_model,0.2,32,TRUE,32,10,22,FALSE,TRUE,0.73634024,0.926869342,0.795424723,0.73634024,18.28544523
4,TRUE,0.95,SDFA_NAP_model,0.2,32,TRUE,64,10,22,FALSE,TRUE,0.737956975,0.924181314,0.796341109,0.737956975,13.77124986
4,TRUE,0.95,SDFA_NAP_model,0.2,32,TRUE,128,10,22,FALSE,TRUE,0.672726673,0.936872612,0.754392648,0.672726673,11.4731158
4,FALSE,0.95,SDFA_NAP_model,0.2,32,TRUE,128,10,22,FALSE,TRUE,0.672627689,0.938349942,0.755561348,0.672627689,11.62837184
4,TRUE,0.95,SDFA_NAP_model,0.5,32,TRUE,32,10,22,FALSE,TRUE,0.733799657,0.918494433,0.794490683,0.733799657,18.28313876
4,TRUE,0.95,SDFA_NAP_model,0.5,32,TRUE,64,10,22,FALSE,TRUE,0.732974792,0.917506341,0.790987154,0.732974792,13.71202952
4,TRUE,0.95,SDFA_NAP_model,0.5,32,TRUE,128,10,22,FALSE,TRUE,0.742477234,0.920182568,0.798401827,0.742477234,11.47461258
4,FALSE,0.95,SDFA_NAP_model,0.5,32,TRUE,128,10,22,FALSE,TRUE,0.672000792,0.928592776,0.75092308,0.672000792,11.5771649
4,TRUE,0.95,SDFA_NAP_model,0,64,TRUE,32,10,22,FALSE,TRUE,0.754322291,0.924777106,0.81870677,0.754322291,18.28268426
4,TRUE,0.95,SDFA_NAP_model,0,64,TRUE,64,10,22,FALSE,TRUE,0.671835819,0.926623568,0.753327049,0.671835819,13.74351149
4,TRUE,0.95,SDFA_NAP_model,0,64,TRUE,128,10,22,FALSE,TRUE,0.677081959,0.937982274,0.757332387,0.677081959,11.47526264
4,FALSE,0.95,SDFA_NAP_model,0,64,TRUE,128,10,22,FALSE,TRUE,0.677939818,0.939091421,0.758558728,0.677939818,11.6539486
4,TRUE,0.95,SDFA_NAP_model,0.2,64,TRUE,32,10,22,FALSE,TRUE,0.75481721,0.932665139,0.819889968,0.75481721,18.27486627
4,TRUE,0.95,SDFA_NAP_model,0.2,64,TRUE,64,10,22,FALSE,TRUE,0.6725617,0.91670123,0.749507936,0.6725617,13.72295523
4,TRUE,0.95,SDFA_NAP_model,0.2,64,TRUE,128,10,22,FALSE,TRUE,0.677114953,0.934198494,0.755637051,0.677114953,11.47107441
4,FALSE,0.95,SDFA_NAP_model,0.2,64,TRUE,128,10,22,FALSE,TRUE,0.677774845,0.932428236,0.755791973,0.677774845,11.57325162
4,TRUE,0.95,SDFA_NAP_model,0.5,64,TRUE,32,10,22,FALSE,TRUE,0.680051472,0.907155027,0.749113767,0.680051472,18.20182016
4,TRUE,0.95,SDFA_NAP_model,0.5,64,TRUE,64,10,22,FALSE,TRUE,0.677081959,0.929121067,0.754035307,0.677081959,13.71930554
4,TRUE,0.95,SDFA_NAP_model,0.5,64,TRUE,128,10,22,FALSE,TRUE,0.67658704,0.930988374,0.754901041,0.67658704,11.47615332
4,FALSE,0.95,SDFA_NAP_model,0.5,64,TRUE,128,10,22,FALSE,TRUE,0.597037086,0.896654706,0.681125832,0.597037086,11.61933478
4,FALSE,0.95,NAP_model,0,16,FALSE,128,10,22,TRUE,FALSE,0.615349083,0.875671639,0.694244936,0.615349083,32.45525451
4,FALSE,0.95,NAP_model,0,32,FALSE,128,10,22,TRUE,FALSE,0.689190973,0.903405402,0.753449573,0.689190973,32.48495981
4,FALSE,0.95,NAP_model,0,64,FALSE,128,10,22,TRUE,FALSE,0.679721526,0.81990978,0.729380374,0.679721526,32.44356428
108,TRUE,0.95,SDFA_NAP_model,0,16,TRUE,32,10,22,FALSE,TRUE,0.711363336,0.906141962,0.772051375,0.711363336,18.25859602
108,TRUE,0.95,SDFA_NAP_model,0,16,TRUE,64,10,22,FALSE,TRUE,0.722548502,0.905233627,0.786279062,0.722548502,13.70821932
108,TRUE,0.95,SDFA_NAP_model,0,16,TRUE,128,10,22,FALSE,TRUE,0.661640491,0.921416567,0.74075746,0.661640491,11.44723501
108,FALSE,0.95,SDFA_NAP_model,0,16,TRUE,128,10,22,FALSE,TRUE,0.668338393,0.917257969,0.740259938,0.668338393,11.56748182
108,TRUE,0.95,SDFA_NAP_model,0.2,16,TRUE,32,10,22,FALSE,TRUE,0.742576218,0.83437163,0.776852284,0.742576218,18.25101983
108,TRUE,0.95,SDFA_NAP_model,0.2,16,TRUE,64,10,22,FALSE,TRUE,0.742345255,0.835559801,0.776111041,0.742345255,13.72705119
108,TRUE,0.95,SDFA_NAP_model,0.2,16,TRUE,128,10,22,FALSE,TRUE,0.67335357,0.917629582,0.747137249,0.67335357,11.44391806
108,FALSE,0.95,SDFA_NAP_model,0.2,16,TRUE,128,10,22,FALSE,TRUE,0.673551538,0.919065575,0.747057762,0.673551538,11.59165526
108,TRUE,0.95,SDFA_NAP_model,0.5,16,TRUE,32,10,22,FALSE,TRUE,0.668437376,0.906649442,0.735788101,0.668437376,18.21163409
108,TRUE,0.95,SDFA_NAP_model,0.5,16,TRUE,64,10,22,FALSE,TRUE,0.67371651,0.918044095,0.746150563,0.67371651,13.67523789
108,TRUE,0.95,SDFA_NAP_model,0.5,16,TRUE,128,10,22,FALSE,TRUE,0.674739343,0.925363173,0.749017216,0.674739343,11.42992771
108,FALSE,0.95,SDFA_NAP_model,0.5,16,TRUE,128,10,22,FALSE,TRUE,0.674079451,0.92289091,0.748067305,0.674079451,11.5956813
108,TRUE,0.95,SDFA_NAP_model,0,32,TRUE,32,10,22,FALSE,TRUE,0.823907879,0.928860393,0.867354345,0.823907879,18.27794576
108,TRUE,0.95,SDFA_NAP_model,0,32,TRUE,64,10,22,FALSE,TRUE,0.821928204,0.928364499,0.865355603,0.821928204,13.74882365
108,TRUE,0.95,SDFA_NAP_model,0,32,TRUE,128,10,22,FALSE,TRUE,0.740728521,0.930525018,0.800525967,0.740728521,11.48129783
108,FALSE,0.95,SDFA_NAP_model,0,32,TRUE,128,10,22,FALSE,TRUE,0.740926488,0.92920273,0.800802835,0.740926488,11.59124484
108,TRUE,0.95,SDFA_NAP_model,0.2,32,TRUE,32,10,22,FALSE,TRUE,0.824864722,0.926895547,0.866452973,0.824864722,18.25826698
108,TRUE,0.95,SDFA_NAP_model,0.2,32,TRUE,64,10,22,FALSE,TRUE,0.751682724,0.921327806,0.802802673,0.751682724,13.7465616
108,TRUE,0.95,SDFA_NAP_model,0.2,32,TRUE,128,10,22,FALSE,TRUE,0.744984822,0.931365192,0.804418167,0.744984822,11.46053102
108,FALSE,0.95,SDFA_NAP_model,0.2,32,TRUE,128,10,22,FALSE,TRUE,0.739738683,0.928346795,0.799421756,0.739738683,11.60333255
108,TRUE,0.95,SDFA_NAP_model,0.5,32,TRUE,32,10,22,FALSE,TRUE,0.825392636,0.928989214,0.867800121,0.825392636,18.21635702
108,TRUE,0.95,SDFA_NAP_model,0.5,32,TRUE,64,10,22,FALSE,TRUE,0.743632044,0.913699754,0.794348788,0.743632044,13.70252122
108,TRUE,0.95,SDFA_NAP_model,0.5,32,TRUE,128,10,22,FALSE,TRUE,0.743665039,0.916996295,0.795682151,0.743665039,11.43528434
108,FALSE,0.95,SDFA_NAP_model,0.5,32,TRUE,128,10,22,FALSE,TRUE,0.735449386,0.919654871,0.793051158,0.735449386,11.566982
108,TRUE,0.95,SDFA_NAP_model,0,64,TRUE,32,10,22,FALSE,TRUE,0.82146628,0.921810225,0.863316313,0.82146628,18.27096817
108,TRUE,0.95,SDFA_NAP_model,0,64,TRUE,64,10,22,FALSE,TRUE,0.74280718,0.9117002,0.795484637,0.74280718,13.75432638
108,TRUE,0.95,SDFA_NAP_model,0,64,TRUE,128,10,22,FALSE,TRUE,0.739309753,0.917707303,0.797080231,0.739309753,11.46326356
108,FALSE,0.95,SDFA_NAP_model,0,64,TRUE,128,10,22,FALSE,TRUE,0.736142273,0.922777083,0.794902773,0.736142273,11.62808259
108,TRUE,0.95,SDFA_NAP_model,0.2,64,TRUE,32,10,22,FALSE,TRUE,0.823676917,0.922697353,0.864781926,0.823676917,18.28539363
108,TRUE,0.95,SDFA_NAP_model,0.2,64,TRUE,64,10,22,FALSE,TRUE,0.745017817,0.910838943,0.796278597,0.745017817,13.75227467
108,TRUE,0.95,SDFA_NAP_model,0.2,64,TRUE,128,10,22,FALSE,TRUE,0.732446879,0.917360913,0.793343713,0.732446879,11.46488116
108,FALSE,0.95,SDFA_NAP_model,0.2,64,TRUE,128,10,22,FALSE,TRUE,0.733469711,0.917444792,0.793263749,0.733469711,11.59353042
108,TRUE,0.95,SDFA_NAP_model,0.5,64,TRUE,32,10,22,FALSE,TRUE,0.81499934,0.9163618,0.856683014,0.81499934,18.21555902
108,TRUE,0.95,SDFA_NAP_model,0.5,64,TRUE,64,10,22,FALSE,TRUE,0.734822489,0.895449469,0.783116856,0.734822489,13.76941925
108,TRUE,0.95,SDFA_NAP_model,0.5,64,TRUE,128,10,22,FALSE,TRUE,0.731226079,0.912653882,0.786818402,0.731226079,11.4327056
108,FALSE,0.95,SDFA_NAP_model,0.5,64,TRUE,128,10,22,FALSE,TRUE,0.732908803,0.910563174,0.788743498,0.732908803,11.61599549
108,FALSE,0.95,NAP_model,0,16,FALSE,128,10,22,TRUE,FALSE,0.513560776,0.715180213,0.582227753,0.513560776,32.44735544
108,FALSE,0.95,NAP_model,0,32,FALSE,128,10,22,TRUE,FALSE,0.675498218,0.894189995,0.742823603,0.675498218,32.51939643
108,FALSE,0.95,NAP_model,0,64,FALSE,128,10,22,TRUE,FALSE,0.699947209,0.907297989,0.773290756,0.699947209,32.65117441
16,TRUE,0.95,SDFA_NAP_model,0,16,TRUE,32,10,22,FALSE,TRUE,0.706513132,0.914116418,0.782353265,0.706513132,18.30853066
16,TRUE,0.95,SDFA_NAP_model,0,16,TRUE,64,10,22,FALSE,TRUE,0.744159958,0.921806319,0.809388067,0.744159958,13.74102927
16,TRUE,0.95,SDFA_NAP_model,0,16,TRUE,128,10,22,FALSE,TRUE,0.700475122,0.899545065,0.752560002,0.700475122,11.4416941
16,FALSE,0.95,SDFA_NAP_model,0,16,TRUE,128,10,22,FALSE,TRUE,0.707535964,0.896812849,0.753813886,0.707535964,11.56977318
16,TRUE,0.95,SDFA_NAP_model,0.2,16,TRUE,32,10,22,FALSE,TRUE,0.750032995,0.927173151,0.814781095,0.750032995,18.18638884
16,TRUE,0.95,SDFA_NAP_model,0.2,16,TRUE,64,10,22,FALSE,TRUE,0.744654877,0.921680159,0.807452621,0.744654877,13.76804752
16,TRUE,0.95,SDFA_NAP_model,0.2,16,TRUE,128,10,22,FALSE,TRUE,0.665929788,0.843150815,0.728609218,0.665929788,11.45211576
16,FALSE,0.95,SDFA_NAP_model,0.2,16,TRUE,128,10,22,FALSE,TRUE,0.665764815,0.828058001,0.719043496,0.665764815,11.60562052
16,TRUE,0.95,SDFA_NAP_model,0.5,16,TRUE,32,10,22,FALSE,TRUE,0.743928996,0.924205565,0.808756091,0.743928996,18.26124996
16,TRUE,0.95,SDFA_NAP_model,0.5,16,TRUE,64,10,22,FALSE,TRUE,0.739705688,0.915686194,0.802604793,0.739705688,13.70492492
16,TRUE,0.95,SDFA_NAP_model,0.5,16,TRUE,128,10,22,FALSE,TRUE,0.66530289,0.838982553,0.727580449,0.66530289,11.45003254
16,FALSE,0.95,SDFA_NAP_model,0.5,16,TRUE,128,10,22,FALSE,TRUE,0.663422199,0.839752677,0.724888238,0.663422199,11.57334425
16,TRUE,0.95,SDFA_NAP_model,0,32,TRUE,32,10,22,FALSE,TRUE,0.748350271,0.917328156,0.80613051,0.748350271,18.30367249
16,TRUE,0.95,SDFA_NAP_model,0,32,TRUE,64,10,22,FALSE,TRUE,0.667282566,0.925844333,0.739469684,0.667282566,13.75639411
16,TRUE,0.95,SDFA_NAP_model,0,32,TRUE,128,10,22,FALSE,TRUE,0.663785139,0.924713619,0.736088604,0.663785139,11.46379738
16,FALSE,0.95,SDFA_NAP_model,0,32,TRUE,128,10,22,FALSE,TRUE,0.668899301,0.925001145,0.740950914,0.668899301,11.57681371
16,TRUE,0.95,SDFA_NAP_model,0.2,32,TRUE,32,10,22,FALSE,TRUE,0.681866174,0.922957245,0.748608204,0.681866174,18.24473835
16,TRUE,0.95,SDFA_NAP_model,0.2,32,TRUE,64,10,22,FALSE,TRUE,0.645374159,0.922497608,0.724693671,0.645374159,13.73113024
16,TRUE,0.95,SDFA_NAP_model,0.2,32,TRUE,128,10,22,FALSE,TRUE,0.671175927,0.928484506,0.744412412,0.671175927,11.46077572
16,FALSE,0.95,SDFA_NAP_model,0.2,32,TRUE,128,10,22,FALSE,TRUE,0.664610004,0.923227671,0.735613191,0.664610004,11.60350808
16,TRUE,0.95,SDFA_NAP_model,0.5,32,TRUE,32,10,22,FALSE,TRUE,0.669031279,0.915541924,0.739989124,0.669031279,18.23348338
16,TRUE,0.95,SDFA_NAP_model,0.5,32,TRUE,64,10,22,FALSE,TRUE,0.657747129,0.915488505,0.726454901,0.657747129,13.76873089
16,TRUE,0.95,SDFA_NAP_model,0.5,32,TRUE,128,10,22,FALSE,TRUE,0.669163257,0.934472859,0.750373321,0.669163257,11.49418142
16,FALSE,0.95,SDFA_NAP_model,0.5,32,TRUE,128,10,22,FALSE,TRUE,0.660815626,0.929258477,0.739785704,0.660815626,11.61231634
16,TRUE,0.95,SDFA_NAP_model,0,64,TRUE,32,10,22,FALSE,TRUE,0.740134618,0.923673873,0.807022072,0.740134618,18.35119789
16,TRUE,0.95,SDFA_NAP_model,0,64,TRUE,64,10,22,FALSE,TRUE,0.664412036,0.937085559,0.7487951,0.664412036,13.77114676
16,TRUE,0.95,SDFA_NAP_model,0,64,TRUE,128,10,22,FALSE,TRUE,0.663752145,0.936499507,0.748516768,0.663752145,11.48253202
16,FALSE,0.95,SDFA_NAP_model,0,64,TRUE,128,10,22,FALSE,TRUE,0.667216576,0.937951239,0.751049359,0.667216576,11.63129236
16,TRUE,0.95,SDFA_NAP_model,0.2,64,TRUE,32,10,22,FALSE,TRUE,0.67774185,0.922859888,0.747581696,0.67774185,18.27681558
16,TRUE,0.95,SDFA_NAP_model,0.2,64,TRUE,64,10,22,FALSE,TRUE,0.666490696,0.934475175,0.750839611,0.666490696,13.77142929
16,TRUE,0.95,SDFA_NAP_model,0.2,64,TRUE,128,10,22,FALSE,TRUE,0.667249571,0.937227085,0.751053509,0.667249571,11.47607214
16,FALSE,0.95,SDFA_NAP_model,0.2,64,TRUE,128,10,22,FALSE,TRUE,0.666292728,0.936759594,0.749593869,0.666292728,11.64777255
16,TRUE,0.95,SDFA_NAP_model,0.5,64,TRUE,32,10,22,FALSE,TRUE,0.670318068,0.911435427,0.743963556,0.670318068,18.22472837
16,TRUE,0.95,SDFA_NAP_model,0.5,64,TRUE,64,10,22,FALSE,TRUE,0.674244424,0.933026787,0.754197805,0.674244424,13.73874128
16,TRUE,0.95,SDFA_NAP_model,0.5,64,TRUE,128,10,22,FALSE,TRUE,0.662762307,0.916447623,0.737966535,0.662762307,11.45565217
16,FALSE,0.95,SDFA_NAP_model,0.5,64,TRUE,128,10,22,FALSE,TRUE,0.66530289,0.924389169,0.743590772,0.66530289,11.58675529
16,FALSE,0.95,NAP_model,0,16,FALSE,128,10,22,TRUE,FALSE,0.490761515,0.756469676,0.57475597,0.490761515,32.5400202
16,FALSE,0.95,NAP_model,0,32,FALSE,128,10,22,TRUE,FALSE,0.648970569,0.882282509,0.724223757,0.648970569,32.5536051
16,FALSE,0.95,NAP_model,0,64,FALSE,128,10,22,TRUE,FALSE,0.621486076,0.827566987,0.689743972,0.621486076,32.52731457
1089,TRUE,0.95,SDFA_NAP_model,0,16,TRUE,32,10,22,FALSE,TRUE,0.726276891,0.913294053,0.792504081,0.726276891,18.23682299
1089,TRUE,0.95,SDFA_NAP_model,0,16,TRUE,64,10,22,FALSE,TRUE,0.743830012,0.923589276,0.808454423,0.743830012,13.72268576
1089,TRUE,0.95,SDFA_NAP_model,0,16,TRUE,128,10,22,FALSE,TRUE,0.662729312,0.857742802,0.730905411,0.662729312,11.46195335
1089,FALSE,0.95,SDFA_NAP_model,0,16,TRUE,128,10,22,FALSE,TRUE,0.666622674,0.852373039,0.728426082,0.666622674,11.61140595
1089,TRUE,0.95,SDFA_NAP_model,0.2,16,TRUE,32,10,22,FALSE,TRUE,0.761845057,0.926320375,0.818801065,0.761845057,18.2229977
1089,TRUE,0.95,SDFA_NAP_model,0.2,16,TRUE,64,10,22,FALSE,TRUE,0.752078659,0.931046302,0.816340672,0.752078659,13.68218495
1089,TRUE,0.95,SDFA_NAP_model,0.2,16,TRUE,128,10,22,FALSE,TRUE,0.676818002,0.850039479,0.738896583,0.676818002,11.42918943
1089,FALSE,0.95,SDFA_NAP_model,0.2,16,TRUE,128,10,22,FALSE,TRUE,0.672726673,0.858973054,0.739392866,0.672726673,11.60343696
1089,TRUE,0.95,SDFA_NAP_model,0.5,16,TRUE,32,10,22,FALSE,TRUE,0.754751221,0.932182351,0.820276777,0.754751221,18.14439992
1089,TRUE,0.95,SDFA_NAP_model,0.5,16,TRUE,64,10,22,FALSE,TRUE,0.687178303,0.845955486,0.737875665,0.687178303,13.6985853
1089,TRUE,0.95,SDFA_NAP_model,0.5,16,TRUE,128,10,22,FALSE,TRUE,0.675960143,0.859705974,0.74175732,0.675960143,11.43079156
1089,FALSE,0.95,SDFA_NAP_model,0.5,16,TRUE,128,10,22,FALSE,TRUE,0.675102283,0.85931845,0.740831207,0.675102283,11.59136437
1089,TRUE,0.95,SDFA_NAP_model,0,32,TRUE,32,10,22,FALSE,TRUE,0.809192292,0.916854564,0.852201829,0.809192292,18.29598067
1089,TRUE,0.95,SDFA_NAP_model,0,32,TRUE,64,10,22,FALSE,TRUE,0.736472219,0.911291343,0.791721688,0.736472219,13.74221184
1089,TRUE,0.95,SDFA_NAP_model,0,32,TRUE,128,10,22,FALSE,TRUE,0.660056751,0.912761871,0.734032407,0.660056751,11.44215928
1089,FALSE,0.95,SDFA_NAP_model,0,32,TRUE,128,10,22,FALSE,TRUE,0.657153227,0.911210757,0.730050186,0.657153227,11.59548369
1089,TRUE,0.95,SDFA_NAP_model,0.2,32,TRUE,32,10,22,FALSE,TRUE,0.822489112,0.920941644,0.863516904,0.822489112,18.17705832
1089,TRUE,0.95,SDFA_NAP_model,0.2,32,TRUE,64,10,22,FALSE,TRUE,0.821268312,0.921168184,0.862113126,0.821268312,13.70137334
1089,TRUE,0.95,SDFA_NAP_model,0.2,32,TRUE,128,10,22,FALSE,TRUE,0.729708328,0.907617244,0.788085675,0.729708328,11.45606339
1089,FALSE,0.95,SDFA_NAP_model,0.2,32,TRUE,128,10,22,FALSE,TRUE,0.73317276,0.839828735,0.774947109,0.73317276,11.59111773
1089,TRUE,0.95,SDFA_NAP_model,0.5,32,TRUE,32,10,22,FALSE,TRUE,0.748878184,0.914320397,0.798478117,0.748878184,18.26004885
1089,TRUE,0.95,SDFA_NAP_model,0.5,32,TRUE,64,10,22,FALSE,TRUE,0.743467071,0.910263573,0.795514169,0.743467071,13.70143767
1089,TRUE,0.95,SDFA_NAP_model,0.5,32,TRUE,128,10,22,FALSE,TRUE,0.741355418,0.9184747,0.797738075,0.741355418,11.42766541
1089,FALSE,0.95,SDFA_NAP_model,0.5,32,TRUE,128,10,22,FALSE,TRUE,0.734459549,0.908299555,0.791823014,0.734459549,11.56827088
1089,TRUE,0.95,SDFA_NAP_model,0,64,TRUE,32,10,22,FALSE,TRUE,0.749010162,0.926718286,0.811818126,0.749010162,18.310991
1089,TRUE,0.95,SDFA_NAP_model,0,64,TRUE,64,10,22,FALSE,TRUE,0.695987858,0.916677261,0.761991503,0.695987858,13.73758436
1089,TRUE,0.95,SDFA_NAP_model,0,64,TRUE,128,10,22,FALSE,TRUE,0.618549558,0.916213159,0.697150941,0.618549558,11.47891901
1089,FALSE,0.95,SDFA_NAP_model,0,64,TRUE,128,10,22,FALSE,TRUE,0.617724693,0.913111039,0.695429402,0.617724693,11.63036447
1089,TRUE,0.95,SDFA_NAP_model,0.2,64,TRUE,32,10,22,FALSE,TRUE,0.749769038,0.92709423,0.811569518,0.749769038,18.24400443
1089,TRUE,0.95,SDFA_NAP_model,0.2,64,TRUE,64,10,22,FALSE,TRUE,0.680480401,0.912943757,0.744518491,0.680480401,13.76639939
1089,TRUE,0.95,SDFA_NAP_model,0.2,64,TRUE,128,10,22,FALSE,TRUE,0.668668338,0.922731293,0.740783919,0.668668338,11.4779656
1089,FALSE,0.95,SDFA_NAP_model,0.2,64,TRUE,128,10,22,FALSE,TRUE,0.667876468,0.921980616,0.73966229,0.667876468,11.6114507
1089,TRUE,0.95,SDFA_NAP_model,0.5,64,TRUE,32,10,22,FALSE,TRUE,0.755939026,0.922723264,0.810289472,0.755939026,18.3216923
1089,TRUE,0.95,SDFA_NAP_model,0.5,64,TRUE,64,10,22,FALSE,TRUE,0.675960143,0.914583164,0.740432747,0.675960143,13.74964184
1089,TRUE,0.95,SDFA_NAP_model,0.5,64,TRUE,128,10,22,FALSE,TRUE,0.671109938,0.837513072,0.723808872,0.671109938,11.45773314
1089,FALSE,0.95,SDFA_NAP_model,0.5,64,TRUE,128,10,22,FALSE,TRUE,0.665533852,0.918725099,0.736939977,0.665533852,11.60758514
1089,FALSE,0.95,NAP_model,0,16,FALSE,128,10,22,TRUE,FALSE,0.476903788,0.825176387,0.570079931,0.476903788,32.60914579
1089,FALSE,0.95,NAP_model,0,32,FALSE,128,10,22,TRUE,FALSE,0.608486208,0.817883647,0.667075713,0.608486208,32.48878113
1089,FALSE,0.95,NAP_model,0,64,FALSE,128,10,22,TRUE,FALSE,0.62481853,0.898958105,0.706806945,0.62481853,32.44537913