seed,local,quantile,model,lambda,d_model,er_loss,batch_size,no_epochs,max_len,rank_loss,sdfa_ce,recall,precision,f1,accuracy,time
56,FALSE,0.95,NAP_model,0,16,FALSE,32,10,40,FALSE,FALSE,0.78551905,0.893285047,0.817115325,0.78551905,133.9999
56,FALSE,0.95,NAP_model,0,32,FALSE,32,10,40,FALSE,FALSE,0.7708827,0.893505091,0.805724208,0.7708827,133.527703
56,FALSE,0.95,NAP_model,0,64,FALSE,32,10,40,FALSE,FALSE,0.739405729,0.873861294,0.758942034,0.739405729,133.469982
56,FALSE,0.95,SDFA_NAP_model,0.1,16,TRUE,32,10,40,FALSE,FALSE,0.841083178,0.904796462,0.851293793,0.841083178,136.7264161
56,FALSE,0.95,SDFA_NAP_model,0.2,16,TRUE,32,10,40,FALSE,FALSE,0.687076367,0.842937435,0.70130943,0.687076367,136.7144856
56,FALSE,0.95,SDFA_NAP_model,0.5,16,TRUE,32,10,40,FALSE,FALSE,0.750195629,0.834413534,0.759534168,0.750195629,135.1173496
56,FALSE,0.95,SDFA_NAP_model,0.1,32,TRUE,32,10,40,FALSE,FALSE,0.837495729,0.874754043,0.837668182,0.837495729,135.2225917
56,FALSE,0.95,SDFA_NAP_model,0.2,32,TRUE,32,10,40,FALSE,FALSE,0.765333451,0.889034163,0.7937575,0.765333451,135.3468536
56,FALSE,0.95,SDFA_NAP_model,0.5,32,TRUE,32,10,40,FALSE,FALSE,0.767394443,0.879614083,0.787001531,0.767394443,135.332449
56,FALSE,0.95,SDFA_NAP_model,0.1,64,TRUE,32,10,40,FALSE,FALSE,0.823388403,0.897784826,0.834018925,0.823388403,135.0166609
56,FALSE,0.95,SDFA_NAP_model,0.2,64,TRUE,32,10,40,FALSE,FALSE,0.804497812,0.898530343,0.818492331,0.804497812,134.7339127
56,FALSE,0.95,SDFA_NAP_model,0.5,64,TRUE,32,10,40,FALSE,FALSE,0.81183803,0.899075304,0.826986275,0.81183803,134.8454068
56,TRUE,0.95,SDFA_NAP_model,0.1,16,TRUE,16,10,40,FALSE,FALSE,0.790329869,0.848242243,0.807921516,0.790329869,134.3267636
56,TRUE,0.95,SDFA_NAP_model,0.2,16,TRUE,16,10,40,FALSE,FALSE,0.757662592,0.869676577,0.767930438,0.757662592,134.2809214
56,TRUE,0.95,SDFA_NAP_model,0.5,16,TRUE,16,10,40,FALSE,FALSE,0.713318197,0.853724585,0.760516087,0.713318197,134.3557405
56,TRUE,0.95,SDFA_NAP_model,0.1,32,TRUE,16,10,40,FALSE,FALSE,0.79630895,0.881409198,0.814028373,0.79630895,134.5317153
56,TRUE,0.95,SDFA_NAP_model,0.2,32,TRUE,16,10,40,FALSE,FALSE,0.677658625,0.833295821,0.677716082,0.677658625,134.6242905
56,TRUE,0.95,SDFA_NAP_model,0.5,32,TRUE,16,10,40,FALSE,FALSE,0.775875371,0.829965773,0.777349471,0.775875371,134.2780554
56,TRUE,0.95,SDFA_NAP_model,0.1,64,TRUE,16,10,40,FALSE,FALSE,0.779837545,0.891003,0.801348311,0.779837545,134.6223195
56,TRUE,0.95,SDFA_NAP_model,0.2,64,TRUE,16,10,40,FALSE,FALSE,0.807484598,0.880938582,0.824092828,0.807484598,134.7145765
56,TRUE,0.95,SDFA_NAP_model,0.5,64,TRUE,16,10,40,FALSE,FALSE,0.823388403,0.897700489,0.833705501,0.823388403,134.5204233
56,TRUE,0.95,SDFA_NAP_model,0.1,16,TRUE,32,10,40,FALSE,FALSE,0.803461806,0.886168839,0.829178777,0.803461806,134.1346186
56,TRUE,0.95,SDFA_NAP_model,0.2,16,TRUE,32,10,40,FALSE,FALSE,0.780983766,0.896734852,0.798356537,0.780983766,134.3466169
56,TRUE,0.95,SDFA_NAP_model,0.5,16,TRUE,32,10,40,FALSE,FALSE,0.776894845,0.875499355,0.799645012,0.776894845,134.4267248
56,TRUE,0.95,SDFA_NAP_model,0.1,32,TRUE,32,10,40,FALSE,FALSE,0.805269307,0.878575611,0.806111222,0.805269307,134.6559316
56,TRUE,0.95,SDFA_NAP_model,0.2,32,TRUE,32,10,40,FALSE,FALSE,0.82532265,0.897848338,0.836800058,0.82532265,134.4443599
56,TRUE,0.95,SDFA_NAP_model,0.5,32,TRUE,32,10,40,FALSE,FALSE,0.815276691,0.891561966,0.832482305,0.815276691,134.5777344
56,TRUE,0.95,SDFA_NAP_model,0.1,64,TRUE,32,10,40,FALSE,FALSE,0.782466137,0.880122482,0.793246087,0.782466137,134.9559879
56,TRUE,0.95,SDFA_NAP_model,0.2,64,TRUE,32,10,40,FALSE,FALSE,0.842119185,0.881113549,0.832719678,0.842119185,134.7930833
56,TRUE,0.95,SDFA_NAP_model,0.5,64,TRUE,32,10,40,FALSE,FALSE,0.827807964,0.853928553,0.820735364,0.827807964,134.5571822
56,TRUE,0.95,SDFA_NAP_model,0.1,16,TRUE,64,10,40,FALSE,FALSE,0.814472133,0.881059418,0.823855204,0.814472133,134.0360598
56,TRUE,0.95,SDFA_NAP_model,0.2,16,TRUE,64,10,40,FALSE,FALSE,0.710579392,0.863904021,0.761155675,0.710579392,134.2273369
56,TRUE,0.95,SDFA_NAP_model,0.5,16,TRUE,64,10,40,FALSE,FALSE,0.720101837,0.838747906,0.751450673,0.720101837,134.1257001
56,TRUE,0.95,SDFA_NAP_model,0.1,32,TRUE,64,10,40,FALSE,FALSE,0.821740712,0.872555563,0.822454613,0.821740712,134.1518864
56,TRUE,0.95,SDFA_NAP_model,0.2,32,TRUE,64,10,40,FALSE,FALSE,0.866581068,0.900254935,0.86421028,0.866581068,134.2974312
56,TRUE,0.95,SDFA_NAP_model,0.5,32,TRUE,64,10,40,FALSE,FALSE,0.84527129,0.892572512,0.848062632,0.84527129,134.452102
56,TRUE,0.95,SDFA_NAP_model,0.1,64,TRUE,64,10,40,FALSE,FALSE,0.768518621,0.888890521,0.791662746,0.768518621,134.8645052
56,TRUE,0.95,SDFA_NAP_model,0.2,64,TRUE,64,10,40,FALSE,FALSE,0.800689936,0.880672235,0.809992455,0.800689936,134.6281626
56,TRUE,0.95,SDFA_NAP_model,0.5,64,TRUE,64,10,40,FALSE,FALSE,0.826518466,0.887590819,0.831840182,0.826518466,134.8502621
56,TRUE,0.95,SDFA_NAP_model,0.1,16,TRUE,128,10,40,FALSE,FALSE,0.764534403,0.826777749,0.778810521,0.764534403,134.3729473
56,TRUE,0.95,SDFA_NAP_model,0.2,16,TRUE,128,10,40,FALSE,FALSE,0.706165342,0.892704406,0.756294848,0.706165342,134.2043779
56,TRUE,0.95,SDFA_NAP_model,0.5,16,TRUE,128,10,40,FALSE,FALSE,0.807649918,0.90270467,0.829535379,0.807649918,134.1795139
56,TRUE,0.95,SDFA_NAP_model,0.1,32,TRUE,128,10,40,FALSE,FALSE,0.787998854,0.909501444,0.817013168,0.787998854,133.9726905
56,TRUE,0.95,SDFA_NAP_model,0.2,32,TRUE,128,10,40,FALSE,FALSE,0.798623434,0.887850587,0.814445924,0.798623434,134.3089384
56,TRUE,0.95,SDFA_NAP_model,0.5,32,TRUE,128,10,40,FALSE,FALSE,0.759354369,0.885216897,0.775337673,0.759354369,133.9810737
56,TRUE,0.95,SDFA_NAP_model,0.1,64,TRUE,128,10,40,FALSE,FALSE,0.788632581,0.879783822,0.804917886,0.788632581,134.3798468
56,TRUE,0.95,SDFA_NAP_model,0.2,64,TRUE,128,10,40,FALSE,FALSE,0.825366735,0.879973222,0.825094466,0.825366735,134.7439495
56,TRUE,0.95,SDFA_NAP_model,0.5,64,TRUE,128,10,40,FALSE,FALSE,0.813237742,0.874743497,0.81466184,0.813237742,134.8622366
8,FALSE,0.95,NAP_model,0,16,FALSE,32,10,40,FALSE,FALSE,0.815629374,0.908046583,0.841348763,0.815629374,130.1528906
8,FALSE,0.95,NAP_model,0,32,FALSE,32,10,40,FALSE,FALSE,0.815419968,0.899778184,0.83660271,0.815419968,130.3478413
8,FALSE,0.95,NAP_model,0,64,FALSE,32,10,40,FALSE,FALSE,0.810504447,0.890718631,0.825576625,0.810504447,130.9398987
8,FALSE,0.95,SDFA_NAP_model,0.1,16,TRUE,32,10,40,FALSE,FALSE,0.67034596,0.759170446,0.690451026,0.67034596,134.6878014
8,FALSE,0.95,SDFA_NAP_model,0.2,16,TRUE,32,10,40,FALSE,FALSE,0.605700241,0.8962241,0.672762042,0.605700241,134.8114333
8,FALSE,0.95,SDFA_NAP_model,0.5,16,TRUE,32,10,40,FALSE,FALSE,0.789866972,0.875440035,0.807427592,0.789866972,135.3735835
8,FALSE,0.95,SDFA_NAP_model,0.1,32,TRUE,32,10,40,FALSE,FALSE,0.706396791,0.842814802,0.727516073,0.706396791,134.7426385
8,FALSE,0.95,SDFA_NAP_model,0.2,32,TRUE,32,10,40,FALSE,FALSE,0.81085713,0.907593851,0.83356987,0.81085713,134.95547
8,FALSE,0.95,SDFA_NAP_model,0.5,32,TRUE,32,10,40,FALSE,FALSE,0.776779121,0.894672642,0.786897936,0.776779121,134.4200225
8,FALSE,0.95,SDFA_NAP_model,0.1,64,TRUE,32,10,40,FALSE,FALSE,0.813915554,0.903127497,0.833861366,0.813915554,134.7048218
8,FALSE,0.95,SDFA_NAP_model,0.2,64,TRUE,32,10,40,FALSE,FALSE,0.775963541,0.885369713,0.795934268,0.775963541,134.7567915
8,FALSE,0.95,SDFA_NAP_model,0.5,64,TRUE,32,10,40,FALSE,FALSE,0.84747556,0.895306511,0.846514677,0.84747556,135.1758921
8,TRUE,0.95,SDFA_NAP_model,0.1,16,TRUE,16,10,40,FALSE,FALSE,0.767609359,0.893672676,0.806299957,0.767609359,134.2963701
8,TRUE,0.95,SDFA_NAP_model,0.2,16,TRUE,16,10,40,FALSE,FALSE,0.814400494,0.910535122,0.843990869,0.814400494,136.0714986
8,TRUE,0.95,SDFA_NAP_model,0.5,16,TRUE,16,10,40,FALSE,FALSE,0.758698599,0.867945002,0.779101513,0.758698599,134.6702857
8,TRUE,0.95,SDFA_NAP_model,0.1,32,TRUE,16,10,40,FALSE,FALSE,0.78583867,0.874868578,0.786934281,0.78583867,134.0016698
8,TRUE,0.95,SDFA_NAP_model,0.2,32,TRUE,16,10,40,FALSE,FALSE,0.871480057,0.90417106,0.869680566,0.871480057,134.2475164
8,TRUE,0.95,SDFA_NAP_model,0.5,32,TRUE,16,10,40,FALSE,FALSE,0.766782758,0.868685344,0.781714232,0.766782758,134.4369323
8,TRUE,0.95,SDFA_NAP_model,0.1,64,TRUE,16,10,40,FALSE,FALSE,0.811601071,0.895506155,0.826601904,0.811601071,135.0363734
8,TRUE,0.95,SDFA_NAP_model,0.2,64,TRUE,16,10,40,FALSE,FALSE,0.81085162,0.899521439,0.826436357,0.81085162,134.9122263
8,TRUE,0.95,SDFA_NAP_model,0.5,64,TRUE,16,10,40,FALSE,FALSE,0.842907211,0.896410324,0.841625083,0.842907211,135.0996401
8,TRUE,0.95,SDFA_NAP_model,0.1,16,TRUE,32,10,40,FALSE,FALSE,0.705790616,0.886799158,0.745241973,0.705790616,134.0959209
8,TRUE,0.95,SDFA_NAP_model,0.2,16,TRUE,32,10,40,FALSE,FALSE,0.749148601,0.865410811,0.772920576,0.749148601,134.2786104
8,TRUE,0.95,SDFA_NAP_model,0.5,16,TRUE,32,10,40,FALSE,FALSE,0.77775451,0.826819558,0.783471836,0.77775451,134.4441535
8,TRUE,0.95,SDFA_NAP_model,0.1,32,TRUE,32,10,40,FALSE,FALSE,0.798794264,0.889960383,0.814937704,0.798794264,134.448016
8,TRUE,0.95,SDFA_NAP_model,0.2,32,TRUE,32,10,40,FALSE,FALSE,0.844560414,0.897318665,0.845541045,0.844560414,134.4838521
8,TRUE,0.95,SDFA_NAP_model,0.5,32,TRUE,32,10,40,FALSE,FALSE,0.774872428,0.891977281,0.804562969,0.774872428,134.4078881
8,TRUE,0.95,SDFA_NAP_model,0.1,64,TRUE,32,10,40,FALSE,FALSE,0.78429017,0.885386415,0.798548715,0.78429017,134.8963621
8,TRUE,0.95,SDFA_NAP_model,0.2,64,TRUE,32,10,40,FALSE,FALSE,0.837181621,0.87625195,0.833580972,0.837181621,134.9328714
8,TRUE,0.95,SDFA_NAP_model,0.5,64,TRUE,32,10,40,FALSE,FALSE,0.875690212,0.90245312,0.870032858,0.875690212,134.8052533
8,TRUE,0.95,SDFA_NAP_model,0.1,16,TRUE,64,10,40,FALSE,FALSE,0.83733592,0.888270081,0.843868439,0.83733592,134.1980917
8,TRUE,0.95,SDFA_NAP_model,0.2,16,TRUE,64,10,40,FALSE,FALSE,0.679923512,0.863175001,0.730485126,0.679923512,134.1132077
8,TRUE,0.95,SDFA_NAP_model,0.5,16,TRUE,64,10,40,FALSE,FALSE,0.734143035,0.837001713,0.758660232,0.734143035,134.2522753
8,TRUE,0.95,SDFA_NAP_model,0.1,32,TRUE,64,10,40,FALSE,FALSE,0.813673085,0.890869185,0.837027751,0.813673085,134.3465101
8,TRUE,0.95,SDFA_NAP_model,0.2,32,TRUE,64,10,40,FALSE,FALSE,0.822931017,0.895320193,0.834625123,0.822931017,134.2955817
8,TRUE,0.95,SDFA_NAP_model,0.5,32,TRUE,64,10,40,FALSE,FALSE,0.811556986,0.902295693,0.825863108,0.811556986,134.4210918
8,TRUE,0.95,SDFA_NAP_model,0.1,64,TRUE,64,10,40,FALSE,FALSE,0.823041231,0.886210319,0.825548623,0.823041231,134.8544119
8,TRUE,0.95,SDFA_NAP_model,0.2,64,TRUE,64,10,40,FALSE,FALSE,0.83234876,0.891151357,0.839503822,0.83234876,134.8870155
8,TRUE,0.95,SDFA_NAP_model,0.5,64,TRUE,64,10,40,FALSE,FALSE,0.812885058,0.902139384,0.831742413,0.812885058,134.7265979
8,TRUE,0.95,SDFA_NAP_model,0.1,16,TRUE,128,10,40,FALSE,FALSE,0.781771792,0.872057497,0.803702928,0.781771792,133.9867249
8,TRUE,0.95,SDFA_NAP_model,0.2,16,TRUE,128,10,40,FALSE,FALSE,0.807859324,0.908899598,0.831819621,0.807859324,134.1689114
8,TRUE,0.95,SDFA_NAP_model,0.5,16,TRUE,128,10,40,FALSE,FALSE,0.800381339,0.845389696,0.805744324,0.800381339,133.824797
8,TRUE,0.95,SDFA_NAP_model,0.1,32,TRUE,128,10,40,FALSE,FALSE,0.828799885,0.893055914,0.833317587,0.828799885,134.3702335
8,TRUE,0.95,SDFA_NAP_model,0.2,32,TRUE,128,10,40,FALSE,FALSE,0.782647989,0.880054525,0.786266058,0.782647989,134.1028539
8,TRUE,0.95,SDFA_NAP_model,0.5,32,TRUE,128,10,40,FALSE,FALSE,0.8017039,0.893535372,0.816694357,0.8017039,133.8908468
8,TRUE,0.95,SDFA_NAP_model,0.1,64,TRUE,128,10,40,FALSE,FALSE,0.819966275,0.878495734,0.825692486,0.819966275,134.6396461
8,TRUE,0.95,SDFA_NAP_model,0.2,64,TRUE,128,10,40,FALSE,FALSE,0.823134912,0.889820176,0.830144259,0.823134912,134.5558333
8,TRUE,0.95,SDFA_NAP_model,0.5,64,TRUE,128,10,40,FALSE,FALSE,0.822187076,0.893991204,0.823574418,0.822187076,134.4093972
15,FALSE,0.95,NAP_model,0,16,FALSE,32,10,40,FALSE,FALSE,0.728467041,0.836023988,0.769788149,0.728467041,129.9575563
15,FALSE,0.95,NAP_model,0,32,FALSE,32,10,40,FALSE,FALSE,0.767025228,0.882630574,0.79687181,0.767025228,129.980391
15,FALSE,0.95,NAP_model,0,64,FALSE,32,10,40,FALSE,FALSE,0.765338962,0.878974415,0.787695202,0.765338962,130.5816659
15,FALSE,0.95,SDFA_NAP_model,0.1,16,TRUE,32,10,40,FALSE,FALSE,0.781551365,0.883914985,0.808230588,0.781551365,134.1709018
15,FALSE,0.95,SDFA_NAP_model,0.2,16,TRUE,32,10,40,FALSE,FALSE,0.794165298,0.882177983,0.806815522,0.794165298,133.881976
15,FALSE,0.95,SDFA_NAP_model,0.5,16,TRUE,32,10,40,FALSE,FALSE,0.784758577,0.863095414,0.802742745,0.784758577,134.0773824
15,FALSE,0.95,SDFA_NAP_model,0.1,32,TRUE,32,10,40,FALSE,FALSE,0.722945345,0.884713052,0.755554714,0.722945345,134.3625079
15,FALSE,0.95,SDFA_NAP_model,0.2,32,TRUE,32,10,40,FALSE,FALSE,0.729007087,0.868004861,0.766685941,0.729007087,134.1948686
15,FALSE,0.95,SDFA_NAP_model,0.5,32,TRUE,32,10,40,FALSE,FALSE,0.784201999,0.897205143,0.816106196,0.784201999,134.6252701
15,FALSE,0.95,SDFA_NAP_model,0.1,64,TRUE,32,10,40,FALSE,FALSE,0.783788699,0.903581461,0.81153172,0.783788699,134.7682856
15,FALSE,0.95,SDFA_NAP_model,0.2,64,TRUE,32,10,40,FALSE,FALSE,0.82859048,0.886832478,0.835143246,0.82859048,134.7525334
15,FALSE,0.95,SDFA_NAP_model,0.5,64,TRUE,32,10,40,FALSE,FALSE,0.851184244,0.907981473,0.855759735,0.851184244,134.7601267
15,TRUE,0.95,SDFA_NAP_model,0.1,16,TRUE,16,10,40,FALSE,FALSE,0.768964985,0.87550331,0.799142861,0.768964985,134.2836894
15,TRUE,0.95,SDFA_NAP_model,0.2,16,TRUE,16,10,40,FALSE,FALSE,0.755133193,0.900660463,0.795941469,0.755133193,133.9716706
15,TRUE,0.95,SDFA_NAP_model,0.5,16,TRUE,16,10,40,FALSE,FALSE,0.796821443,0.875194823,0.8215647,0.796821443,134.1078724
15,TRUE,0.95,SDFA_NAP_model,0.1,32,TRUE,16,10,40,FALSE,FALSE,0.795024963,0.889200737,0.803751351,0.795024963,133.9754595
15,TRUE,0.95,SDFA_NAP_model,0.2,32,TRUE,16,10,40,FALSE,FALSE,0.805561372,0.892202131,0.820430067,0.805561372,134.0209052
15,TRUE,0.95,SDFA_NAP_model,0.5,32,TRUE,16,10,40,FALSE,FALSE,0.801880242,0.890452098,0.816049725,0.801880242,133.9639865
15,TRUE,0.95,SDFA_NAP_model,0.1,64,TRUE,16,10,40,FALSE,FALSE,0.770386739,0.857804662,0.77802857,0.770386739,134.7172142
15,TRUE,0.95,SDFA_NAP_model,0.2,64,TRUE,16,10,40,FALSE,FALSE,0.763266948,0.879851543,0.783650555,0.763266948,134.5172967
15,TRUE,0.95,SDFA_NAP_model,0.5,64,TRUE,16,10,40,FALSE,FALSE,0.822815293,0.891209186,0.819573244,0.822815293,134.686781
15,TRUE,0.95,SDFA_NAP_model,0.1,16,TRUE,32,10,40,FALSE,FALSE,0.790930532,0.885378069,0.810558166,0.790930532,134.1221356
15,TRUE,0.95,SDFA_NAP_model,0.2,16,TRUE,32,10,40,FALSE,FALSE,0.724196268,0.869467053,0.760925668,0.724196268,133.907612
15,TRUE,0.95,SDFA_NAP_model,0.5,16,TRUE,32,10,40,FALSE,FALSE,0.727915973,0.871460527,0.776027042,0.727915973,134.0236631
15,TRUE,0.95,SDFA_NAP_model,0.1,32,TRUE,32,10,40,FALSE,FALSE,0.808366306,0.897975322,0.828524989,0.808366306,134.2299176
15,TRUE,0.95,SDFA_NAP_model,0.2,32,TRUE,32,10,40,FALSE,FALSE,0.716216812,0.849477353,0.729359129,0.716216812,134.1307587
15,TRUE,0.95,SDFA_NAP_model,0.5,32,TRUE,32,10,40,FALSE,FALSE,0.799394928,0.892142222,0.805220445,0.799394928,134.2214835
15,TRUE,0.95,SDFA_NAP_model,0.1,64,TRUE,32,10,40,FALSE,FALSE,0.769361754,0.880384325,0.791851386,0.769361754,134.7686721
15,TRUE,0.95,SDFA_NAP_model,0.2,64,TRUE,32,10,40,FALSE,FALSE,0.821343943,0.896427109,0.835542041,0.821343943,134.560601
15,TRUE,0.95,SDFA_NAP_model,0.5,64,TRUE,32,10,40,FALSE,FALSE,0.785100239,0.886786825,0.791455994,0.785100239,134.701492
15,TRUE,0.95,SDFA_NAP_model,0.1,16,TRUE,64,10,40,FALSE,FALSE,0.808746542,0.879858215,0.823779055,0.808746542,134.1872436
15,TRUE,0.95,SDFA_NAP_model,0.2,16,TRUE,64,10,40,FALSE,FALSE,0.770992913,0.882906429,0.796020983,0.770992913,134.2568341
15,TRUE,0.95,SDFA_NAP_model,0.5,16,TRUE,64,10,40,FALSE,FALSE,0.759756649,0.874360602,0.783640404,0.759756649,134.0881743
15,TRUE,0.95,SDFA_NAP_model,0.1,32,TRUE,64,10,40,FALSE,FALSE,0.748459767,0.867191925,0.762171087,0.748459767,134.2072088
15,TRUE,0.95,SDFA_NAP_model,0.2,32,TRUE,64,10,40,FALSE,FALSE,0.768970496,0.880212601,0.786204617,0.768970496,134.2268575
15,TRUE,0.95,SDFA_NAP_model,0.5,32,TRUE,64,10,40,FALSE,FALSE,0.779203818,0.899380389,0.800733166,0.779203818,134.131292
15,TRUE,0.95,SDFA_NAP_model,0.1,64,TRUE,64,10,40,FALSE,FALSE,0.868845955,0.89171062,0.857810418,0.868845955,134.8729777
15,TRUE,0.95,SDFA_NAP_model,0.2,64,TRUE,64,10,40,FALSE,FALSE,0.80071749,0.877944362,0.799672422,0.80071749,134.6727705
15,TRUE,0.95,SDFA_NAP_model,0.5,64,TRUE,64,10,40,FALSE,FALSE,0.850258451,0.901460229,0.851674793,0.850258451,134.5933826
15,TRUE,0.95,SDFA_NAP_model,0.1,16,TRUE,128,10,40,FALSE,FALSE,0.684546967,0.819547022,0.715430763,0.684546967,133.8215675
15,TRUE,0.95,SDFA_NAP_model,0.2,16,TRUE,128,10,40,FALSE,FALSE,0.762759966,0.89873841,0.796869216,0.762759966,133.9807455
15,TRUE,0.95,SDFA_NAP_model,0.5,16,TRUE,128,10,40,FALSE,FALSE,0.786560568,0.891657265,0.811541412,0.786560568,133.7547854
15,TRUE,0.95,SDFA_NAP_model,0.1,32,TRUE,128,10,40,FALSE,FALSE,0.796854507,0.890773159,0.810756554,0.796854507,134.0892845
15,TRUE,0.95,SDFA_NAP_model,0.2,32,TRUE,128,10,40,FALSE,FALSE,0.806376952,0.895253944,0.824078582,0.806376952,134.1322308
15,TRUE,0.95,SDFA_NAP_model,0.5,32,TRUE,128,10,40,FALSE,FALSE,0.870207091,0.892566865,0.860863685,0.870207091,134.1855767
15,TRUE,0.95,SDFA_NAP_model,0.1,64,TRUE,128,10,40,FALSE,FALSE,0.779435266,0.896241212,0.800041787,0.779435266,134.6374845
15,TRUE,0.95,SDFA_NAP_model,0.2,64,TRUE,128,10,40,FALSE,FALSE,0.775307771,0.893497252,0.791858941,0.775307771,134.539862
15,TRUE,0.95,SDFA_NAP_model,0.5,64,TRUE,128,10,40,FALSE,FALSE,0.775495134,0.893910895,0.797301938,0.775495134,134.369678
76,FALSE,0.95,NAP_model,0,16,FALSE,32,10,40,FALSE,FALSE,0.723215368,0.826740929,0.750826563,0.723215368,135.5125173
23,FALSE,0.95,NAP_model,0,16,FALSE,32,10,40,FALSE,FALSE,0.691887185,0.879371888,0.725250175,0.691887185,150.7707095
42,FALSE,0.95,NAP_model,0,16,FALSE,32,10,40,FALSE,FALSE,0.820732258,0.913457922,0.8519285,0.820732258,138.0019941
4,FALSE,0.95,NAP_model,0,16,FALSE,32,10,40,FALSE,FALSE,0.790170059,0.884697855,0.8264232,0.790170059,137.4218745
76,FALSE,0.95,NAP_model,0,32,FALSE,32,10,40,FALSE,FALSE,0.7585443,0.875396974,0.781242882,0.7585443,135.7391694
23,FALSE,0.95,NAP_model,0,32,FALSE,32,10,40,FALSE,FALSE,0.798243197,0.886953819,0.811546584,0.798243197,139.6031692
42,FALSE,0.95,NAP_model,0,32,FALSE,32,10,40,FALSE,FALSE,0.752609304,0.865800264,0.785325025,0.752609304,138.7838968
4,FALSE,0.95,NAP_model,0,32,FALSE,32,10,40,FALSE,FALSE,0.770105695,0.879611238,0.791508933,0.770105695,138.228406
76,FALSE,0.95,NAP_model,0,64,FALSE,32,10,40,FALSE,FALSE,0.810063593,0.897944624,0.828590603,0.810063593,136.1837728
23,FALSE,0.95,NAP_model,0,64,FALSE,32,10,40,FALSE,FALSE,0.733542372,0.870050794,0.769777715,0.733542372,139.4712531
4,FALSE,0.95,NAP_model,0,64,FALSE,32,10,40,FALSE,FALSE,0.78592133,0.904512785,0.814219343,0.78592133,138.6549034
42,FALSE,0.95,NAP_model,0,64,FALSE,32,10,40,FALSE,FALSE,0.774817321,0.892076196,0.792382374,0.774817321,139.5019954
76,FALSE,0.95,SDFA_NAP_model,0.1,16,TRUE,32,10,40,FALSE,FALSE,0.794308576,0.849726614,0.806824157,0.794308576,138.0306255
23,FALSE,0.95,SDFA_NAP_model,0.1,16,TRUE,32,10,40,FALSE,FALSE,0.734655528,0.878677553,0.776193286,0.734655528,172.4217396
108,FALSE,0.95,NAP_model,0,16,FALSE,32,10,40,FALSE,FALSE,0.787166742,0.904438223,0.822010884,0.787166742,140.0406575
4,FALSE,0.95,SDFA_NAP_model,0.1,16,TRUE,32,10,40,FALSE,FALSE,0.779887141,0.893743939,0.809177382,0.779887141,141.7708944
42,FALSE,0.95,SDFA_NAP_model,0.1,16,TRUE,32,10,40,FALSE,FALSE,0.73034067,0.797418554,0.72919611,0.73034067,142.5947481
76,FALSE,0.95,SDFA_NAP_model,0.2,16,TRUE,32,10,40,FALSE,FALSE,0.742023299,0.832801516,0.768987046,0.742023299,137.8670082
108,FALSE,0.95,NAP_model,0,32,FALSE,32,10,40,FALSE,FALSE,0.728285188,0.87628022,0.769618215,0.728285188,140.5430877
4,FALSE,0.95,SDFA_NAP_model,0.2,16,TRUE,32,10,40,FALSE,FALSE,0.763746377,0.845700413,0.780285587,0.763746377,141.5888679
42,FALSE,0.95,SDFA_NAP_model,0.2,16,TRUE,32,10,40,FALSE,FALSE,0.795961778,0.879550745,0.802923483,0.795961778,141.5138586
23,FALSE,0.95,SDFA_NAP_model,0.2,16,TRUE,32,10,40,FALSE,FALSE,0.675360674,0.896189675,0.722580993,0.675360674,182.0570525
76,FALSE,0.95,SDFA_NAP_model,0.5,16,TRUE,32,10,40,FALSE,FALSE,0.722592662,0.876445595,0.75872387,0.722592662,138.029334
108,FALSE,0.95,NAP_model,0,64,FALSE,32,10,40,FALSE,FALSE,0.78314395,0.901636359,0.809835025,0.78314395,141.0919011
4,FALSE,0.95,SDFA_NAP_model,0.5,16,TRUE,32,10,40,FALSE,FALSE,0.808046686,0.872009805,0.8275342,0.808046686,141.2259841
42,FALSE,0.95,SDFA_NAP_model,0.5,16,TRUE,32,10,40,FALSE,FALSE,0.823746597,0.867748206,0.827712613,0.823746597,140.6731229
23,FALSE,0.95,SDFA_NAP_model,0.5,16,TRUE,32,10,40,FALSE,FALSE,0.779192796,0.874396026,0.772128077,0.779192796,153.4718722
76,FALSE,0.95,SDFA_NAP_model,0.1,32,TRUE,32,10,40,FALSE,FALSE,0.70205989,0.892004079,0.752657445,0.70205989,137.8976703
108,FALSE,0.95,SDFA_NAP_model,0.1,16,TRUE,32,10,40,FALSE,FALSE,0.807131915,0.855654663,0.816419591,0.807131915,142.9175733
4,FALSE,0.95,SDFA_NAP_model,0.1,32,TRUE,32,10,40,FALSE,FALSE,0.771836046,0.889871647,0.789545618,0.771836046,140.2865136
42,FALSE,0.95,SDFA_NAP_model,0.1,32,TRUE,32,10,40,FALSE,FALSE,0.812763824,0.900587379,0.82803968,0.812763824,140.7015823
76,FALSE,0.95,SDFA_NAP_model,0.2,32,TRUE,32,10,40,FALSE,FALSE,0.815783673,0.865146329,0.818865179,0.815783673,138.0169783
23,FALSE,0.95,SDFA_NAP_model,0.1,32,TRUE,32,10,40,FALSE,FALSE,0.821432114,0.880585853,0.823771472,0.821432114,182.6112736
108,FALSE,0.95,SDFA_NAP_model,0.2,16,TRUE,32,10,40,FALSE,FALSE,0.788098046,0.866299948,0.795447539,0.788098046,142.692799
4,FALSE,0.95,SDFA_NAP_model,0.2,32,TRUE,32,10,40,FALSE,FALSE,0.851845525,0.901775818,0.85407773,0.851845525,140.3627389
42,FALSE,0.95,SDFA_NAP_model,0.2,32,TRUE,32,10,40,FALSE,FALSE,0.732412683,0.855243688,0.745447908,0.732412683,140.5480134
76,FALSE,0.95,SDFA_NAP_model,0.5,32,TRUE,32,10,40,FALSE,FALSE,0.830315321,0.901211153,0.830623107,0.830315321,138.1063249
23,FALSE,0.95,SDFA_NAP_model,0.2,32,TRUE,32,10,40,FALSE,FALSE,0.818924757,0.888573305,0.815556286,0.818924757,153.1361094
108,FALSE,0.95,SDFA_NAP_model,0.5,16,TRUE,32,10,40,FALSE,FALSE,0.796330993,0.873873076,0.816334714,0.796330993,142.6118731
4,FALSE,0.95,SDFA_NAP_model,0.5,32,TRUE,32,10,40,FALSE,FALSE,0.751859853,0.816855892,0.758672469,0.751859853,140.6192395
42,FALSE,0.95,SDFA_NAP_model,0.5,32,TRUE,32,10,40,FALSE,FALSE,0.82352066,0.881931292,0.829838647,0.82352066,140.7335018
76,FALSE,0.95,SDFA_NAP_model,0.1,64,TRUE,32,10,40,FALSE,FALSE,0.79099115,0.882825838,0.805939029,0.79099115,138.6875415
23,FALSE,0.95,SDFA_NAP_model,0.5,32,TRUE,32,10,40,FALSE,FALSE,0.808173432,0.892493722,0.818778225,0.808173432,142.2628264
108,FALSE,0.95,SDFA_NAP_model,0.1,32,TRUE,32,10,40,FALSE,FALSE,0.719269725,0.857376617,0.756138512,0.719269725,142.7286922
4,FALSE,0.95,SDFA_NAP_model,0.1,64,TRUE,32,10,40,FALSE,FALSE,0.823674958,0.892882883,0.820887036,0.823674958,141.187797
42,FALSE,0.95,SDFA_NAP_model,0.1,64,TRUE,32,10,40,FALSE,FALSE,0.809297609,0.896397508,0.823798387,0.809297609,141.504773
76,FALSE,0.95,SDFA_NAP_model,0.2,64,TRUE,32,10,40,FALSE,FALSE,0.839270166,0.89251066,0.834562913,0.839270166,138.5131481
23,FALSE,0.95,SDFA_NAP_model,0.1,64,TRUE,32,10,40,FALSE,FALSE,0.756896609,0.81499594,0.758646309,0.756896609,142.0249011
108,FALSE,0.95,SDFA_NAP_model,0.2,32,TRUE,32,10,40,FALSE,FALSE,0.833891748,0.891991182,0.847856189,0.833891748,143.0078478
4,FALSE,0.95,SDFA_NAP_model,0.2,64,TRUE,32,10,40,FALSE,FALSE,0.751336338,0.883723215,0.760967708,0.751336338,141.2343903
42,FALSE,0.95,SDFA_NAP_model,0.2,64,TRUE,32,10,40,FALSE,FALSE,0.836608511,0.88684333,0.83310442,0.836608511,141.4392272
76,FALSE,0.95,SDFA_NAP_model,0.5,64,TRUE,32,10,40,FALSE,FALSE,0.854374924,0.903179757,0.860079533,0.854374924,138.4327806
23,FALSE,0.95,SDFA_NAP_model,0.2,64,TRUE,32,10,40,FALSE,FALSE,0.798865903,0.885392295,0.811511612,0.798865903,143.182582
108,FALSE,0.95,SDFA_NAP_model,0.5,32,TRUE,32,10,40,FALSE,FALSE,0.804128597,0.892637621,0.818247172,0.804128597,142.9609664
4,FALSE,0.95,SDFA_NAP_model,0.5,64,TRUE,32,10,40,FALSE,FALSE,0.795928714,0.895405908,0.816549277,0.795928714,141.0173385
42,FALSE,0.95,SDFA_NAP_model,0.5,64,TRUE,32,10,40,FALSE,FALSE,0.804216768,0.842517626,0.79562423,0.804216768,141.2820248
76,TRUE,0.95,SDFA_NAP_model,0.1,16,TRUE,16,10,40,FALSE,FALSE,0.779969802,0.894411105,0.812591546,0.779969802,137.9421376
23,FALSE,0.95,SDFA_NAP_model,0.5,64,TRUE,32,10,40,FALSE,FALSE,0.862139464,0.88953872,0.855311057,0.862139464,140.9457914
108,FALSE,0.95,SDFA_NAP_model,0.1,64,TRUE,32,10,40,FALSE,FALSE,0.76941135,0.894252768,0.796124963,0.76941135,143.2690349
4,TRUE,0.95,SDFA_NAP_model,0.1,16,TRUE,16,10,40,FALSE,FALSE,0.800320721,0.887151995,0.810035452,0.800320721,140.6614923
42,TRUE,0.95,SDFA_NAP_model,0.1,16,TRUE,16,10,40,FALSE,FALSE,0.789982696,0.846586981,0.788346,0.789982696,140.5710138
76,TRUE,0.95,SDFA_NAP_model,0.2,16,TRUE,16,10,40,FALSE,FALSE,0.760065246,0.913349725,0.807962215,0.760065246,137.7040609
23,TRUE,0.95,SDFA_NAP_model,0.1,16,TRUE,16,10,40,FALSE,FALSE,0.832662868,0.897763708,0.846846019,0.832662868,142.2538702
4,TRUE,0.95,SDFA_NAP_model,0.2,16,TRUE,16,10,40,FALSE,FALSE,0.776431949,0.887321004,0.795014868,0.776431949,140.4733791
108,FALSE,0.95,SDFA_NAP_model,0.2,64,TRUE,32,10,40,FALSE,FALSE,0.737157374,0.857804623,0.752930278,0.737157374,143.2112897
42,TRUE,0.95,SDFA_NAP_model,0.2,16,TRUE,16,10,40,FALSE,FALSE,0.792368818,0.895805871,0.821195642,0.792368818,140.4291058
76,TRUE,0.95,SDFA_NAP_model,0.5,16,TRUE,16,10,40,FALSE,FALSE,0.744117355,0.822462572,0.765994613,0.744117355,137.8948284
23,TRUE,0.95,SDFA_NAP_model,0.2,16,TRUE,16,10,40,FALSE,FALSE,0.784543661,0.874979219,0.790573336,0.784543661,147.2671637
4,TRUE,0.95,SDFA_NAP_model,0.5,16,TRUE,16,10,40,FALSE,FALSE,0.808278135,0.884332582,0.825862103,0.808278135,140.1203753
42,TRUE,0.95,SDFA_NAP_model,0.5,16,TRUE,16,10,40,FALSE,FALSE,0.766082903,0.873250866,0.801331588,0.766082903,140.6793884
108,FALSE,0.95,SDFA_NAP_model,0.5,64,TRUE,32,10,40,FALSE,FALSE,0.853041341,0.8998723,0.854544528,0.853041341,143.2760592
76,TRUE,0.95,SDFA_NAP_model,0.1,32,TRUE,16,10,40,FALSE,FALSE,0.707531989,0.896074378,0.76225759,0.707531989,137.9075077
16,FALSE,0.95,NAP_model,0,16,FALSE,32,10,40,FALSE,FALSE,0.707829566,0.871745741,0.748965559,0.707829566,137.7848055
4,TRUE,0.95,SDFA_NAP_model,0.1,32,TRUE,16,10,40,FALSE,FALSE,0.777611233,0.859618829,0.788899316,0.777611233,140.0685892
42,TRUE,0.95,SDFA_NAP_model,0.1,32,TRUE,16,10,40,FALSE,FALSE,0.761883769,0.865954808,0.790969917,0.761883769,140.7166718
108,TRUE,0.95,SDFA_NAP_model,0.1,16,TRUE,16,10,40,FALSE,FALSE,0.616716079,0.796433311,0.645444161,0.616716079,142.6632311
23,TRUE,0.95,SDFA_NAP_model,0.5,16,TRUE,16,10,40,FALSE,FALSE,0.777374274,0.847177419,0.78707231,0.777374274,194.3424048
76,TRUE,0.95,SDFA_NAP_model,0.2,32,TRUE,16,10,40,FALSE,FALSE,0.797102488,0.884556925,0.823406588,0.797102488,137.8826492
16,FALSE,0.95,NAP_model,0,32,FALSE,32,10,40,FALSE,FALSE,0.778107194,0.894690939,0.809196175,0.778107194,138.0404186
4,TRUE,0.95,SDFA_NAP_model,0.2,32,TRUE,16,10,40,FALSE,FALSE,0.853366471,0.894176964,0.857894883,0.853366471,140.305536
42,TRUE,0.95,SDFA_NAP_model,0.2,32,TRUE,16,10,40,FALSE,FALSE,0.801092216,0.879626441,0.819990759,0.801092216,140.6306581
108,TRUE,0.95,SDFA_NAP_model,0.2,16,TRUE,16,10,40,FALSE,FALSE,0.7918949,0.892976438,0.807537947,0.7918949,142.6988812
76,TRUE,0.95,SDFA_NAP_model,0.5,32,TRUE,16,10,40,FALSE,FALSE,0.771979324,0.892151234,0.788689333,0.771979324,137.9965992
23,TRUE,0.95,SDFA_NAP_model,0.1,32,TRUE,16,10,40,FALSE,FALSE,0.804123086,0.864577261,0.813704493,0.804123086,142.9447369
16,FALSE,0.95,NAP_model,0,64,FALSE,32,10,40,FALSE,FALSE,0.792749055,0.884518802,0.811778323,0.792749055,137.8505032
4,TRUE,0.95,SDFA_NAP_model,0.5,32,TRUE,16,10,40,FALSE,FALSE,0.806371441,0.890744837,0.821620472,0.806371441,140.2659593
42,TRUE,0.95,SDFA_NAP_model,0.5,32,TRUE,16,10,40,FALSE,FALSE,0.774062359,0.889134043,0.799311762,0.774062359,140.7221979
108,TRUE,0.95,SDFA_NAP_model,0.5,16,TRUE,16,10,40,FALSE,FALSE,0.740469289,0.880059705,0.779222349,0.740469289,142.726762
76,TRUE,0.95,SDFA_NAP_model,0.1,64,TRUE,16,10,40,FALSE,FALSE,0.774172572,0.894905479,0.798515953,0.774172572,138.3236957
23,TRUE,0.95,SDFA_NAP_model,0.2,32,TRUE,16,10,40,FALSE,FALSE,0.764876065,0.875724014,0.780639831,0.764876065,142.6113061
16,FALSE,0.95,SDFA_NAP_model,0.1,16,TRUE,32,10,40,FALSE,FALSE,0.743538735,0.873681049,0.77520237,0.743538735,140.3018381
4,TRUE,0.95,SDFA_NAP_model,0.1,64,TRUE,16,10,40,FALSE,FALSE,0.731575061,0.828714025,0.75026994,0.731575061,140.6867636
42,TRUE,0.95,SDFA_NAP_model,0.1,64,TRUE,16,10,40,FALSE,FALSE,0.826066591,0.893363171,0.823173147,0.826066591,141.2367004
76,TRUE,0.95,SDFA_NAP_model,0.2,64,TRUE,16,10,40,FALSE,FALSE,0.780168186,0.890598991,0.801896109,0.780168186,138.3703629
108,TRUE,0.95,SDFA_NAP_model,0.1,32,TRUE,16,10,40,FALSE,FALSE,0.807390916,0.886692022,0.817230436,0.807390916,142.7815744
23,TRUE,0.95,SDFA_NAP_model,0.5,32,TRUE,16,10,40,FALSE,FALSE,0.779650182,0.884010908,0.78694244,0.779650182,143.0699367
16,FALSE,0.95,SDFA_NAP_model,0.2,16,TRUE,32,10,40,FALSE,FALSE,0.843292958,0.89013723,0.847655805,0.843292958,140.3908249
4,TRUE,0.95,SDFA_NAP_model,0.2,64,TRUE,16,10,40,FALSE,FALSE,0.774128487,0.88724677,0.793580986,0.774128487,140.1991
42,TRUE,0.95,SDFA_NAP_model,0.2,64,TRUE,16,10,40,FALSE,FALSE,0.781909559,0.863982115,0.793722568,0.781909559,141.4616485
76,TRUE,0.95,SDFA_NAP_model,0.5,64,TRUE,16,10,40,FALSE,FALSE,0.807390916,0.895565588,0.825751023,0.807390916,138.4067296
108,TRUE,0.95,SDFA_NAP_model,0.2,32,TRUE,16,10,40,FALSE,FALSE,0.721865253,0.853432314,0.734559419,0.721865253,142.8353987
23,TRUE,0.95,SDFA_NAP_model,0.1,64,TRUE,16,10,40,FALSE,FALSE,0.749721711,0.851917428,0.770367253,0.749721711,142.0768915
16,FALSE,0.95,SDFA_NAP_model,0.5,16,TRUE,32,10,40,FALSE,FALSE,0.756400648,0.856553107,0.770562813,0.756400648,139.8990624
4,TRUE,0.95,SDFA_NAP_model,0.5,64,TRUE,16,10,40,FALSE,FALSE,0.767344847,0.885947224,0.78931147,0.767344847,140.013982
42,TRUE,0.95,SDFA_NAP_model,0.5,64,TRUE,16,10,40,FALSE,FALSE,0.762214409,0.883717978,0.775291831,0.762214409,141.410766
76,TRUE,0.95,SDFA_NAP_model,0.1,16,TRUE,32,10,40,FALSE,FALSE,0.782686564,0.873081704,0.80033364,0.782686564,137.7179433
108,TRUE,0.95,SDFA_NAP_model,0.5,32,TRUE,16,10,40,FALSE,FALSE,0.801566134,0.887315185,0.808050294,0.801566134,142.888605
16,FALSE,0.95,SDFA_NAP_model,0.1,32,TRUE,32,10,40,FALSE,FALSE,0.761966429,0.885610638,0.787729963,0.761966429,140.1155558
23,TRUE,0.95,SDFA_NAP_model,0.2,64,TRUE,16,10,40,FALSE,FALSE,0.803671211,0.895184987,0.817555259,0.803671211,164.6293553
4,TRUE,0.95,SDFA_NAP_model,0.1,16,TRUE,32,10,40,FALSE,FALSE,0.72233366,0.898766918,0.772353731,0.72233366,139.6076784
76,TRUE,0.95,SDFA_NAP_model,0.2,16,TRUE,32,10,40,FALSE,FALSE,0.742811326,0.879885139,0.767331185,0.742811326,137.6478311
42,TRUE,0.95,SDFA_NAP_model,0.1,16,TRUE,32,10,40,FALSE,FALSE,0.712408936,0.889027653,0.759023214,0.712408936,140.7417033
108,TRUE,0.95,SDFA_NAP_model,0.1,64,TRUE,16,10,40,FALSE,FALSE,0.803125654,0.884245748,0.80163286,0.803125654,143.2621947
16,FALSE,0.95,SDFA_NAP_model,0.2,32,TRUE,32,10,40,FALSE,FALSE,0.696102851,0.812005854,0.710926976,0.696102851,139.9455992
23,TRUE,0.95,SDFA_NAP_model,0.5,64,TRUE,16,10,40,FALSE,FALSE,0.798243197,0.89199932,0.818392554,0.798243197,147.0056311
4,TRUE,0.95,SDFA_NAP_model,0.2,16,TRUE,32,10,40,FALSE,FALSE,0.707923247,0.805145406,0.726832723,0.707923247,139.7281482
76,TRUE,0.95,SDFA_NAP_model,0.5,16,TRUE,32,10,40,FALSE,FALSE,0.708975786,0.842934429,0.750561927,0.708975786,137.776345
42,TRUE,0.95,SDFA_NAP_model,0.2,16,TRUE,32,10,40,FALSE,FALSE,0.815701013,0.887919822,0.825635956,0.815701013,140.5071803
108,TRUE,0.95,SDFA_NAP_model,0.2,64,TRUE,16,10,40,FALSE,FALSE,0.7722769,0.863518067,0.787890738,0.7722769,143.2364311
16,FALSE,0.95,SDFA_NAP_model,0.5,32,TRUE,32,10,40,FALSE,FALSE,0.750906506,0.865251253,0.780566997,0.750906506,139.9737864
23,TRUE,0.95,SDFA_NAP_model,0.1,16,TRUE,32,10,40,FALSE,FALSE,0.680711538,0.857621366,0.728075201,0.680711538,140.4964215
4,TRUE,0.95,SDFA_NAP_model,0.5,16,TRUE,32,10,40,FALSE,FALSE,0.794523492,0.885179461,0.814941846,0.794523492,139.3173667
76,TRUE,0.95,SDFA_NAP_model,0.1,32,TRUE,32,10,40,FALSE,FALSE,0.804707218,0.877628598,0.817631751,0.804707218,138.0764323
42,TRUE,0.95,SDFA_NAP_model,0.5,16,TRUE,32,10,40,FALSE,FALSE,0.692405189,0.898176161,0.749325812,0.692405189,140.7363965
108,TRUE,0.95,SDFA_NAP_model,0.5,64,TRUE,16,10,40,FALSE,FALSE,0.842620656,0.896521984,0.840829814,0.842620656,143.168982
16,FALSE,0.95,SDFA_NAP_model,0.1,64,TRUE,32,10,40,FALSE,FALSE,0.848202969,0.897440303,0.850222139,0.848202969,140.6455028
23,TRUE,0.95,SDFA_NAP_model,0.2,16,TRUE,32,10,40,FALSE,FALSE,0.724637122,0.820596639,0.743012427,0.724637122,142.089862
4,TRUE,0.95,SDFA_NAP_model,0.1,32,TRUE,32,10,40,FALSE,FALSE,0.850043534,0.900768081,0.851314402,0.850043534,139.5038463
76,TRUE,0.95,SDFA_NAP_model,0.2,32,TRUE,32,10,40,FALSE,FALSE,0.772646116,0.895822867,0.79803224,0.772646116,137.8842158
42,TRUE,0.95,SDFA_NAP_model,0.1,32,TRUE,32,10,40,FALSE,FALSE,0.799758632,0.90166083,0.811966127,0.799758632,140.8230802
108,TRUE,0.95,SDFA_NAP_model,0.1,16,TRUE,32,10,40,FALSE,FALSE,0.733966693,0.887240315,0.781011779,0.733966693,142.5388651
16,FALSE,0.95,SDFA_NAP_model,0.2,64,TRUE,32,10,40,FALSE,FALSE,0.830607387,0.904560872,0.845759047,0.830607387,140.5263474
23,TRUE,0.95,SDFA_NAP_model,0.5,16,TRUE,32,10,40,FALSE,FALSE,0.707471372,0.831263023,0.733611537,0.707471372,192.8274377
4,TRUE,0.95,SDFA_NAP_model,0.2,32,TRUE,32,10,40,FALSE,FALSE,0.841011539,0.895429063,0.838889509,0.841011539,139.468342
76,TRUE,0.95,SDFA_NAP_model,0.5,32,TRUE,32,10,40,FALSE,FALSE,0.806509208,0.856791177,0.808272055,0.806509208,137.9277777
42,TRUE,0.95,SDFA_NAP_model,0.2,32,TRUE,32,10,40,FALSE,FALSE,0.770370207,0.841675446,0.765803353,0.770370207,140.8852
108,TRUE,0.95,SDFA_NAP_model,0.2,16,TRUE,32,10,40,FALSE,FALSE,0.837798816,0.887972857,0.849216511,0.837798816,142.8330178
16,FALSE,0.95,SDFA_NAP_model,0.5,64,TRUE,32,10,40,FALSE,FALSE,0.789674099,0.887432215,0.801544113,0.789674099,140.433748
4,TRUE,0.95,SDFA_NAP_model,0.5,32,TRUE,32,10,40,FALSE,FALSE,0.715268976,0.810046004,0.729253876,0.715268976,139.5288408
76,TRUE,0.95,SDFA_NAP_model,0.1,64,TRUE,32,10,40,FALSE,FALSE,0.807705025,0.896724779,0.821410181,0.807705025,138.4107143
23,TRUE,0.95,SDFA_NAP_model,0.1,32,TRUE,32,10,40,FALSE,FALSE,0.774277275,0.888758756,0.794206944,0.774277275,181.3446099
42,TRUE,0.95,SDFA_NAP_model,0.5,32,TRUE,32,10,40,FALSE,FALSE,0.805715671,0.876048788,0.815023462,0.805715671,140.9365003
108,TRUE,0.95,SDFA_NAP_model,0.5,16,TRUE,32,10,40,FALSE,FALSE,0.706209428,0.839974626,0.744603751,0.706209428,142.7743073
16,TRUE,0.95,SDFA_NAP_model,0.1,16,TRUE,16,10,40,FALSE,FALSE,0.749848456,0.90054172,0.784747026,0.749848456,139.8309528
76,TRUE,0.95,SDFA_NAP_model,0.2,64,TRUE,32,10,40,FALSE,FALSE,0.803026462,0.876518607,0.807604503,0.803026462,138.333271
4,TRUE,0.95,SDFA_NAP_model,0.1,64,TRUE,32,10,40,FALSE,FALSE,0.800425424,0.897327147,0.799963411,0.800425424,140.1594842
23,TRUE,0.95,SDFA_NAP_model,0.2,32,TRUE,32,10,40,FALSE,FALSE,0.77668544,0.866216919,0.796357862,0.77668544,146.4445423
42,TRUE,0.95,SDFA_NAP_model,0.1,64,TRUE,32,10,40,FALSE,FALSE,0.822231162,0.882416324,0.821744694,0.822231162,141.3649224
108,TRUE,0.95,SDFA_NAP_model,0.1,32,TRUE,32,10,40,FALSE,FALSE,0.817514025,0.879126473,0.820255384,0.817514025,142.8455496
16,TRUE,0.95,SDFA_NAP_model,0.2,16,TRUE,16,10,40,FALSE,FALSE,0.714255012,0.846712222,0.752145602,0.714255012,139.903534
1089,FALSE,0.95,NAP_model,0,16,FALSE,32,10,40,FALSE,FALSE,0.747462335,0.883187284,0.78738977,0.747462335,139.1350754
76,TRUE,0.95,SDFA_NAP_model,0.5,64,TRUE,32,10,40,FALSE,FALSE,0.822236672,0.887965846,0.825064211,0.822236672,138.6515035
4,TRUE,0.95,SDFA_NAP_model,0.2,64,TRUE,32,10,40,FALSE,FALSE,0.838427033,0.893435993,0.836762761,0.838427033,140.1815714
42,TRUE,0.95,SDFA_NAP_model,0.2,64,TRUE,32,10,40,FALSE,FALSE,0.799312268,0.892333955,0.813763282,0.799312268,141.2030092
23,TRUE,0.95,SDFA_NAP_model,0.5,32,TRUE,32,10,40,FALSE,FALSE,0.829361974,0.896800785,0.841784896,0.829361974,146.4287803
108,TRUE,0.95,SDFA_NAP_model,0.2,32,TRUE,32,10,40,FALSE,FALSE,0.787491872,0.89258597,0.810648947,0.787491872,142.9378879
16,TRUE,0.95,SDFA_NAP_model,0.5,16,TRUE,16,10,40,FALSE,FALSE,0.730483947,0.859928035,0.756467124,0.730483947,139.8563558
1089,FALSE,0.95,NAP_model,0,32,FALSE,32,10,40,FALSE,FALSE,0.809584165,0.897640848,0.825092902,0.809584165,139.4345261
76,TRUE,0.95,SDFA_NAP_model,0.1,16,TRUE,64,10,40,FALSE,FALSE,0.812300927,0.870752562,0.822238812,0.812300927,137.7953791
4,TRUE,0.95,SDFA_NAP_model,0.5,64,TRUE,32,10,40,FALSE,FALSE,0.734435101,0.861398008,0.75872755,0.734435101,140.259806
42,TRUE,0.95,SDFA_NAP_model,0.5,64,TRUE,32,10,40,FALSE,FALSE,0.80006723,0.882609628,0.818946419,0.80006723,141.1642064
23,TRUE,0.95,SDFA_NAP_model,0.1,64,TRUE,32,10,40,FALSE,FALSE,0.761415362,0.865045483,0.781810128,0.761415362,142.6900006
16,TRUE,0.95,SDFA_NAP_model,0.1,32,TRUE,16,10,40,FALSE,FALSE,0.710573882,0.837027525,0.731312989,0.710573882,140.1159649
108,TRUE,0.95,SDFA_NAP_model,0.5,32,TRUE,32,10,40,FALSE,FALSE,0.766209648,0.890527688,0.798259991,0.766209648,142.8988737
1089,FALSE,0.95,NAP_model,0,64,FALSE,32,10,40,FALSE,FALSE,0.756202264,0.888175532,0.783419402,0.756202264,140.2239602
76,TRUE,0.95,SDFA_NAP_model,0.2,16,TRUE,64,10,40,FALSE,FALSE,0.748784896,0.866273963,0.763347832,0.748784896,137.7160533
4,TRUE,0.95,SDFA_NAP_model,0.1,16,TRUE,64,10,40,FALSE,FALSE,0.80006172,0.862002115,0.807481237,0.80006172,139.5848946
42,TRUE,0.95,SDFA_NAP_model,0.1,16,TRUE,64,10,40,FALSE,FALSE,0.869176595,0.913103027,0.886721217,0.869176595,140.6037523
23,TRUE,0.95,SDFA_NAP_model,0.2,64,TRUE,32,10,40,FALSE,FALSE,0.776217032,0.886638459,0.799536431,0.776217032,142.6468834
16,TRUE,0.95,SDFA_NAP_model,0.2,32,TRUE,16,10,40,FALSE,FALSE,0.811005918,0.869976263,0.817296589,0.811005918,140.0560706
108,TRUE,0.95,SDFA_NAP_model,0.1,64,TRUE,32,10,40,FALSE,FALSE,0.866972325,0.892064767,0.856428981,0.866972325,143.362505
1089,FALSE,0.95,SDFA_NAP_model,0.1,16,TRUE,32,10,40,FALSE,FALSE,0.777456934,0.842422581,0.793892796,0.777456934,143.2315733
76,TRUE,0.95,SDFA_NAP_model,0.5,16,TRUE,64,10,40,FALSE,FALSE,0.752366835,0.844318613,0.782256027,0.752366835,138.0735501
4,TRUE,0.95,SDFA_NAP_model,0.2,16,TRUE,64,10,40,FALSE,FALSE,0.690305622,0.875030413,0.7387346,0.690305622,139.7204404
42,TRUE,0.95,SDFA_NAP_model,0.2,16,TRUE,64,10,40,FALSE,FALSE,0.777451423,0.837324949,0.791052534,0.777451423,140.5641532
23,TRUE,0.95,SDFA_NAP_model,0.5,64,TRUE,32,10,40,FALSE,FALSE,0.771725833,0.888563717,0.788933259,0.771725833,140.1350147
16,TRUE,0.95,SDFA_NAP_model,0.5,32,TRUE,16,10,40,FALSE,FALSE,0.794517981,0.86981776,0.79700255,0.794517981,140.0697456
108,TRUE,0.95,SDFA_NAP_model,0.2,64,TRUE,32,10,40,FALSE,FALSE,0.829169101,0.889634998,0.837848266,0.829169101,143.3112137
1089,FALSE,0.95,SDFA_NAP_model,0.2,16,TRUE,32,10,40,FALSE,FALSE,0.819304994,0.885970925,0.82341211,0.819304994,142.9855839
76,TRUE,0.95,SDFA_NAP_model,0.1,32,TRUE,64,10,40,FALSE,FALSE,0.722234468,0.883501192,0.766054576,0.722234468,137.8270253
4,TRUE,0.95,SDFA_NAP_model,0.5,16,TRUE,64,10,40,FALSE,FALSE,0.787332062,0.901588402,0.817233147,0.787332062,139.4106542
42,TRUE,0.95,SDFA_NAP_model,0.5,16,TRUE,64,10,40,FALSE,FALSE,0.796545909,0.904803984,0.83348894,0.796545909,140.5913147
23,TRUE,0.95,SDFA_NAP_model,0.1,16,TRUE,64,10,40,FALSE,FALSE,0.783981572,0.869158426,0.804351206,0.783981572,140.6784097
16,TRUE,0.95,SDFA_NAP_model,0.1,64,TRUE,16,10,40,FALSE,FALSE,0.768854772,0.887714793,0.788349804,0.768854772,140.488126
108,TRUE,0.95,SDFA_NAP_model,0.5,64,TRUE,32,10,40,FALSE,FALSE,0.813155081,0.899162363,0.82812197,0.813155081,143.409045
1089,FALSE,0.95,SDFA_NAP_model,0.5,16,TRUE,32,10,40,FALSE,FALSE,0.705200974,0.834801539,0.729840693,0.705200974,143.202033
76,TRUE,0.95,SDFA_NAP_model,0.2,32,TRUE,64,10,40,FALSE,FALSE,0.777572658,0.874101439,0.793368547,0.777572658,137.9063811
4,TRUE,0.95,SDFA_NAP_model,0.1,32,TRUE,64,10,40,FALSE,FALSE,0.774635469,0.854686404,0.786794553,0.774635469,139.3012604
42,TRUE,0.95,SDFA_NAP_model,0.1,32,TRUE,64,10,40,FALSE,FALSE,0.732842516,0.887376053,0.768131065,0.732842516,140.7127329
16,TRUE,0.95,SDFA_NAP_model,0.2,64,TRUE,16,10,40,FALSE,FALSE,0.800381339,0.883666195,0.803678486,0.800381339,140.2958917
108,TRUE,0.95,SDFA_NAP_model,0.1,16,TRUE,64,10,40,FALSE,FALSE,0.738485446,0.855486062,0.76704928,0.738485446,142.704189
23,TRUE,0.95,SDFA_NAP_model,0.2,16,TRUE,64,10,40,FALSE,FALSE,0.742150045,0.859733218,0.771659132,0.742150045,193.531385
1089,FALSE,0.95,SDFA_NAP_model,0.1,32,TRUE,32,10,40,FALSE,FALSE,0.83791454,0.901610876,0.846933575,0.83791454,143.3083299
76,TRUE,0.95,SDFA_NAP_model,0.5,32,TRUE,64,10,40,FALSE,FALSE,0.79319542,0.865829268,0.795699901,0.79319542,137.8427114
4,TRUE,0.95,SDFA_NAP_model,0.2,32,TRUE,64,10,40,FALSE,FALSE,0.785298623,0.889464779,0.798426522,0.785298623,139.3951833
42,TRUE,0.95,SDFA_NAP_model,0.2,32,TRUE,64,10,40,FALSE,FALSE,0.777203443,0.8871367,0.802436127,0.777203443,140.6007723
16,TRUE,0.95,SDFA_NAP_model,0.5,64,TRUE,16,10,40,FALSE,FALSE,0.832475505,0.895782029,0.843060426,0.832475505,140.087961
108,TRUE,0.95,SDFA_NAP_model,0.2,16,TRUE,64,10,40,FALSE,FALSE,0.712381383,0.829333904,0.741105193,0.712381383,142.684377
1089,FALSE,0.95,SDFA_NAP_model,0.2,32,TRUE,32,10,40,FALSE,FALSE,0.782350413,0.859670346,0.782418181,0.782350413,142.3588962
76,TRUE,0.95,SDFA_NAP_model,0.1,64,TRUE,64,10,40,FALSE,FALSE,0.843568492,0.8833502,0.83954242,0.843568492,138.314836
23,TRUE,0.95,SDFA_NAP_model,0.5,16,TRUE,64,10,40,FALSE,FALSE,0.791470579,0.842417349,0.79255482,0.791470579,193.115421
4,TRUE,0.95,SDFA_NAP_model,0.5,32,TRUE,64,10,40,FALSE,FALSE,0.785293113,0.88467709,0.813127549,0.785293113,139.599274
42,TRUE,0.95,SDFA_NAP_model,0.5,32,TRUE,64,10,40,FALSE,FALSE,0.798667519,0.896130892,0.812114545,0.798667519,140.5347559
16,TRUE,0.95,SDFA_NAP_model,0.1,16,TRUE,32,10,40,FALSE,FALSE,0.631721645,0.798497037,0.672717869,0.631721645,139.349066
108,TRUE,0.95,SDFA_NAP_model,0.5,16,TRUE,64,10,40,FALSE,FALSE,0.790048825,0.874659703,0.803468305,0.790048825,142.7430431
1089,FALSE,0.95,SDFA_NAP_model,0.5,32,TRUE,32,10,40,FALSE,FALSE,0.790181081,0.891525568,0.797711264,0.790181081,141.4858359
76,TRUE,0.95,SDFA_NAP_model,0.2,64,TRUE,64,10,40,FALSE,FALSE,0.830166533,0.886388715,0.828588861,0.830166533,138.197527
4,TRUE,0.95,SDFA_NAP_model,0.1,64,TRUE,64,10,40,FALSE,FALSE,0.836531361,0.896024329,0.834564774,0.836531361,139.8105529
42,TRUE,0.95,SDFA_NAP_model,0.1,64,TRUE,64,10,40,FALSE,FALSE,0.779049519,0.898580834,0.787028403,0.779049519,141.0306262
23,TRUE,0.95,SDFA_NAP_model,0.1,32,TRUE,64,10,40,FALSE,FALSE,0.863693474,0.895290863,0.85341703,0.863693474,199.1442589
16,TRUE,0.95,SDFA_NAP_model,0.2,16,TRUE,32,10,40,FALSE,FALSE,0.734572868,0.877685275,0.778096424,0.734572868,139.5050649
108,TRUE,0.95,SDFA_NAP_model,0.1,32,TRUE,64,10,40,FALSE,FALSE,0.74546747,0.896942795,0.781840111,0.74546747,142.6953044
76,TRUE,0.95,SDFA_NAP_model,0.5,64,TRUE,64,10,40,FALSE,FALSE,0.802254968,0.896610735,0.808218569,0.802254968,138.4419549
1089,FALSE,0.95,SDFA_NAP_model,0.1,64,TRUE,32,10,40,FALSE,FALSE,0.766264755,0.879620146,0.788587696,0.766264755,141.7075315
4,TRUE,0.95,SDFA_NAP_model,0.2,64,TRUE,64,10,40,FALSE,FALSE,0.794743919,0.845964068,0.790289354,0.794743919,139.6930194
42,TRUE,0.95,SDFA_NAP_model,0.2,64,TRUE,64,10,40,FALSE,FALSE,0.863340791,0.890535597,0.851365236,0.863340791,141.1632975
16,TRUE,0.95,SDFA_NAP_model,0.5,16,TRUE,32,10,40,FALSE,FALSE,0.7281364,0.842897418,0.765675588,0.7281364,139.6142829
23,TRUE,0.95,SDFA_NAP_model,0.2,32,TRUE,64,10,40,FALSE,FALSE,0.744662912,0.872498633,0.776152472,0.744662912,145.9810955
108,TRUE,0.95,SDFA_NAP_model,0.2,32,TRUE,64,10,40,FALSE,FALSE,0.787464318,0.867353648,0.806756105,0.787464318,142.9823076
76,TRUE,0.95,SDFA_NAP_model,0.1,16,TRUE,128,10,40,FALSE,FALSE,0.811237367,0.872939092,0.828258018,0.811237367,137.858988
1089,FALSE,0.95,SDFA_NAP_model,0.2,64,TRUE,32,10,40,FALSE,FALSE,0.819448271,0.881659445,0.823366669,0.819448271,142.077893
4,TRUE,0.95,SDFA_NAP_model,0.5,64,TRUE,64,10,40,FALSE,FALSE,0.85238006,0.897813162,0.854101886,0.85238006,140.1100293
42,TRUE,0.95,SDFA_NAP_model,0.5,64,TRUE,64,10,40,FALSE,FALSE,0.785342709,0.863075707,0.798398104,0.785342709,141.2262162
16,TRUE,0.95,SDFA_NAP_model,0.1,32,TRUE,32,10,40,FALSE,FALSE,0.694873971,0.854736282,0.719769732,0.694873971,139.7853579
23,TRUE,0.95,SDFA_NAP_model,0.5,32,TRUE,64,10,40,FALSE,FALSE,0.818858629,0.893537238,0.809055948,0.818858629,139.862044
108,TRUE,0.95,SDFA_NAP_model,0.5,32,TRUE,64,10,40,FALSE,FALSE,0.817982432,0.886959105,0.830780495,0.817982432,142.8504175
76,TRUE,0.95,SDFA_NAP_model,0.2,16,TRUE,128,10,40,FALSE,FALSE,0.705487529,0.867662075,0.751414557,0.705487529,137.8263845
1089,FALSE,0.95,SDFA_NAP_model,0.5,64,TRUE,32,10,40,FALSE,FALSE,0.846334851,0.898827068,0.847765801,0.846334851,142.144006
4,TRUE,0.95,SDFA_NAP_model,0.1,16,TRUE,128,10,40,FALSE,FALSE,0.819101099,0.889152945,0.829797486,0.819101099,139.6636728
42,TRUE,0.95,SDFA_NAP_model,0.1,16,TRUE,128,10,40,FALSE,FALSE,0.805699139,0.892826847,0.829276799,0.805699139,140.711338
16,TRUE,0.95,SDFA_NAP_model,0.2,32,TRUE,32,10,40,FALSE,FALSE,0.849718405,0.898136257,0.85047401,0.849718405,139.651901
23,TRUE,0.95,SDFA_NAP_model,0.1,64,TRUE,64,10,40,FALSE,FALSE,0.809721931,0.895534645,0.823840773,0.809721931,152.7034514
108,TRUE,0.95,SDFA_NAP_model,0.1,64,TRUE,64,10,40,FALSE,FALSE,0.790148017,0.870783657,0.803440964,0.790148017,143.2680632
76,TRUE,0.95,SDFA_NAP_model,0.5,16,TRUE,128,10,40,FALSE,FALSE,0.7202892,0.852451285,0.759668957,0.7202892,137.8574862
1089,TRUE,0.95,SDFA_NAP_model,0.1,16,TRUE,16,10,40,FALSE,FALSE,0.793834658,0.879748571,0.8047875,0.793834658,141.676272
4,TRUE,0.95,SDFA_NAP_model,0.2,16,TRUE,128,10,40,FALSE,FALSE,0.789630013,0.861916978,0.809287857,0.789630013,139.7243207
42,TRUE,0.95,SDFA_NAP_model,0.2,16,TRUE,128,10,40,FALSE,FALSE,0.76434153,0.883255055,0.795296522,0.76434153,140.4768677
16,TRUE,0.95,SDFA_NAP_model,0.5,32,TRUE,32,10,40,FALSE,FALSE,0.856667365,0.877437478,0.851198632,0.856667365,139.8736361
108,TRUE,0.95,SDFA_NAP_model,0.2,64,TRUE,64,10,40,FALSE,FALSE,0.852583955,0.903843105,0.858876468,0.852583955,143.3188858
23,TRUE,0.95,SDFA_NAP_model,0.2,64,TRUE,64,10,40,FALSE,FALSE,0.809639271,0.874106256,0.819383727,0.809639271,164.3710851
76,TRUE,0.95,SDFA_NAP_model,0.1,32,TRUE,128,10,40,FALSE,FALSE,0.710204666,0.865190843,0.748103522,0.710204666,137.7527209
1089,TRUE,0.95,SDFA_NAP_model,0.2,16,TRUE,16,10,40,FALSE,FALSE,0.731530975,0.854066866,0.756984646,0.731530975,141.4299037
4,TRUE,0.95,SDFA_NAP_model,0.5,16,TRUE,128,10,40,FALSE,FALSE,0.822154012,0.878795356,0.834023735,0.822154012,139.5544863
42,TRUE,0.95,SDFA_NAP_model,0.5,16,TRUE,128,10,40,FALSE,FALSE,0.813331423,0.870319985,0.815379913,0.813331423,140.356861
16,TRUE,0.95,SDFA_NAP_model,0.1,64,TRUE,32,10,40,FALSE,FALSE,0.799791697,0.893701961,0.804209545,0.799791697,140.5752611
108,TRUE,0.95,SDFA_NAP_model,0.5,64,TRUE,64,10,40,FALSE,FALSE,0.792209009,0.887443958,0.804225939,0.792209009,143.1590278
23,TRUE,0.95,SDFA_NAP_model,0.5,64,TRUE,64,10,40,FALSE,FALSE,0.849949853,0.901277863,0.851386757,0.849949853,157.078251
76,TRUE,0.95,SDFA_NAP_model,0.2,32,TRUE,128,10,40,FALSE,FALSE,0.659600145,0.827714961,0.704191724,0.659600145,137.8310985
1089,TRUE,0.95,SDFA_NAP_model,0.5,16,TRUE,16,10,40,FALSE,FALSE,0.743604863,0.881560253,0.780202065,0.743604863,141.4346804
4,TRUE,0.95,SDFA_NAP_model,0.1,32,TRUE,128,10,40,FALSE,FALSE,0.826424785,0.896959046,0.829017438,0.826424785,139.1080563
42,TRUE,0.95,SDFA_NAP_model,0.1,32,TRUE,128,10,40,FALSE,FALSE,0.776845249,0.882231553,0.786216266,0.776845249,140.6008754
16,TRUE,0.95,SDFA_NAP_model,0.2,64,TRUE,32,10,40,FALSE,FALSE,0.864988483,0.896916994,0.853976607,0.864988483,140.2625394
108,TRUE,0.95,SDFA_NAP_model,0.1,16,TRUE,128,10,40,FALSE,FALSE,0.727045287,0.833850181,0.74329818,0.727045287,142.5922335
76,TRUE,0.95,SDFA_NAP_model,0.5,32,TRUE,128,10,40,FALSE,FALSE,0.829973659,0.890771648,0.838957743,0.829973659,137.9584914
23,TRUE,0.95,SDFA_NAP_model,0.1,16,TRUE,128,10,40,FALSE,FALSE,0.718129016,0.902758698,0.770875989,0.718129016,174.5836775
1089,TRUE,0.95,SDFA_NAP_model,0.1,32,TRUE,16,10,40,FALSE,FALSE,0.739802497,0.838443089,0.758714212,0.739802497,141.5343188
4,TRUE,0.95,SDFA_NAP_model,0.2,32,TRUE,128,10,40,FALSE,FALSE,0.80276195,0.891202305,0.811188816,0.80276195,139.2621784
42,TRUE,0.95,SDFA_NAP_model,0.2,32,TRUE,128,10,40,FALSE,FALSE,0.816152888,0.8472927,0.812446599,0.816152888,140.6729622
16,TRUE,0.95,SDFA_NAP_model,0.5,64,TRUE,32,10,40,FALSE,FALSE,0.844257326,0.895326209,0.842315609,0.844257326,140.1741622
108,TRUE,0.95,SDFA_NAP_model,0.2,16,TRUE,128,10,40,FALSE,FALSE,0.740524396,0.875529029,0.77821585,0.740524396,142.6082157
76,TRUE,0.95,SDFA_NAP_model,0.1,64,TRUE,128,10,40,FALSE,FALSE,0.800001102,0.870016306,0.813439797,0.800001102,138.2699015
4,TRUE,0.95,SDFA_NAP_model,0.5,32,TRUE,128,10,40,FALSE,FALSE,0.753358756,0.890567383,0.770660108,0.753358756,139.2077039
1089,TRUE,0.95,SDFA_NAP_model,0.2,32,TRUE,16,10,40,FALSE,FALSE,0.729877773,0.873126976,0.754344773,0.729877773,141.468829
23,TRUE,0.95,SDFA_NAP_model,0.2,16,TRUE,128,10,40,FALSE,FALSE,0.830849856,0.897242789,0.839069647,0.830849856,170.2374416
42,TRUE,0.95,SDFA_NAP_model,0.5,32,TRUE,128,10,40,FALSE,FALSE,0.711268227,0.856976858,0.752050729,0.711268227,140.6613528
16,TRUE,0.95,SDFA_NAP_model,0.1,16,TRUE,64,10,40,FALSE,FALSE,0.747660719,0.874260979,0.775135987,0.747660719,139.3150551
108,TRUE,0.95,SDFA_NAP_model,0.5,16,TRUE,128,10,40,FALSE,FALSE,0.816720488,0.891712847,0.828445196,0.816720488,142.7028946
76,TRUE,0.95,SDFA_NAP_model,0.2,64,TRUE,128,10,40,FALSE,FALSE,0.772447731,0.85265602,0.789338693,0.772447731,138.2094286
4,TRUE,0.95,SDFA_NAP_model,0.1,64,TRUE,128,10,40,FALSE,FALSE,0.801709411,0.900775064,0.812215435,0.801709411,139.4814381
1089,TRUE,0.95,SDFA_NAP_model,0.5,32,TRUE,16,10,40,FALSE,FALSE,0.799764143,0.873539052,0.810809969,0.799764143,140.9529959
23,TRUE,0.95,SDFA_NAP_model,0.5,16,TRUE,128,10,40,FALSE,FALSE,0.786422801,0.865426782,0.792047458,0.786422801,146.788855
42,TRUE,0.95,SDFA_NAP_model,0.1,64,TRUE,128,10,40,FALSE,FALSE,0.7718636,0.894319248,0.797446589,0.7718636,141.1988977
16,TRUE,0.95,SDFA_NAP_model,0.2,16,TRUE,64,10,40,FALSE,FALSE,0.762682817,0.864619434,0.781065974,0.762682817,139.2956241
108,TRUE,0.95,SDFA_NAP_model,0.1,32,TRUE,128,10,40,FALSE,FALSE,0.800585234,0.892193233,0.805757248,0.800585234,142.7475636
76,TRUE,0.95,SDFA_NAP_model,0.5,64,TRUE,128,10,40,FALSE,FALSE,0.784571214,0.897300569,0.809703002,0.784571214,138.2457084
4,TRUE,0.95,SDFA_NAP_model,0.2,64,TRUE,128,10,40,FALSE,FALSE,0.811793945,0.885562027,0.809834306,0.811793945,139.8602858
1089,TRUE,0.95,SDFA_NAP_model,0.1,64,TRUE,16,10,40,FALSE,FALSE,0.775875371,0.891457371,0.792742404,0.775875371,141.5110982
42,TRUE,0.95,SDFA_NAP_model,0.2,64,TRUE,128,10,40,FALSE,FALSE,0.771494385,0.886541423,0.793108358,0.771494385,141.2754706
16,TRUE,0.95,SDFA_NAP_model,0.5,16,TRUE,64,10,40,FALSE,FALSE,0.811314516,0.906600199,0.839817969,0.811314516,139.5676325
23,TRUE,0.95,SDFA_NAP_model,0.1,32,TRUE,128,10,40,FALSE,FALSE,0.798496688,0.875472114,0.812840654,0.798496688,199.1724359
108,TRUE,0.95,SDFA_NAP_model,0.2,32,TRUE,128,10,40,FALSE,FALSE,0.838735631,0.892391664,0.840126002,0.838735631,142.6587703
4,TRUE,0.95,SDFA_NAP_model,0.5,64,TRUE,128,10,40,FALSE,FALSE,0.770045077,0.885557879,0.792422624,0.770045077,140.29673
1089,TRUE,0.95,SDFA_NAP_model,0.2,64,TRUE,16,10,40,FALSE,FALSE,0.775015705,0.893181619,0.795810995,0.775015705,142.0743602
42,TRUE,0.95,SDFA_NAP_model,0.5,64,TRUE,128,10,40,FALSE,FALSE,0.850484388,0.895465792,0.852548115,0.850484388,141.3187152
16,TRUE,0.95,SDFA_NAP_model,0.1,32,TRUE,64,10,40,FALSE,FALSE,0.799675972,0.872241552,0.799263383,0.799675972,139.8882141
23,TRUE,0.95,SDFA_NAP_model,0.2,32,TRUE,128,10,40,FALSE,FALSE,0.741323444,0.887511556,0.779978249,0.741323444,151.7380222
108,TRUE,0.95,SDFA_NAP_model,0.5,32,TRUE,128,10,40,FALSE,FALSE,0.727127947,0.890777207,0.771600882,0.727127947,142.6842656
1089,TRUE,0.95,SDFA_NAP_model,0.5,64,TRUE,16,10,40,FALSE,FALSE,0.843507875,0.900494582,0.844654048,0.843507875,142.3252629
16,TRUE,0.95,SDFA_NAP_model,0.2,32,TRUE,64,10,40,FALSE,FALSE,0.782995162,0.853205458,0.789825253,0.782995162,140.051296
23,TRUE,0.95,SDFA_NAP_model,0.5,32,TRUE,128,10,40,FALSE,FALSE,0.844984735,0.895448855,0.843731914,0.844984735,146.3561704
108,TRUE,0.95,SDFA_NAP_model,0.1,64,TRUE,128,10,40,FALSE,FALSE,0.795912182,0.887956121,0.812538856,0.795912182,143.299299
1089,TRUE,0.95,SDFA_NAP_model,0.1,16,TRUE,32,10,40,FALSE,FALSE,0.86774382,0.915791489,0.886163038,0.86774382,141.6335727
16,TRUE,0.95,SDFA_NAP_model,0.5,32,TRUE,64,10,40,FALSE,FALSE,0.809148821,0.883510204,0.806301928,0.809148821,139.9008226
108,TRUE,0.95,SDFA_NAP_model,0.2,64,TRUE,128,10,40,FALSE,FALSE,0.761922344,0.856882354,0.785004829,0.761922344,142.8586607
23,TRUE,0.95,SDFA_NAP_model,0.1,64,TRUE,128,10,40,FALSE,FALSE,0.812438694,0.903180091,0.831806552,0.812438694,159.0318565
1089,TRUE,0.95,SDFA_NAP_model,0.2,16,TRUE,32,10,40,FALSE,FALSE,0.748983281,0.824467522,0.76442674,0.748983281,141.9783942
16,TRUE,0.95,SDFA_NAP_model,0.1,64,TRUE,64,10,40,FALSE,FALSE,0.800204997,0.887314989,0.812297102,0.800204997,140.4275351
108,TRUE,0.95,SDFA_NAP_model,0.5,64,TRUE,128,10,40,FALSE,FALSE,0.810554043,0.900365293,0.82988389,0.810554043,142.8968487
23,TRUE,0.95,SDFA_NAP_model,0.2,64,TRUE,128,10,40,FALSE,FALSE,0.769686883,0.888386176,0.788661537,0.769686883,141.1156571
1089,TRUE,0.95,SDFA_NAP_model,0.5,16,TRUE,32,10,40,FALSE,FALSE,0.806162036,0.883347279,0.836166079,0.806162036,141.7023199
16,TRUE,0.95,SDFA_NAP_model,0.2,64,TRUE,64,10,40,FALSE,FALSE,0.805081944,0.892359034,0.82447443,0.805081944,140.5432855
23,TRUE,0.95,SDFA_NAP_model,0.5,64,TRUE,128,10,40,FALSE,FALSE,0.781220725,0.89537364,0.802193825,0.781220725,158.5680443
1089,TRUE,0.95,SDFA_NAP_model,0.1,32,TRUE,32,10,40,FALSE,FALSE,0.857168836,0.911144777,0.865549683,0.857168836,141.5513209
16,TRUE,0.95,SDFA_NAP_model,0.5,64,TRUE,64,10,40,FALSE,FALSE,0.81469807,0.879840143,0.819902045,0.81469807,140.205089
1089,TRUE,0.95,SDFA_NAP_model,0.2,32,TRUE,32,10,40,FALSE,FALSE,0.86971113,0.892808035,0.859818704,0.86971113,140.4901816
16,TRUE,0.95,SDFA_NAP_model,0.1,16,TRUE,128,10,40,FALSE,FALSE,0.75633452,0.842617039,0.768009632,0.75633452,139.1034406
1089,TRUE,0.95,SDFA_NAP_model,0.5,32,TRUE,32,10,40,FALSE,FALSE,0.840173917,0.873176263,0.832363435,0.840173917,140.7352934
16,TRUE,0.95,SDFA_NAP_model,0.2,16,TRUE,128,10,40,FALSE,FALSE,0.804503323,0.865269665,0.815687638,0.804503323,138.9099942
1089,TRUE,0.95,SDFA_NAP_model,0.1,64,TRUE,32,10,40,FALSE,FALSE,0.802541523,0.88530291,0.82227787,0.802541523,141.1403982
16,TRUE,0.95,SDFA_NAP_model,0.5,16,TRUE,128,10,40,FALSE,FALSE,0.745092745,0.857924267,0.767437832,0.745092745,138.7504779
1089,TRUE,0.95,SDFA_NAP_model,0.2,64,TRUE,32,10,40,FALSE,FALSE,0.825686354,0.897656616,0.827457583,0.825686354,140.9750743
16,TRUE,0.95,SDFA_NAP_model,0.1,32,TRUE,128,10,40,FALSE,FALSE,0.729795113,0.871390095,0.755527373,0.729795113,138.8190548
1089,TRUE,0.95,SDFA_NAP_model,0.5,64,TRUE,32,10,40,FALSE,FALSE,0.799378396,0.877727645,0.798340943,0.799378396,140.9412356
16,TRUE,0.95,SDFA_NAP_model,0.2,32,TRUE,128,10,40,FALSE,FALSE,0.836096018,0.898787677,0.843274793,0.836096018,138.9138681
1089,TRUE,0.95,SDFA_NAP_model,0.1,16,TRUE,64,10,40,FALSE,FALSE,0.695402996,0.83416055,0.718020175,0.695402996,140.4442085
16,TRUE,0.95,SDFA_NAP_model,0.5,32,TRUE,128,10,40,FALSE,FALSE,0.813414083,0.901155152,0.833662532,0.813414083,138.5979173
1089,TRUE,0.95,SDFA_NAP_model,0.2,16,TRUE,64,10,40,FALSE,FALSE,0.767675487,0.858559772,0.794822296,0.767675487,140.0564569
16,TRUE,0.95,SDFA_NAP_model,0.1,64,TRUE,128,10,40,FALSE,FALSE,0.803649168,0.900367236,0.819536254,0.803649168,139.0503513
1089,TRUE,0.95,SDFA_NAP_model,0.5,16,TRUE,64,10,40,FALSE,FALSE,0.728588275,0.876527723,0.773550502,0.728588275,140.0253163
16,TRUE,0.95,SDFA_NAP_model,0.2,64,TRUE,128,10,40,FALSE,FALSE,0.826248443,0.885604397,0.829476749,0.826248443,138.9612278
1089,TRUE,0.95,SDFA_NAP_model,0.1,32,TRUE,64,10,40,FALSE,FALSE,0.769978949,0.8917457,0.789630326,0.769978949,140.1484878
16,TRUE,0.95,SDFA_NAP_model,0.5,64,TRUE,128,10,40,FALSE,FALSE,0.799130416,0.873845226,0.815539914,0.799130416,138.9812065
1089,TRUE,0.95,SDFA_NAP_model,0.2,32,TRUE,64,10,40,FALSE,FALSE,0.746718394,0.848711454,0.767270223,0.746718394,138.4836086
1089,TRUE,0.95,SDFA_NAP_model,0.5,32,TRUE,64,10,40,FALSE,FALSE,0.746486945,0.874445314,0.770740612,0.746486945,137.8290184
1089,TRUE,0.95,SDFA_NAP_model,0.1,64,TRUE,64,10,40,FALSE,FALSE,0.807787685,0.90322396,0.818228975,0.807787685,138.5796584
1089,TRUE,0.95,SDFA_NAP_model,0.2,64,TRUE,64,10,40,FALSE,FALSE,0.827907156,0.89295505,0.825713055,0.827907156,138.4692775
1089,TRUE,0.95,SDFA_NAP_model,0.5,64,TRUE,64,10,40,FALSE,FALSE,0.781606472,0.862706721,0.792645418,0.781606472,138.3213369
1089,TRUE,0.95,SDFA_NAP_model,0.1,16,TRUE,128,10,40,FALSE,FALSE,0.78412485,0.885063692,0.809196862,0.78412485,138.97025
1089,TRUE,0.95,SDFA_NAP_model,0.2,16,TRUE,128,10,40,FALSE,FALSE,0.801720432,0.875716459,0.819946199,0.801720432,140.447547
1089,TRUE,0.95,SDFA_NAP_model,0.5,16,TRUE,128,10,40,FALSE,FALSE,0.746883714,0.901135075,0.797856106,0.746883714,139.3257109
1089,TRUE,0.95,SDFA_NAP_model,0.1,32,TRUE,128,10,40,FALSE,FALSE,0.797587427,0.890665349,0.812323345,0.797587427,139.6576063
1089,TRUE,0.95,SDFA_NAP_model,0.2,32,TRUE,128,10,40,FALSE,FALSE,0.773180651,0.849587402,0.783912883,0.773180651,140.2250304
1089,TRUE,0.95,SDFA_NAP_model,0.5,32,TRUE,128,10,40,FALSE,FALSE,0.788627071,0.885319919,0.798467325,0.788627071,139.8917206
1089,TRUE,0.95,SDFA_NAP_model,0.1,64,TRUE,128,10,40,FALSE,FALSE,0.822264226,0.885484809,0.823037366,0.822264226,140.1447179
1089,TRUE,0.95,SDFA_NAP_model,0.2,64,TRUE,128,10,40,FALSE,FALSE,0.753904313,0.895015742,0.780598389,0.753904313,140.5147286
1089,TRUE,0.95,SDFA_NAP_model,0.5,64,TRUE,128,10,40,FALSE,FALSE,0.840747027,0.895494689,0.839530285,0.840747027,139.9327818
56,TRUE,0.95,SDFA_NAP_model,0,16,TRUE,32,10,40,FALSE,TRUE,0.781424619,0.902269423,0.784985412,0.781424619,242.4489218
56,TRUE,0.95,SDFA_NAP_model,0,16,TRUE,64,10,40,FALSE,TRUE,0.777451423,0.89904813,0.793183499,0.777451423,178.6862607
56,TRUE,0.95,SDFA_NAP_model,0,16,TRUE,128,10,40,FALSE,TRUE,0.780267378,0.901326105,0.795356673,0.780267378,171.4436497
56,FALSE,0.95,SDFA_NAP_model,0,16,TRUE,128,10,40,FALSE,TRUE,0.780686189,0.902154372,0.79596118,0.780686189,163.7317213
56,TRUE,0.95,SDFA_NAP_model,0.2,16,TRUE,32,10,40,FALSE,TRUE,0.78878137,0.901180916,0.80609245,0.78878137,235.6810542
56,TRUE,0.95,SDFA_NAP_model,0.2,16,TRUE,64,10,40,FALSE,TRUE,0.780294931,0.905565752,0.794946704,0.780294931,186.5467091
56,TRUE,0.95,SDFA_NAP_model,0.2,16,TRUE,128,10,40,FALSE,TRUE,0.770326122,0.898497796,0.781386081,0.770326122,163.1146907
56,FALSE,0.95,SDFA_NAP_model,0.2,16,TRUE,128,10,40,FALSE,TRUE,0.759426008,0.862769314,0.764368434,0.759426008,168.9073927
56,TRUE,0.95,SDFA_NAP_model,0.5,16,TRUE,32,10,40,FALSE,TRUE,0.789674099,0.872990379,0.805004182,0.789674099,247.8629025
56,TRUE,0.95,SDFA_NAP_model,0.5,16,TRUE,64,10,40,FALSE,TRUE,0.770116716,0.852352907,0.777269472,0.770116716,172.3287989
56,TRUE,0.95,SDFA_NAP_model,0.5,16,TRUE,128,10,40,FALSE,TRUE,0.764225805,0.855677007,0.77214983,0.764225805,145.882512
56,FALSE,0.95,SDFA_NAP_model,0.5,16,TRUE,128,10,40,FALSE,TRUE,0.759426008,0.852572959,0.76711208,0.759426008,163.5040363
56,TRUE,0.95,SDFA_NAP_model,0,32,TRUE,32,10,40,FALSE,TRUE,0.771825025,0.906613416,0.79079304,0.771825025,227.9847395
56,TRUE,0.95,SDFA_NAP_model,0,32,TRUE,64,10,40,FALSE,TRUE,0.730131264,0.892385773,0.748680594,0.730131264,176.1980368
56,TRUE,0.95,SDFA_NAP_model,0,32,TRUE,128,10,40,FALSE,TRUE,0.722443874,0.884805732,0.736727503,0.722443874,141.1260669
56,FALSE,0.95,SDFA_NAP_model,0,32,TRUE,128,10,40,FALSE,TRUE,0.745362768,0.880601761,0.756188212,0.745362768,164.4006488
56,TRUE,0.95,SDFA_NAP_model,0.2,32,TRUE,32,10,40,FALSE,TRUE,0.802817057,0.905864586,0.836555935,0.802817057,223.5094873
56,TRUE,0.95,SDFA_NAP_model,0.2,32,TRUE,64,10,40,FALSE,TRUE,0.793393804,0.882603287,0.819340649,0.793393804,193.6947846
56,TRUE,0.95,SDFA_NAP_model,0.2,32,TRUE,128,10,40,FALSE,TRUE,0.783088843,0.884668228,0.80375836,0.783088843,187.6694407
56,FALSE,0.95,SDFA_NAP_model,0.2,32,TRUE,128,10,40,FALSE,TRUE,0.776757078,0.877021551,0.800513736,0.776757078,140.7336988
56,TRUE,0.95,SDFA_NAP_model,0.5,32,TRUE,32,10,40,FALSE,TRUE,0.800287657,0.907504995,0.835051947,0.800287657,230.9124726
56,TRUE,0.95,SDFA_NAP_model,0.5,32,TRUE,64,10,40,FALSE,TRUE,0.761376787,0.881735822,0.788220613,0.761376787,173.7522401
56,TRUE,0.95,SDFA_NAP_model,0.5,32,TRUE,128,10,40,FALSE,TRUE,0.726130515,0.845637845,0.752095118,0.726130515,169.6607501
56,FALSE,0.95,SDFA_NAP_model,0.5,32,TRUE,128,10,40,FALSE,TRUE,0.725948663,0.844477372,0.751041173,0.725948663,147.5755923
56,TRUE,0.95,SDFA_NAP_model,0,64,TRUE,32,10,40,FALSE,TRUE,0.716707262,0.853549388,0.738687336,0.716707262,239.351444
56,TRUE,0.95,SDFA_NAP_model,0,64,TRUE,64,10,40,FALSE,TRUE,0.71881234,0.851090814,0.740012586,0.71881234,183.5867118
56,TRUE,0.95,SDFA_NAP_model,0,64,TRUE,128,10,40,FALSE,TRUE,0.710358965,0.847882909,0.732954283,0.710358965,141.7848656
56,FALSE,0.95,SDFA_NAP_model,0,64,TRUE,128,10,40,FALSE,TRUE,0.697800139,0.835519587,0.720170214,0.697800139,142.0394904
56,TRUE,0.95,SDFA_NAP_model,0.2,64,TRUE,32,10,40,FALSE,TRUE,0.690674837,0.849125749,0.722340872,0.690674837,232.7565572
56,TRUE,0.95,SDFA_NAP_model,0.2,64,TRUE,64,10,40,FALSE,TRUE,0.682331676,0.849649884,0.710809672,0.682331676,200.6872138
56,TRUE,0.95,SDFA_NAP_model,0.2,64,TRUE,128,10,40,FALSE,TRUE,0.649636847,0.840446085,0.680340595,0.649636847,169.497318
56,FALSE,0.95,SDFA_NAP_model,0.2,64,TRUE,128,10,40,FALSE,TRUE,0.698229971,0.837799649,0.733134177,0.698229971,181.2204083
56,TRUE,0.95,SDFA_NAP_model,0.5,64,TRUE,32,10,40,FALSE,TRUE,0.678893016,0.836651559,0.71129028,0.678893016,249.8227784
56,TRUE,0.95,SDFA_NAP_model,0.5,64,TRUE,64,10,40,FALSE,TRUE,0.666053145,0.825976505,0.694710851,0.666053145,182.9582256
56,TRUE,0.95,SDFA_NAP_model,0.5,64,TRUE,128,10,40,FALSE,TRUE,0.655235692,0.829917302,0.683336486,0.655235692,145.9803055
56,FALSE,0.95,SDFA_NAP_model,0.5,64,TRUE,128,10,40,FALSE,TRUE,0.65448624,0.829939302,0.683789867,0.65448624,152.8813808
56,FALSE,0.95,NAP_model,0,16,FALSE,128,10,40,TRUE,FALSE,0.72895198,0.905177158,0.775466263,0.72895198,400.7307786
56,FALSE,0.95,NAP_model,0,32,FALSE,128,10,40,TRUE,FALSE,0.701288396,0.894339486,0.759604843,0.701288396,357.8642474
56,FALSE,0.95,NAP_model,0,64,FALSE,128,10,40,TRUE,FALSE,0.756483308,0.885109681,0.782337975,0.756483308,395.9362539
8,TRUE,0.95,SDFA_NAP_model,0,16,TRUE,32,10,40,FALSE,TRUE,0.800023145,0.894610026,0.813558825,0.800023145,213.4955525
8,TRUE,0.95,SDFA_NAP_model,0,16,TRUE,64,10,40,FALSE,TRUE,0.752399899,0.893964949,0.765384949,0.752399899,171.5218042
8,TRUE,0.95,SDFA_NAP_model,0,16,TRUE,128,10,40,FALSE,TRUE,0.733090496,0.889918751,0.760541744,0.733090496,175.9311084
8,FALSE,0.95,SDFA_NAP_model,0,16,TRUE,128,10,40,FALSE,TRUE,0.722476938,0.873859301,0.751548925,0.722476938,152.1660124
8,TRUE,0.95,SDFA_NAP_model,0.2,16,TRUE,32,10,40,FALSE,TRUE,0.788136621,0.901750902,0.809896366,0.788136621,212.7106838
8,TRUE,0.95,SDFA_NAP_model,0.2,16,TRUE,64,10,40,FALSE,TRUE,0.791586303,0.901189569,0.812375471,0.791586303,195.4430193
8,TRUE,0.95,SDFA_NAP_model,0.2,16,TRUE,128,10,40,FALSE,TRUE,0.783524186,0.907014796,0.802262941,0.783524186,140.115769
8,FALSE,0.95,SDFA_NAP_model,0.2,16,TRUE,128,10,40,FALSE,TRUE,0.759756649,0.897664841,0.774468568,0.759756649,163.5370106
8,TRUE,0.95,SDFA_NAP_model,0.5,16,TRUE,32,10,40,FALSE,TRUE,0.814334366,0.920078987,0.844287939,0.814334366,217.7723882
8,TRUE,0.95,SDFA_NAP_model,0.5,16,TRUE,64,10,40,FALSE,TRUE,0.799229608,0.901496358,0.822408173,0.799229608,165.4299159
8,TRUE,0.95,SDFA_NAP_model,0.5,16,TRUE,128,10,40,FALSE,TRUE,0.791266684,0.896651174,0.811408264,0.791266684,152.7865342
8,FALSE,0.95,SDFA_NAP_model,0.5,16,TRUE,128,10,40,FALSE,TRUE,0.760919401,0.882513441,0.775290331,0.760919401,169.0659577
8,TRUE,0.95,SDFA_NAP_model,0,32,TRUE,32,10,40,FALSE,TRUE,0.768507599,0.899866897,0.782256553,0.768507599,239.1048011
8,TRUE,0.95,SDFA_NAP_model,0,32,TRUE,64,10,40,FALSE,TRUE,0.735101892,0.911647264,0.762960597,0.735101892,164.7843435
8,TRUE,0.95,SDFA_NAP_model,0,32,TRUE,128,10,40,FALSE,TRUE,0.771847068,0.898893023,0.789298148,0.771847068,141.5543673
8,FALSE,0.95,SDFA_NAP_model,0,32,TRUE,128,10,40,FALSE,TRUE,0.772210772,0.900352359,0.790056151,0.772210772,145.6642438
8,TRUE,0.95,SDFA_NAP_model,0.2,32,TRUE,32,10,40,FALSE,TRUE,0.798535263,0.902024923,0.818974787,0.798535263,232.2676574
8,TRUE,0.95,SDFA_NAP_model,0.2,32,TRUE,64,10,40,FALSE,TRUE,0.812047436,0.893431467,0.825159048,0.812047436,176.1433247
8,TRUE,0.95,SDFA_NAP_model,0.2,32,TRUE,128,10,40,FALSE,TRUE,0.777809617,0.884736573,0.797195748,0.777809617,137.596042
8,FALSE,0.95,SDFA_NAP_model,0.2,32,TRUE,128,10,40,FALSE,TRUE,0.777534084,0.884885631,0.797330891,0.777534084,136.0536992
8,TRUE,0.95,SDFA_NAP_model,0.5,32,TRUE,32,10,40,FALSE,TRUE,0.832635315,0.91199756,0.858473714,0.832635315,218.4782353
8,TRUE,0.95,SDFA_NAP_model,0.5,32,TRUE,64,10,40,FALSE,TRUE,0.793900786,0.886001845,0.81778275,0.793900786,160.4223827
8,TRUE,0.95,SDFA_NAP_model,0.5,32,TRUE,128,10,40,FALSE,TRUE,0.784609789,0.876999119,0.805536469,0.784609789,134.9140364
8,FALSE,0.95,SDFA_NAP_model,0.5,32,TRUE,128,10,40,FALSE,TRUE,0.781551365,0.874480696,0.80177651,0.781551365,187.079382
8,TRUE,0.95,SDFA_NAP_model,0,64,TRUE,32,10,40,FALSE,TRUE,0.771136191,0.903990823,0.790420125,0.771136191,229.681647
8,TRUE,0.95,SDFA_NAP_model,0,64,TRUE,64,10,40,FALSE,TRUE,0.750845888,0.890424419,0.77597191,0.750845888,160.7339319
8,TRUE,0.95,SDFA_NAP_model,0,64,TRUE,128,10,40,FALSE,TRUE,0.755215853,0.895531301,0.781035607,0.755215853,148.0356125
8,FALSE,0.95,SDFA_NAP_model,0,64,TRUE,128,10,40,FALSE,TRUE,0.75216845,0.894933266,0.776854651,0.75216845,145.9192787
8,TRUE,0.95,SDFA_NAP_model,0.2,64,TRUE,32,10,40,FALSE,TRUE,0.804541898,0.901231003,0.832549403,0.804541898,203.2185423
8,TRUE,0.95,SDFA_NAP_model,0.2,64,TRUE,64,10,40,FALSE,TRUE,0.79205471,0.888557277,0.813001393,0.79205471,182.0861088
8,TRUE,0.95,SDFA_NAP_model,0.2,64,TRUE,128,10,40,FALSE,TRUE,0.78322661,0.895636161,0.80229463,0.78322661,137.5135746
8,FALSE,0.95,SDFA_NAP_model,0.2,64,TRUE,128,10,40,FALSE,TRUE,0.771758897,0.887725986,0.791192185,0.771758897,159.0216575
8,TRUE,0.95,SDFA_NAP_model,0.5,64,TRUE,32,10,40,FALSE,TRUE,0.773246779,0.897613329,0.805727938,0.773246779,206.7793522
8,TRUE,0.95,SDFA_NAP_model,0.5,64,TRUE,64,10,40,FALSE,TRUE,0.715946789,0.841675961,0.736326673,0.715946789,175.8728183
8,TRUE,0.95,SDFA_NAP_model,0.5,64,TRUE,128,10,40,FALSE,TRUE,0.695061334,0.829264088,0.716416217,0.695061334,147.1702996
8,FALSE,0.95,SDFA_NAP_model,0.5,64,TRUE,128,10,40,FALSE,TRUE,0.697045177,0.814564113,0.708004084,0.697045177,142.7852167
8,FALSE,0.95,NAP_model,0,16,FALSE,128,10,40,TRUE,FALSE,0.739934754,0.868646927,0.775849721,0.739934754,376.2895134
8,FALSE,0.95,NAP_model,0,32,FALSE,128,10,40,TRUE,FALSE,0.745847707,0.87572804,0.787419658,0.745847707,363.921332
8,FALSE,0.95,NAP_model,0,64,FALSE,128,10,40,TRUE,FALSE,0.726940584,0.896786304,0.769535416,0.726940584,364.8996189
15,TRUE,0.95,SDFA_NAP_model,0,16,TRUE,32,10,40,FALSE,TRUE,0.76540509,0.83759657,0.76571752,0.76540509,218.0437523
15,TRUE,0.95,SDFA_NAP_model,0,16,TRUE,64,10,40,FALSE,TRUE,0.768221044,0.842063849,0.766007325,0.768221044,204.2033022
15,TRUE,0.95,SDFA_NAP_model,0,16,TRUE,128,10,40,FALSE,TRUE,0.768981517,0.827977432,0.765362441,0.768981517,135.2184201
15,FALSE,0.95,SDFA_NAP_model,0,16,TRUE,128,10,40,FALSE,TRUE,0.771158233,0.831242989,0.768129612,0.771158233,158.9489444
15,TRUE,0.95,SDFA_NAP_model,0.2,16,TRUE,32,10,40,FALSE,TRUE,0.788544411,0.838209955,0.791238283,0.788544411,205.9841344
15,TRUE,0.95,SDFA_NAP_model,0.2,16,TRUE,64,10,40,FALSE,TRUE,0.77954548,0.838866253,0.780809344,0.77954548,174.6914669
15,TRUE,0.95,SDFA_NAP_model,0.2,16,TRUE,128,10,40,FALSE,TRUE,0.77432136,0.839320881,0.774516747,0.77432136,134.8219224
15,FALSE,0.95,SDFA_NAP_model,0.2,16,TRUE,128,10,40,FALSE,TRUE,0.774194615,0.838557251,0.774360797,0.774194615,136.8879129
15,TRUE,0.95,SDFA_NAP_model,0.5,16,TRUE,32,10,40,FALSE,TRUE,0.799124905,0.841018715,0.8059119,0.799124905,206.1246881
15,TRUE,0.95,SDFA_NAP_model,0.5,16,TRUE,64,10,40,FALSE,TRUE,0.780702721,0.825014424,0.781539169,0.780702721,168.5001313
15,TRUE,0.95,SDFA_NAP_model,0.5,16,TRUE,128,10,40,FALSE,TRUE,0.766496203,0.823219902,0.762820802,0.766496203,181.1925013
15,FALSE,0.95,SDFA_NAP_model,0.5,16,TRUE,128,10,40,FALSE,TRUE,0.738876704,0.82134456,0.744917811,0.738876704,164.4691848
15,TRUE,0.95,SDFA_NAP_model,0,32,TRUE,32,10,40,FALSE,TRUE,0.744365336,0.880525191,0.76841499,0.744365336,215.4066024
15,TRUE,0.95,SDFA_NAP_model,0,32,TRUE,64,10,40,FALSE,TRUE,0.719192576,0.867206924,0.754317563,0.719192576,210.7332348
15,TRUE,0.95,SDFA_NAP_model,0,32,TRUE,128,10,40,FALSE,TRUE,0.72020654,0.860751726,0.760691624,0.72020654,170.5419061
15,FALSE,0.95,SDFA_NAP_model,0,32,TRUE,128,10,40,FALSE,TRUE,0.71007241,0.856172702,0.748929269,0.71007241,164.1770189
15,TRUE,0.95,SDFA_NAP_model,0.2,32,TRUE,32,10,40,FALSE,TRUE,0.742579877,0.848034684,0.777797879,0.742579877,231.3286636
15,TRUE,0.95,SDFA_NAP_model,0.2,32,TRUE,64,10,40,FALSE,TRUE,0.738667299,0.832944535,0.769505989,0.738667299,183.2789352
15,TRUE,0.95,SDFA_NAP_model,0.2,32,TRUE,128,10,40,FALSE,TRUE,0.733762799,0.862015854,0.773874134,0.733762799,158.3401546
15,FALSE,0.95,SDFA_NAP_model,0.2,32,TRUE,128,10,40,FALSE,TRUE,0.734269781,0.855365994,0.773801087,0.734269781,169.6887489
15,TRUE,0.95,SDFA_NAP_model,0.5,32,TRUE,32,10,40,FALSE,TRUE,0.742800304,0.889999849,0.792063879,0.742800304,208.5300326
15,TRUE,0.95,SDFA_NAP_model,0.5,32,TRUE,64,10,40,FALSE,TRUE,0.735156999,0.86708375,0.776823899,0.735156999,187.6312727
15,TRUE,0.95,SDFA_NAP_model,0.5,32,TRUE,128,10,40,FALSE,TRUE,0.717655098,0.844512186,0.752976347,0.717655098,131.9875424
15,FALSE,0.95,SDFA_NAP_model,0.5,32,TRUE,128,10,40,FALSE,TRUE,0.693270365,0.805625069,0.721654457,0.693270365,133.068072
15,TRUE,0.95,SDFA_NAP_model,0,64,TRUE,32,10,40,FALSE,TRUE,0.765708177,0.901174432,0.780660342,0.765708177,205.1527822
15,TRUE,0.95,SDFA_NAP_model,0,64,TRUE,64,10,40,FALSE,TRUE,0.773555377,0.89870016,0.794957507,0.773555377,181.0176296
15,TRUE,0.95,SDFA_NAP_model,0,64,TRUE,128,10,40,FALSE,TRUE,0.771769918,0.897087484,0.793083695,0.771769918,155.1225341
15,FALSE,0.95,SDFA_NAP_model,0,64,TRUE,128,10,40,FALSE,TRUE,0.773649058,0.900560343,0.792287257,0.773649058,171.2472162
15,TRUE,0.95,SDFA_NAP_model,0.2,64,TRUE,32,10,40,FALSE,TRUE,0.757045397,0.859012867,0.78068084,0.757045397,207.9488459
15,TRUE,0.95,SDFA_NAP_model,0.2,64,TRUE,64,10,40,FALSE,TRUE,0.775059791,0.897842376,0.792862271,0.775059791,170.1074992
15,TRUE,0.95,SDFA_NAP_model,0.2,64,TRUE,128,10,40,FALSE,TRUE,0.770518995,0.896271484,0.787118115,0.770518995,131.2201734
15,FALSE,0.95,SDFA_NAP_model,0.2,64,TRUE,128,10,40,FALSE,TRUE,0.771422746,0.896734148,0.788335831,0.771422746,175.5635569
15,TRUE,0.95,SDFA_NAP_model,0.5,64,TRUE,32,10,40,FALSE,TRUE,0.773687633,0.865671094,0.797603835,0.773687633,228.0724548
15,TRUE,0.95,SDFA_NAP_model,0.5,64,TRUE,64,10,40,FALSE,TRUE,0.75551343,0.851179008,0.773638591,0.75551343,155.6694056
15,TRUE,0.95,SDFA_NAP_model,0.5,64,TRUE,128,10,40,FALSE,TRUE,0.738909768,0.852436283,0.75770534,0.738909768,134.0952121
15,FALSE,0.95,SDFA_NAP_model,0.5,64,TRUE,128,10,40,FALSE,TRUE,0.738584638,0.849773781,0.756314985,0.738584638,132.7464243
15,FALSE,0.95,NAP_model,0,16,FALSE,128,10,40,TRUE,FALSE,0.640378914,0.797005146,0.691596572,0.640378914,345.9005727
15,FALSE,0.95,NAP_model,0,32,FALSE,128,10,40,TRUE,FALSE,0.744795168,0.893631987,0.791697973,0.744795168,327.4282836
15,FALSE,0.95,NAP_model,0,64,FALSE,128,10,40,TRUE,FALSE,0.705515083,0.860998557,0.745976686,0.705515083,327.9065816
76,TRUE,0.95,SDFA_NAP_model,0,16,TRUE,32,10,40,FALSE,TRUE,0.666841171,0.913144738,0.710636017,0.666841171,120.9953026
76,TRUE,0.95,SDFA_NAP_model,0,16,TRUE,64,10,40,FALSE,TRUE,0.707504436,0.843787117,0.722442516,0.707504436,91.59559536
76,TRUE,0.95,SDFA_NAP_model,0,16,TRUE,128,10,40,FALSE,TRUE,0.713681902,0.827755217,0.728363274,0.713681902,78.30930943
76,FALSE,0.95,SDFA_NAP_model,0,16,TRUE,128,10,40,FALSE,TRUE,0.726780774,0.848286248,0.746349959,0.726780774,77.93732799
76,TRUE,0.95,SDFA_NAP_model,0.2,16,TRUE,32,10,40,FALSE,TRUE,0.773781314,0.873613688,0.799395392,0.773781314,120.2556817
76,TRUE,0.95,SDFA_NAP_model,0.2,16,TRUE,64,10,40,FALSE,TRUE,0.766821333,0.873539771,0.790702593,0.766821333,92.99934086
76,TRUE,0.95,SDFA_NAP_model,0.2,16,TRUE,128,10,40,FALSE,TRUE,0.76352595,0.873318284,0.788803866,0.76352595,78.66788568
76,FALSE,0.95,SDFA_NAP_model,0.2,16,TRUE,128,10,40,FALSE,TRUE,0.76916888,0.879173538,0.79409914,0.76916888,78.54918841
76,TRUE,0.95,SDFA_NAP_model,0.5,16,TRUE,32,10,40,FALSE,TRUE,0.79009291,0.890335826,0.82171651,0.79009291,122.2648151
76,TRUE,0.95,SDFA_NAP_model,0.5,16,TRUE,64,10,40,FALSE,TRUE,0.777043634,0.874778826,0.803861393,0.777043634,91.95272966
76,TRUE,0.95,SDFA_NAP_model,0.5,16,TRUE,128,10,40,FALSE,TRUE,0.77300982,0.872767556,0.798397979,0.77300982,78.48425183
76,FALSE,0.95,SDFA_NAP_model,0.5,16,TRUE,128,10,40,FALSE,TRUE,0.772899607,0.872498417,0.798284375,0.772899607,77.83543008
76,TRUE,0.95,SDFA_NAP_model,0,32,TRUE,32,10,40,FALSE,TRUE,0.722774514,0.896306538,0.755078626,0.722774514,120.2656115
76,TRUE,0.95,SDFA_NAP_model,0,32,TRUE,64,10,40,FALSE,TRUE,0.680011683,0.856428126,0.713662539,0.680011683,92.66180849
76,TRUE,0.95,SDFA_NAP_model,0,32,TRUE,128,10,40,FALSE,TRUE,0.681086264,0.858223675,0.715806508,0.681086264,78.33129
76,FALSE,0.95,SDFA_NAP_model,0,32,TRUE,128,10,40,FALSE,TRUE,0.680386408,0.85953819,0.718581031,0.680386408,78.48254849
76,TRUE,0.95,SDFA_NAP_model,0.2,32,TRUE,32,10,40,FALSE,TRUE,0.706788048,0.856777257,0.751739939,0.706788048,122.5849972
76,TRUE,0.95,SDFA_NAP_model,0.2,32,TRUE,64,10,40,FALSE,TRUE,0.697458477,0.845002618,0.737166113,0.697458477,92.72728362
76,TRUE,0.95,SDFA_NAP_model,0.2,32,TRUE,128,10,40,FALSE,TRUE,0.689859257,0.840787991,0.727924706,0.689859257,78.39968573
76,FALSE,0.95,SDFA_NAP_model,0.2,32,TRUE,128,10,40,FALSE,TRUE,0.675057587,0.835103946,0.708715121,0.675057587,78.658551
76,TRUE,0.95,SDFA_NAP_model,0.5,32,TRUE,32,10,40,FALSE,TRUE,0.711202098,0.876613949,0.763134265,0.711202098,120.1884919
76,TRUE,0.95,SDFA_NAP_model,0.5,32,TRUE,64,10,40,FALSE,TRUE,0.678722185,0.817781311,0.712558665,0.678722185,91.62155708
76,TRUE,0.95,SDFA_NAP_model,0.5,32,TRUE,128,10,40,FALSE,TRUE,0.667673283,0.803442511,0.696203564,0.667673283,77.65821241
76,FALSE,0.95,SDFA_NAP_model,0.5,32,TRUE,128,10,40,FALSE,TRUE,0.663992153,0.802098868,0.701122759,0.663992153,77.65049904
76,TRUE,0.95,SDFA_NAP_model,0,64,TRUE,32,10,40,FALSE,TRUE,0.790467636,0.899789076,0.802946205,0.790467636,119.7117452
76,TRUE,0.95,SDFA_NAP_model,0,64,TRUE,64,10,40,FALSE,TRUE,0.736181985,0.891578781,0.751790392,0.736181985,91.68819645
76,TRUE,0.95,SDFA_NAP_model,0,64,TRUE,128,10,40,FALSE,TRUE,0.740138649,0.898846905,0.756352484,0.740138649,78.37295184
76,FALSE,0.95,SDFA_NAP_model,0,64,TRUE,128,10,40,FALSE,TRUE,0.740254373,0.901488312,0.757317259,0.740254373,77.67430943
76,TRUE,0.95,SDFA_NAP_model,0.2,64,TRUE,32,10,40,FALSE,TRUE,0.788241323,0.894076943,0.808663603,0.788241323,120.4462729
76,TRUE,0.95,SDFA_NAP_model,0.2,64,TRUE,64,10,40,FALSE,TRUE,0.748040955,0.886061039,0.763729177,0.748040955,92.17743329
76,TRUE,0.95,SDFA_NAP_model,0.2,64,TRUE,128,10,40,FALSE,TRUE,0.738590149,0.893099752,0.754036511,0.738590149,77.82221749
76,FALSE,0.95,SDFA_NAP_model,0.2,64,TRUE,128,10,40,FALSE,TRUE,0.73303539,0.885072791,0.748394445,0.73303539,77.61870426
76,TRUE,0.95,SDFA_NAP_model,0.5,64,TRUE,32,10,40,FALSE,TRUE,0.769367264,0.878436822,0.792750043,0.769367264,120.5959187
76,TRUE,0.95,SDFA_NAP_model,0.5,64,TRUE,64,10,40,FALSE,TRUE,0.724311992,0.854629955,0.745120636,0.724311992,91.45585848
76,TRUE,0.95,SDFA_NAP_model,0.5,64,TRUE,128,10,40,FALSE,TRUE,0.714502992,0.859897863,0.733834532,0.714502992,78.09084029
76,FALSE,0.95,SDFA_NAP_model,0.5,64,TRUE,128,10,40,FALSE,TRUE,0.71358822,0.858623659,0.732215053,0.71358822,77.8799928
76,FALSE,0.95,NAP_model,0,16,FALSE,128,10,40,TRUE,FALSE,0.716475814,0.865579718,0.769580404,0.716475814,204.6313513
76,FALSE,0.95,NAP_model,0,32,FALSE,128,10,40,TRUE,FALSE,0.73974188,0.892356161,0.784503377,0.73974188,202.762524
76,FALSE,0.95,NAP_model,0,64,FALSE,128,10,40,TRUE,FALSE,0.68219942,0.891581141,0.73287393,0.68219942,203.6356544
23,TRUE,0.95,SDFA_NAP_model,0,16,TRUE,32,10,40,FALSE,TRUE,0.745103766,0.8923942,0.760970323,0.745103766,119.2045646
23,TRUE,0.95,SDFA_NAP_model,0,16,TRUE,64,10,40,FALSE,TRUE,0.756047965,0.896339393,0.77004056,0.756047965,91.81771023
23,TRUE,0.95,SDFA_NAP_model,0,16,TRUE,128,10,40,FALSE,TRUE,0.747677251,0.886003081,0.760684831,0.747677251,78.05296073
23,FALSE,0.95,SDFA_NAP_model,0,16,TRUE,128,10,40,FALSE,TRUE,0.742668048,0.883627936,0.75440328,0.742668048,77.4248173
23,TRUE,0.95,SDFA_NAP_model,0.2,16,TRUE,32,10,40,FALSE,TRUE,0.772745308,0.884029874,0.797467264,0.772745308,119.9088626
23,TRUE,0.95,SDFA_NAP_model,0.2,16,TRUE,64,10,40,FALSE,TRUE,0.767603849,0.881315871,0.786851699,0.767603849,92.20791274
23,TRUE,0.95,SDFA_NAP_model,0.2,16,TRUE,128,10,40,FALSE,TRUE,0.758202639,0.884558052,0.775829574,0.758202639,77.60854793
23,FALSE,0.95,SDFA_NAP_model,0.2,16,TRUE,128,10,40,FALSE,TRUE,0.760616314,0.892582537,0.782414843,0.760616314,77.3466645
23,TRUE,0.95,SDFA_NAP_model,0.5,16,TRUE,32,10,40,FALSE,TRUE,0.788627071,0.902509401,0.81694904,0.788627071,118.4841804
23,TRUE,0.95,SDFA_NAP_model,0.5,16,TRUE,64,10,40,FALSE,TRUE,0.781452173,0.888057122,0.803510284,0.781452173,91.03353842
23,TRUE,0.95,SDFA_NAP_model,0.5,16,TRUE,128,10,40,FALSE,TRUE,0.773709676,0.876896097,0.793726634,0.773709676,77.99790608
23,FALSE,0.95,SDFA_NAP_model,0.5,16,TRUE,128,10,40,FALSE,TRUE,0.773164119,0.87677387,0.793186733,0.773164119,77.71893942
23,TRUE,0.95,SDFA_NAP_model,0,32,TRUE,32,10,40,FALSE,TRUE,0.755976326,0.902447831,0.774074673,0.755976326,122.2316441
23,TRUE,0.95,SDFA_NAP_model,0,32,TRUE,64,10,40,FALSE,TRUE,0.761768045,0.898290052,0.780189836,0.761768045,90.89044793
23,TRUE,0.95,SDFA_NAP_model,0,32,TRUE,128,10,40,FALSE,TRUE,0.760153417,0.89504424,0.778341682,0.760153417,77.70628963
23,FALSE,0.95,SDFA_NAP_model,0,32,TRUE,128,10,40,FALSE,TRUE,0.762886712,0.894372667,0.781332346,0.762886712,77.94791023
23,TRUE,0.95,SDFA_NAP_model,0.2,32,TRUE,32,10,40,FALSE,TRUE,0.787161231,0.900880493,0.813628137,0.787161231,119.6541071
23,TRUE,0.95,SDFA_NAP_model,0.2,32,TRUE,64,10,40,FALSE,TRUE,0.77636031,0.88528852,0.799580308,0.77636031,92.02851946
23,TRUE,0.95,SDFA_NAP_model,0.2,32,TRUE,128,10,40,FALSE,TRUE,0.749380049,0.905314663,0.786292581,0.749380049,77.97366013
23,FALSE,0.95,SDFA_NAP_model,0.2,32,TRUE,128,10,40,FALSE,TRUE,0.741665105,0.897847277,0.77763071,0.741665105,77.2351563
23,TRUE,0.95,SDFA_NAP_model,0.5,32,TRUE,32,10,40,FALSE,TRUE,0.764479296,0.918580615,0.811249985,0.764479296,120.0426243
23,TRUE,0.95,SDFA_NAP_model,0.5,32,TRUE,64,10,40,FALSE,TRUE,0.744034695,0.885759846,0.784615128,0.744034695,91.61745733
23,TRUE,0.95,SDFA_NAP_model,0.5,32,TRUE,128,10,40,FALSE,TRUE,0.731387698,0.872518339,0.766436069,0.731387698,78.07232997
23,FALSE,0.95,SDFA_NAP_model,0.5,32,TRUE,128,10,40,FALSE,TRUE,0.750278289,0.879885921,0.789669049,0.750278289,77.95425159
23,TRUE,0.95,SDFA_NAP_model,0,64,TRUE,32,10,40,FALSE,TRUE,0.76189479,0.88742891,0.778769415,0.76189479,120.4869319
23,TRUE,0.95,SDFA_NAP_model,0,64,TRUE,64,10,40,FALSE,TRUE,0.693937156,0.810680405,0.707878715,0.693937156,91.77611047
23,TRUE,0.95,SDFA_NAP_model,0,64,TRUE,128,10,40,FALSE,TRUE,0.709725238,0.814619542,0.72455513,0.709725238,78.27603711
23,FALSE,0.95,SDFA_NAP_model,0,64,TRUE,128,10,40,FALSE,TRUE,0.705994511,0.790875619,0.713336384,0.705994511,78.26534052
23,TRUE,0.95,SDFA_NAP_model,0.2,64,TRUE,32,10,40,FALSE,TRUE,0.758478172,0.839854801,0.774610722,0.758478172,120.4366791
23,TRUE,0.95,SDFA_NAP_model,0.2,64,TRUE,64,10,40,FALSE,TRUE,0.739058556,0.829243283,0.749159013,0.739058556,92.14520696
23,TRUE,0.95,SDFA_NAP_model,0.2,64,TRUE,128,10,40,FALSE,TRUE,0.70721237,0.815524535,0.705941383,0.70721237,77.95171494
23,FALSE,0.95,SDFA_NAP_model,0.2,64,TRUE,128,10,40,FALSE,TRUE,0.706071661,0.813713685,0.704756335,0.706071661,77.74444843
23,TRUE,0.95,SDFA_NAP_model,0.5,64,TRUE,32,10,40,FALSE,TRUE,0.722471427,0.851282052,0.750653348,0.722471427,121.0858578
23,TRUE,0.95,SDFA_NAP_model,0.5,64,TRUE,64,10,40,FALSE,TRUE,0.703173046,0.807421495,0.699413653,0.703173046,91.57774467
23,TRUE,0.95,SDFA_NAP_model,0.5,64,TRUE,128,10,40,FALSE,TRUE,0.676699767,0.811912501,0.673173879,0.676699767,78.52615339
23,FALSE,0.95,SDFA_NAP_model,0.5,64,TRUE,128,10,40,FALSE,TRUE,0.610830679,0.790130328,0.61821012,0.610830679,77.77379484
23,FALSE,0.95,NAP_model,0,16,FALSE,128,10,40,TRUE,FALSE,0.700456284,0.877965079,0.754812898,0.700456284,203.6430615
23,FALSE,0.95,NAP_model,0,32,FALSE,128,10,40,TRUE,FALSE,0.759861351,0.869301593,0.785474566,0.759861351,204.166066
23,FALSE,0.95,NAP_model,0,64,FALSE,128,10,40,TRUE,FALSE,0.712331787,0.872496827,0.762524859,0.712331787,203.8880976
42,TRUE,0.95,SDFA_NAP_model,0,16,TRUE,32,10,40,FALSE,TRUE,0.760963486,0.8941326,0.774560334,0.760963486,120.6612212
42,TRUE,0.95,SDFA_NAP_model,0,16,TRUE,64,10,40,FALSE,TRUE,0.701696186,0.888730851,0.739733913,0.701696186,90.30706748
42,TRUE,0.95,SDFA_NAP_model,0,16,TRUE,128,10,40,FALSE,TRUE,0.726758732,0.890043966,0.756744708,0.726758732,77.18015871
42,FALSE,0.95,SDFA_NAP_model,0,16,TRUE,128,10,40,FALSE,TRUE,0.726163579,0.872721619,0.749028979,0.726163579,77.03262386
42,TRUE,0.95,SDFA_NAP_model,0.2,16,TRUE,32,10,40,FALSE,TRUE,0.734451633,0.903689428,0.78027697,0.734451633,118.4556293
42,TRUE,0.95,SDFA_NAP_model,0.2,16,TRUE,64,10,40,FALSE,TRUE,0.754670296,0.885841412,0.785198406,0.754670296,90.44666378
42,TRUE,0.95,SDFA_NAP_model,0.2,16,TRUE,128,10,40,FALSE,TRUE,0.730186371,0.851557918,0.754737873,0.730186371,77.93019199
42,FALSE,0.95,SDFA_NAP_model,0.2,16,TRUE,128,10,40,FALSE,TRUE,0.727596354,0.850332746,0.752096139,0.727596354,77.39260256
42,TRUE,0.95,SDFA_NAP_model,0.5,16,TRUE,32,10,40,FALSE,TRUE,0.740326011,0.895716157,0.784201958,0.740326011,117.8477091
42,TRUE,0.95,SDFA_NAP_model,0.5,16,TRUE,64,10,40,FALSE,TRUE,0.738176849,0.855853072,0.770986048,0.738176849,90.44191405
42,TRUE,0.95,SDFA_NAP_model,0.5,16,TRUE,128,10,40,FALSE,TRUE,0.732743324,0.844366636,0.758437699,0.732743324,77.35609516
42,FALSE,0.95,SDFA_NAP_model,0.5,16,TRUE,128,10,40,FALSE,TRUE,0.702258274,0.846282246,0.745822835,0.702258274,77.00947135
42,TRUE,0.95,SDFA_NAP_model,0,32,TRUE,32,10,40,FALSE,TRUE,0.763371651,0.904858937,0.782481883,0.763371651,118.0458053
42,TRUE,0.95,SDFA_NAP_model,0,32,TRUE,64,10,40,FALSE,TRUE,0.777418359,0.909977936,0.796890464,0.777418359,91.10256866
42,TRUE,0.95,SDFA_NAP_model,0,32,TRUE,128,10,40,FALSE,TRUE,0.777991469,0.911803107,0.798060329,0.777991469,77.63703784
42,FALSE,0.95,SDFA_NAP_model,0,32,TRUE,128,10,40,FALSE,TRUE,0.783154971,0.915442607,0.804424312,0.783154971,77.50381403
42,TRUE,0.95,SDFA_NAP_model,0.2,32,TRUE,32,10,40,FALSE,TRUE,0.796336504,0.904742625,0.82506533,0.796336504,118.6099642
42,TRUE,0.95,SDFA_NAP_model,0.2,32,TRUE,64,10,40,FALSE,TRUE,0.771031488,0.879132979,0.792609199,0.771031488,90.80271249
42,TRUE,0.95,SDFA_NAP_model,0.2,32,TRUE,128,10,40,FALSE,TRUE,0.768127363,0.890375742,0.78938223,0.768127363,77.46287335
42,FALSE,0.95,SDFA_NAP_model,0.2,32,TRUE,128,10,40,FALSE,TRUE,0.778300067,0.899216186,0.800184438,0.778300067,77.23681365
42,TRUE,0.95,SDFA_NAP_model,0.5,32,TRUE,32,10,40,FALSE,TRUE,0.79099115,0.914069905,0.824467213,0.79099115,118.0912579
42,TRUE,0.95,SDFA_NAP_model,0.5,32,TRUE,64,10,40,FALSE,TRUE,0.781804856,0.893948352,0.806571286,0.781804856,90.90951283
42,TRUE,0.95,SDFA_NAP_model,0.5,32,TRUE,128,10,40,FALSE,TRUE,0.769582181,0.883725801,0.790774876,0.769582181,77.47248878
42,FALSE,0.95,SDFA_NAP_model,0.5,32,TRUE,128,10,40,FALSE,TRUE,0.766077392,0.881368093,0.78611057,0.766077392,77.49370324
42,TRUE,0.95,SDFA_NAP_model,0,64,TRUE,32,10,40,FALSE,TRUE,0.65833269,0.839108343,0.686920581,0.65833269,118.4352464
42,TRUE,0.95,SDFA_NAP_model,0,64,TRUE,64,10,40,FALSE,TRUE,0.660448789,0.842557255,0.693859957,0.660448789,90.75536667
42,TRUE,0.95,SDFA_NAP_model,0,64,TRUE,128,10,40,FALSE,TRUE,0.6363451,0.850690294,0.685995088,0.6363451,77.54530363
42,FALSE,0.95,SDFA_NAP_model,0,64,TRUE,128,10,40,FALSE,TRUE,0.651091665,0.845198837,0.692774429,0.651091665,77.2793804
42,TRUE,0.95,SDFA_NAP_model,0.2,64,TRUE,32,10,40,FALSE,TRUE,0.679058336,0.837736499,0.71417343,0.679058336,118.4499378
42,TRUE,0.95,SDFA_NAP_model,0.2,64,TRUE,64,10,40,FALSE,TRUE,0.619300585,0.808512228,0.65696627,0.619300585,90.79610358
42,TRUE,0.95,SDFA_NAP_model,0.2,64,TRUE,128,10,40,FALSE,TRUE,0.649135375,0.811581211,0.655489107,0.649135375,78.32283528
42,FALSE,0.95,SDFA_NAP_model,0.2,64,TRUE,128,10,40,FALSE,TRUE,0.68040294,0.839385795,0.706833256,0.68040294,77.54613317
42,TRUE,0.95,SDFA_NAP_model,0.5,64,TRUE,32,10,40,FALSE,TRUE,0.680683985,0.844189429,0.724095885,0.680683985,119.1827295
42,TRUE,0.95,SDFA_NAP_model,0.5,64,TRUE,64,10,40,FALSE,TRUE,0.664455049,0.831183634,0.702786,0.664455049,91.23221513
42,TRUE,0.95,SDFA_NAP_model,0.5,64,TRUE,128,10,40,FALSE,TRUE,0.634647813,0.799091046,0.664375937,0.634647813,77.61393056
42,FALSE,0.95,SDFA_NAP_model,0.5,64,TRUE,128,10,40,FALSE,TRUE,0.626519568,0.816136957,0.650608589,0.626519568,77.93757656
42,FALSE,0.95,NAP_model,0,16,FALSE,128,10,40,TRUE,FALSE,0.748085041,0.881277036,0.783253815,0.748085041,205.1490583
42,FALSE,0.95,NAP_model,0,32,FALSE,128,10,40,TRUE,FALSE,0.791944496,0.902928094,0.829070845,0.791944496,201.5287313
42,FALSE,0.95,NAP_model,0,64,FALSE,128,10,40,TRUE,FALSE,0.779617118,0.90250708,0.813036396,0.779617118,201.7390022
4,TRUE,0.95,SDFA_NAP_model,0,16,TRUE,32,10,40,FALSE,TRUE,0.776272139,0.852342424,0.773265742,0.776272139,118.3348163
4,TRUE,0.95,SDFA_NAP_model,0,16,TRUE,64,10,40,FALSE,TRUE,0.758020786,0.855384041,0.758937926,0.758020786,90.51700697
4,TRUE,0.95,SDFA_NAP_model,0,16,TRUE,128,10,40,FALSE,TRUE,0.75151268,0.877229576,0.773612464,0.75151268,77.36706918
4,FALSE,0.95,SDFA_NAP_model,0,16,TRUE,128,10,40,FALSE,TRUE,0.767554253,0.88842128,0.789853308,0.767554253,77.12318271
4,TRUE,0.95,SDFA_NAP_model,0.2,16,TRUE,32,10,40,FALSE,TRUE,0.789238755,0.865786296,0.798518129,0.789238755,117.9440892
4,TRUE,0.95,SDFA_NAP_model,0.2,16,TRUE,64,10,40,FALSE,TRUE,0.781937112,0.892902326,0.796161368,0.781937112,91.89958379
4,TRUE,0.95,SDFA_NAP_model,0.2,16,TRUE,128,10,40,FALSE,TRUE,0.779595076,0.903806076,0.794560561,0.779595076,77.91916382
4,FALSE,0.95,SDFA_NAP_model,0.2,16,TRUE,128,10,40,FALSE,TRUE,0.779517926,0.90516937,0.795002816,0.779517926,77.21463341
4,TRUE,0.95,SDFA_NAP_model,0.5,16,TRUE,32,10,40,FALSE,TRUE,0.796446717,0.912425275,0.818344758,0.796446717,117.8710718
4,TRUE,0.95,SDFA_NAP_model,0.5,16,TRUE,64,10,40,FALSE,TRUE,0.787811491,0.8894177,0.802668126,0.787811491,90.48545914
4,TRUE,0.95,SDFA_NAP_model,0.5,16,TRUE,128,10,40,FALSE,TRUE,0.751997619,0.880738214,0.778440908,0.751997619,77.29432487
4,FALSE,0.95,SDFA_NAP_model,0.5,16,TRUE,128,10,40,FALSE,TRUE,0.750068883,0.876838683,0.783873081,0.750068883,77.15416788
4,TRUE,0.95,SDFA_NAP_model,0,32,TRUE,32,10,40,FALSE,TRUE,0.754730914,0.889287786,0.778227506,0.754730914,119.0693632
4,TRUE,0.95,SDFA_NAP_model,0,32,TRUE,64,10,40,FALSE,TRUE,0.765124045,0.878945178,0.783250471,0.765124045,90.88238729
4,TRUE,0.95,SDFA_NAP_model,0,32,TRUE,128,10,40,FALSE,TRUE,0.740469289,0.842512416,0.757287783,0.740469289,77.709412
4,FALSE,0.95,SDFA_NAP_model,0,32,TRUE,128,10,40,FALSE,TRUE,0.741279358,0.846627634,0.75748648,0.741279358,77.17711617
4,TRUE,0.95,SDFA_NAP_model,0.2,32,TRUE,32,10,40,FALSE,TRUE,0.806536762,0.911619323,0.838042138,0.806536762,118.992338
4,TRUE,0.95,SDFA_NAP_model,0.2,32,TRUE,64,10,40,FALSE,TRUE,0.768017149,0.856628261,0.789126619,0.768017149,90.6109022
4,TRUE,0.95,SDFA_NAP_model,0.2,32,TRUE,128,10,40,FALSE,TRUE,0.763718823,0.854397752,0.782950958,0.763718823,77.96480273
4,FALSE,0.95,SDFA_NAP_model,0.2,32,TRUE,128,10,40,FALSE,TRUE,0.76188928,0.854358777,0.780839701,0.76188928,77.89908758
4,TRUE,0.95,SDFA_NAP_model,0.5,32,TRUE,32,10,40,FALSE,TRUE,0.782857395,0.881973906,0.814593697,0.782857395,118.7536544
4,TRUE,0.95,SDFA_NAP_model,0.5,32,TRUE,64,10,40,FALSE,TRUE,0.778597644,0.870407793,0.806252489,0.778597644,92.37284149
4,TRUE,0.95,SDFA_NAP_model,0.5,32,TRUE,128,10,40,FALSE,TRUE,0.765124045,0.851362105,0.786808682,0.765124045,77.50581893
4,FALSE,0.95,SDFA_NAP_model,0.5,32,TRUE,128,10,40,FALSE,TRUE,0.763994357,0.855915442,0.781993441,0.763994357,77.32702281
4,TRUE,0.95,SDFA_NAP_model,0,64,TRUE,32,10,40,FALSE,TRUE,0.771229872,0.904238478,0.790783208,0.771229872,118.6663972
4,TRUE,0.95,SDFA_NAP_model,0,64,TRUE,64,10,40,FALSE,TRUE,0.753039137,0.889304571,0.768908051,0.753039137,90.80613659
4,TRUE,0.95,SDFA_NAP_model,0,64,TRUE,128,10,40,FALSE,TRUE,0.744767615,0.883872364,0.756247257,0.744767615,77.81339793
4,FALSE,0.95,SDFA_NAP_model,0,64,TRUE,128,10,40,FALSE,TRUE,0.766452118,0.899022136,0.781943225,0.766452118,77.69466263
4,TRUE,0.95,SDFA_NAP_model,0.2,64,TRUE,32,10,40,FALSE,TRUE,0.771962792,0.885483065,0.790147583,0.771962792,119.7273897
4,TRUE,0.95,SDFA_NAP_model,0.2,64,TRUE,64,10,40,FALSE,TRUE,0.78739819,0.909978465,0.807899859,0.78739819,92.04494475
4,TRUE,0.95,SDFA_NAP_model,0.2,64,TRUE,128,10,40,FALSE,TRUE,0.767223612,0.895176074,0.786293829,0.767223612,77.53052497
4,FALSE,0.95,SDFA_NAP_model,0.2,64,TRUE,128,10,40,FALSE,TRUE,0.752675432,0.874530871,0.774894217,0.752675432,77.34939715
4,TRUE,0.95,SDFA_NAP_model,0.5,64,TRUE,32,10,40,FALSE,TRUE,0.791178513,0.910672749,0.819690154,0.791178513,118.3248548
4,TRUE,0.95,SDFA_NAP_model,0.5,64,TRUE,64,10,40,FALSE,TRUE,0.792280648,0.894143889,0.813327081,0.792280648,91.27876492
4,TRUE,0.95,SDFA_NAP_model,0.5,64,TRUE,128,10,40,FALSE,TRUE,0.783331313,0.888661504,0.804884678,0.783331313,78.44299732
4,FALSE,0.95,SDFA_NAP_model,0.5,64,TRUE,128,10,40,FALSE,TRUE,0.736523646,0.886293928,0.759615487,0.736523646,77.36043581
4,FALSE,0.95,NAP_model,0,16,FALSE,128,10,40,TRUE,FALSE,0.637303958,0.736799424,0.673539833,0.637303958,202.6122657
4,FALSE,0.95,NAP_model,0,32,FALSE,128,10,40,TRUE,FALSE,0.754896234,0.863020715,0.780751079,0.754896234,204.3937527
4,FALSE,0.95,NAP_model,0,64,FALSE,128,10,40,TRUE,FALSE,0.715263465,0.878329657,0.750227444,0.715263465,201.1827171
108,TRUE,0.95,SDFA_NAP_model,0,16,TRUE,32,10,40,FALSE,TRUE,0.6884871,0.906439696,0.728108742,0.6884871,117.8216059
108,TRUE,0.95,SDFA_NAP_model,0,16,TRUE,64,10,40,FALSE,TRUE,0.666901789,0.858004176,0.69691004,0.666901789,90.39413545
108,TRUE,0.95,SDFA_NAP_model,0,16,TRUE,128,10,40,FALSE,TRUE,0.675845613,0.860416095,0.703446919,0.675845613,77.39053639
108,FALSE,0.95,SDFA_NAP_model,0,16,TRUE,128,10,40,FALSE,TRUE,0.673718493,0.859182056,0.701199182,0.673718493,77.13309598
108,TRUE,0.95,SDFA_NAP_model,0.2,16,TRUE,32,10,40,FALSE,TRUE,0.70663375,0.89234282,0.751261622,0.70663375,119.0484919
108,TRUE,0.95,SDFA_NAP_model,0.2,16,TRUE,64,10,40,FALSE,TRUE,0.698880231,0.893563532,0.740119764,0.698880231,90.59397926
108,TRUE,0.95,SDFA_NAP_model,0.2,16,TRUE,128,10,40,FALSE,TRUE,0.667789007,0.871027408,0.699383726,0.667789007,77.24987287
108,FALSE,0.95,SDFA_NAP_model,0.2,16,TRUE,128,10,40,FALSE,TRUE,0.667326111,0.87026251,0.69871477,0.667326111,77.34791459
108,TRUE,0.95,SDFA_NAP_model,0.5,16,TRUE,32,10,40,FALSE,TRUE,0.716216812,0.903782006,0.767937547,0.716216812,118.0195086
108,TRUE,0.95,SDFA_NAP_model,0.5,16,TRUE,64,10,40,FALSE,TRUE,0.68906021,0.867821217,0.728381783,0.68906021,90.77919774
108,TRUE,0.95,SDFA_NAP_model,0.5,16,TRUE,128,10,40,FALSE,TRUE,0.660988835,0.846996803,0.692561088,0.660988835,78.04717169
108,FALSE,0.95,SDFA_NAP_model,0.5,16,TRUE,128,10,40,FALSE,TRUE,0.658393308,0.844065283,0.688464156,0.658393308,77.14839731
108,TRUE,0.95,SDFA_NAP_model,0,32,TRUE,32,10,40,FALSE,TRUE,0.728648893,0.888280644,0.751054293,0.728648893,118.2938345
108,TRUE,0.95,SDFA_NAP_model,0,32,TRUE,64,10,40,FALSE,TRUE,0.77047491,0.903249508,0.791252647,0.77047491,90.90585775
108,TRUE,0.95,SDFA_NAP_model,0,32,TRUE,128,10,40,FALSE,TRUE,0.771345596,0.898685361,0.795408446,0.771345596,77.43497044
108,FALSE,0.95,SDFA_NAP_model,0,32,TRUE,128,10,40,FALSE,TRUE,0.770298568,0.897660861,0.794617592,0.770298568,77.8595341
108,TRUE,0.95,SDFA_NAP_model,0.2,32,TRUE,32,10,40,FALSE,TRUE,0.804023894,0.902692641,0.833802107,0.804023894,119.2218147
108,TRUE,0.95,SDFA_NAP_model,0.2,32,TRUE,64,10,40,FALSE,TRUE,0.801891263,0.85680724,0.811982013,0.801891263,91.56971977
108,TRUE,0.95,SDFA_NAP_model,0.2,32,TRUE,128,10,40,FALSE,TRUE,0.775274707,0.87123417,0.793245568,0.775274707,77.61398602
108,FALSE,0.95,SDFA_NAP_model,0.2,32,TRUE,128,10,40,FALSE,TRUE,0.773323928,0.878144823,0.793427631,0.773323928,77.3182486
108,TRUE,0.95,SDFA_NAP_model,0.5,32,TRUE,32,10,40,FALSE,TRUE,0.732401662,0.806953938,0.749391776,0.732401662,118.3863426
108,TRUE,0.95,SDFA_NAP_model,0.5,32,TRUE,64,10,40,FALSE,TRUE,0.754279038,0.830212095,0.77121222,0.754279038,90.6037022
108,TRUE,0.95,SDFA_NAP_model,0.5,32,TRUE,128,10,40,FALSE,TRUE,0.713290644,0.797584025,0.713418071,0.713290644,77.66815298
108,FALSE,0.95,SDFA_NAP_model,0.5,32,TRUE,128,10,40,FALSE,TRUE,0.712414447,0.801596896,0.716040252,0.712414447,77.25665414
108,TRUE,0.95,SDFA_NAP_model,0,64,TRUE,32,10,40,FALSE,TRUE,0.7663915,0.890669205,0.787151596,0.7663915,120.0696067
108,TRUE,0.95,SDFA_NAP_model,0,64,TRUE,64,10,40,FALSE,TRUE,0.770304079,0.889209887,0.791017208,0.770304079,92.47764734
108,TRUE,0.95,SDFA_NAP_model,0,64,TRUE,128,10,40,FALSE,TRUE,0.769631777,0.889520848,0.789862455,0.769631777,77.61370881
108,FALSE,0.95,SDFA_NAP_model,0,64,TRUE,128,10,40,FALSE,TRUE,0.735057807,0.886823403,0.755062366,0.735057807,77.56859124
108,TRUE,0.95,SDFA_NAP_model,0.2,64,TRUE,32,10,40,FALSE,TRUE,0.781138064,0.878063418,0.804809767,0.781138064,119.4442086
108,TRUE,0.95,SDFA_NAP_model,0.2,64,TRUE,64,10,40,FALSE,TRUE,0.754091676,0.850963103,0.768095133,0.754091676,91.2380865
108,TRUE,0.95,SDFA_NAP_model,0.2,64,TRUE,128,10,40,FALSE,TRUE,0.722686343,0.841091316,0.732275749,0.722686343,77.49046877
108,FALSE,0.95,SDFA_NAP_model,0.2,64,TRUE,128,10,40,FALSE,TRUE,0.697105794,0.84953822,0.712256314,0.697105794,77.14023746
108,TRUE,0.95,SDFA_NAP_model,0.5,64,TRUE,32,10,40,FALSE,TRUE,0.787767405,0.889193948,0.815377194,0.787767405,118.7965219
108,TRUE,0.95,SDFA_NAP_model,0.5,64,TRUE,64,10,40,FALSE,TRUE,0.693518345,0.829956969,0.708299692,0.693518345,90.79128572
108,TRUE,0.95,SDFA_NAP_model,0.5,64,TRUE,128,10,40,FALSE,TRUE,0.668378649,0.8472309,0.692965968,0.668378649,77.45048669
108,FALSE,0.95,SDFA_NAP_model,0.5,64,TRUE,128,10,40,FALSE,TRUE,0.642048648,0.800672518,0.653186525,0.642048648,77.20093204
108,FALSE,0.95,NAP_model,0,16,FALSE,128,10,40,TRUE,FALSE,0.660983325,0.787569251,0.692560859,0.660983325,203.9600426
108,FALSE,0.95,NAP_model,0,32,FALSE,128,10,40,TRUE,FALSE,0.695281761,0.868284557,0.737739105,0.695281761,203.5816701
108,FALSE,0.95,NAP_model,0,64,FALSE,128,10,40,TRUE,FALSE,0.814147003,0.898857635,0.840134369,0.814147003,203.2793774
16,TRUE,0.95,SDFA_NAP_model,0,16,TRUE,32,10,40,FALSE,TRUE,0.747308036,0.892063687,0.764231848,0.747308036,118.5945242
16,TRUE,0.95,SDFA_NAP_model,0,16,TRUE,64,10,40,FALSE,TRUE,0.767030739,0.908010795,0.785399054,0.767030739,90.81348386
16,TRUE,0.95,SDFA_NAP_model,0,16,TRUE,128,10,40,FALSE,TRUE,0.770998424,0.913252151,0.790563241,0.770998424,77.25073408
16,FALSE,0.95,SDFA_NAP_model,0,16,TRUE,128,10,40,FALSE,TRUE,0.720955992,0.866175251,0.750125029,0.720955992,77.05440452
16,TRUE,0.95,SDFA_NAP_model,0.2,16,TRUE,32,10,40,FALSE,TRUE,0.794055085,0.903443553,0.816983523,0.794055085,119.3970432
16,TRUE,0.95,SDFA_NAP_model,0.2,16,TRUE,64,10,40,FALSE,TRUE,0.756130625,0.909081942,0.786455828,0.756130625,90.63826459
16,TRUE,0.95,SDFA_NAP_model,0.2,16,TRUE,128,10,40,FALSE,TRUE,0.724323014,0.862655902,0.753256727,0.724323014,77.63739513
16,FALSE,0.95,SDFA_NAP_model,0.2,16,TRUE,128,10,40,FALSE,TRUE,0.724510377,0.86426102,0.753660884,0.724510377,77.2718005
16,TRUE,0.95,SDFA_NAP_model,0.5,16,TRUE,32,10,40,FALSE,TRUE,0.749418624,0.871014803,0.787152175,0.749418624,119.177509
16,TRUE,0.95,SDFA_NAP_model,0.5,16,TRUE,64,10,40,FALSE,TRUE,0.740496842,0.855150614,0.773201227,0.740496842,91.25494706
16,TRUE,0.95,SDFA_NAP_model,0.5,16,TRUE,128,10,40,FALSE,TRUE,0.742342918,0.840750201,0.756846118,0.742342918,77.38300021
16,FALSE,0.95,SDFA_NAP_model,0.5,16,TRUE,128,10,40,FALSE,TRUE,0.716800943,0.839973477,0.746159627,0.716800943,77.28152106
16,TRUE,0.95,SDFA_NAP_model,0,32,TRUE,32,10,40,FALSE,TRUE,0.775004684,0.900321751,0.797343468,0.775004684,118.4341284
16,TRUE,0.95,SDFA_NAP_model,0,32,TRUE,64,10,40,FALSE,TRUE,0.741224251,0.871256015,0.763483553,0.741224251,90.89706159
16,TRUE,0.95,SDFA_NAP_model,0,32,TRUE,128,10,40,FALSE,TRUE,0.743158498,0.878283208,0.769419132,0.743158498,77.55577793
16,FALSE,0.95,SDFA_NAP_model,0,32,TRUE,128,10,40,FALSE,TRUE,0.744684955,0.877924877,0.770787189,0.744684955,77.32129455
16,TRUE,0.95,SDFA_NAP_model,0.2,32,TRUE,32,10,40,FALSE,TRUE,0.762291559,0.877463553,0.802847617,0.762291559,119.7333163
16,TRUE,0.95,SDFA_NAP_model,0.2,32,TRUE,64,10,40,FALSE,TRUE,0.751463084,0.875788858,0.792354721,0.751463084,91.55285363
16,TRUE,0.95,SDFA_NAP_model,0.2,32,TRUE,128,10,40,FALSE,TRUE,0.737168395,0.869246741,0.758128698,0.737168395,77.49981456
16,FALSE,0.95,SDFA_NAP_model,0.2,32,TRUE,128,10,40,FALSE,TRUE,0.710347944,0.872297719,0.744553732,0.710347944,77.1907471
16,TRUE,0.95,SDFA_NAP_model,0.5,32,TRUE,32,10,40,FALSE,TRUE,0.742061874,0.887107686,0.769593937,0.742061874,118.5142588
16,TRUE,0.95,SDFA_NAP_model,0.5,32,TRUE,64,10,40,FALSE,TRUE,0.752565219,0.889764318,0.781915322,0.752565219,91.12542762
16,TRUE,0.95,SDFA_NAP_model,0.5,32,TRUE,128,10,40,FALSE,TRUE,0.715092634,0.846525249,0.72924246,0.715092634,77.9348786
16,FALSE,0.95,SDFA_NAP_model,0.5,32,TRUE,128,10,40,FALSE,TRUE,0.715263465,0.845041815,0.732157064,0.715263465,77.41099704
16,TRUE,0.95,SDFA_NAP_model,0,64,TRUE,32,10,40,FALSE,TRUE,0.765884518,0.899732515,0.780485162,0.765884518,119.9016471
16,TRUE,0.95,SDFA_NAP_model,0,64,TRUE,64,10,40,FALSE,TRUE,0.772106069,0.896019983,0.793123991,0.772106069,91.47115539
16,TRUE,0.95,SDFA_NAP_model,0,64,TRUE,128,10,40,FALSE,TRUE,0.76001014,0.886668154,0.780865125,0.76001014,77.61338194
16,FALSE,0.95,SDFA_NAP_model,0,64,TRUE,128,10,40,FALSE,TRUE,0.760401398,0.886089132,0.780573067,0.760401398,77.29433159
16,TRUE,0.95,SDFA_NAP_model,0.2,64,TRUE,32,10,40,FALSE,TRUE,0.782466137,0.870016865,0.800847564,0.782466137,119.4756709
16,TRUE,0.95,SDFA_NAP_model,0.2,64,TRUE,64,10,40,FALSE,TRUE,0.764826469,0.871355818,0.778194552,0.764826469,91.2109084
16,TRUE,0.95,SDFA_NAP_model,0.2,64,TRUE,128,10,40,FALSE,TRUE,0.761966429,0.862455741,0.770057271,0.761966429,78.5201102
16,FALSE,0.95,SDFA_NAP_model,0.2,64,TRUE,128,10,40,FALSE,TRUE,0.800210508,0.900779958,0.802594843,0.800210508,77.57990177
16,TRUE,0.95,SDFA_NAP_model,0.5,64,TRUE,32,10,40,FALSE,TRUE,0.751352871,0.837630247,0.776732674,0.751352871,120.9357708
16,TRUE,0.95,SDFA_NAP_model,0.5,64,TRUE,64,10,40,FALSE,TRUE,0.765267323,0.850047286,0.78586821,0.765267323,91.51415823
16,TRUE,0.95,SDFA_NAP_model,0.5,64,TRUE,128,10,40,FALSE,TRUE,0.763096117,0.868899943,0.777862639,0.763096117,77.75719005
16,FALSE,0.95,SDFA_NAP_model,0.5,64,TRUE,128,10,40,FALSE,TRUE,0.763415736,0.872920103,0.778227329,0.763415736,77.71719187
16,FALSE,0.95,NAP_model,0,16,FALSE,128,10,40,TRUE,FALSE,0.64328855,0.756394895,0.678725209,0.64328855,204.6036753
16,FALSE,0.95,NAP_model,0,32,FALSE,128,10,40,TRUE,FALSE,0.751435531,0.849492479,0.781909471,0.751435531,203.9975191
16,FALSE,0.95,NAP_model,0,64,FALSE,128,10,40,TRUE,FALSE,0.755089108,0.866868594,0.79213394,0.755089108,204.0065103
1089,TRUE,0.95,SDFA_NAP_model,0,16,TRUE,32,10,40,FALSE,TRUE,0.723562541,0.884279517,0.757697572,0.723562541,115.8290801
1089,TRUE,0.95,SDFA_NAP_model,0,16,TRUE,64,10,40,FALSE,TRUE,0.744839254,0.886111719,0.771465989,0.744839254,89.48731751
1089,TRUE,0.95,SDFA_NAP_model,0,16,TRUE,128,10,40,FALSE,TRUE,0.746029559,0.885021966,0.772221929,0.746029559,76.17493346
1089,FALSE,0.95,SDFA_NAP_model,0,16,TRUE,128,10,40,FALSE,TRUE,0.74783155,0.885805195,0.774383768,0.74783155,75.23489131
1089,TRUE,0.95,SDFA_NAP_model,0.2,16,TRUE,32,10,40,FALSE,TRUE,0.807627875,0.901256666,0.838654773,0.807627875,117.0394842
1089,TRUE,0.95,SDFA_NAP_model,0.2,16,TRUE,64,10,40,FALSE,TRUE,0.797333936,0.885635664,0.822225468,0.797333936,90.42469935
1089,TRUE,0.95,SDFA_NAP_model,0.2,16,TRUE,128,10,40,FALSE,TRUE,0.791520175,0.882159694,0.814499226,0.791520175,76.23134101
1089,FALSE,0.95,SDFA_NAP_model,0.2,16,TRUE,128,10,40,FALSE,TRUE,0.790803787,0.882438837,0.813975031,0.790803787,75.26402582
1089,TRUE,0.95,SDFA_NAP_model,0.5,16,TRUE,32,10,40,FALSE,TRUE,0.813689617,0.916830824,0.848418145,0.813689617,115.4596276
1089,TRUE,0.95,SDFA_NAP_model,0.5,16,TRUE,64,10,40,FALSE,TRUE,0.806696571,0.895143472,0.834678781,0.806696571,87.80195857
1089,TRUE,0.95,SDFA_NAP_model,0.5,16,TRUE,128,10,40,FALSE,TRUE,0.797686619,0.886314518,0.821774875,0.797686619,74.48512428
1089,FALSE,0.95,SDFA_NAP_model,0.5,16,TRUE,128,10,40,FALSE,TRUE,0.796920635,0.885947249,0.821183873,0.796920635,74.3730504
1089,TRUE,0.95,SDFA_NAP_model,0,32,TRUE,32,10,40,FALSE,TRUE,0.756549436,0.899638618,0.773516631,0.756549436,116.3393976
1089,TRUE,0.95,SDFA_NAP_model,0,32,TRUE,64,10,40,FALSE,TRUE,0.71407316,0.902215665,0.746926578,0.71407316,88.3640332
1089,TRUE,0.95,SDFA_NAP_model,0,32,TRUE,128,10,40,FALSE,TRUE,0.720840268,0.898872926,0.748751408,0.720840268,75.10908229
1089,FALSE,0.95,SDFA_NAP_model,0,32,TRUE,128,10,40,FALSE,TRUE,0.68865242,0.896717008,0.71850005,0.68865242,74.71077777
1089,TRUE,0.95,SDFA_NAP_model,0.2,32,TRUE,32,10,40,FALSE,TRUE,0.766082903,0.905336318,0.804247244,0.766082903,115.0647371
1089,TRUE,0.95,SDFA_NAP_model,0.2,32,TRUE,64,10,40,FALSE,TRUE,0.752725028,0.894681857,0.786298587,0.752725028,88.0974285
1089,TRUE,0.95,SDFA_NAP_model,0.2,32,TRUE,128,10,40,FALSE,TRUE,0.747269461,0.902620069,0.779456439,0.747269461,74.50473635
1089,FALSE,0.95,SDFA_NAP_model,0.2,32,TRUE,128,10,40,FALSE,TRUE,0.787117146,0.908075607,0.807848824,0.787117146,74.91875407
1089,TRUE,0.95,SDFA_NAP_model,0.5,32,TRUE,32,10,40,FALSE,TRUE,0.766545799,0.910700482,0.80795536,0.766545799,116.3705629
1089,TRUE,0.95,SDFA_NAP_model,0.5,32,TRUE,64,10,40,FALSE,TRUE,0.746327136,0.888858063,0.779115745,0.746327136,88.67264087
1089,TRUE,0.95,SDFA_NAP_model,0.5,32,TRUE,128,10,40,FALSE,TRUE,0.742282301,0.887612858,0.772372521,0.742282301,74.87310521
1089,FALSE,0.95,SDFA_NAP_model,0.5,32,TRUE,128,10,40,FALSE,TRUE,0.741472232,0.886327901,0.771252228,0.741472232,75.13465808
1089,TRUE,0.95,SDFA_NAP_model,0,64,TRUE,32,10,40,FALSE,TRUE,0.767730594,0.895876161,0.788518001,0.767730594,116.1099675
1089,TRUE,0.95,SDFA_NAP_model,0,64,TRUE,64,10,40,FALSE,TRUE,0.73369667,0.8930529,0.759786095,0.73369667,88.43823601
1089,TRUE,0.95,SDFA_NAP_model,0,64,TRUE,128,10,40,FALSE,TRUE,0.743819779,0.899962143,0.772317512,0.743819779,74.98062908
1089,FALSE,0.95,SDFA_NAP_model,0,64,TRUE,128,10,40,FALSE,TRUE,0.741058931,0.904448612,0.779716625,0.741058931,74.54550031
1089,TRUE,0.95,SDFA_NAP_model,0.2,64,TRUE,32,10,40,FALSE,TRUE,0.798717115,0.895055626,0.82669828,0.798717115,115.5359317
1089,TRUE,0.95,SDFA_NAP_model,0.2,64,TRUE,64,10,40,FALSE,TRUE,0.77104802,0.877512416,0.795346927,0.77104802,88.57337399
1089,TRUE,0.95,SDFA_NAP_model,0.2,64,TRUE,128,10,40,FALSE,TRUE,0.729018108,0.840776063,0.745783333,0.729018108,75.41419293
1089,FALSE,0.95,SDFA_NAP_model,0.2,64,TRUE,128,10,40,FALSE,TRUE,0.716624602,0.857450361,0.74722749,0.716624602,74.59098561
1089,TRUE,0.95,SDFA_NAP_model,0.5,64,TRUE,32,10,40,FALSE,TRUE,0.770452867,0.869309971,0.797940406,0.770452867,114.9835396
1089,TRUE,0.95,SDFA_NAP_model,0.5,64,TRUE,64,10,40,FALSE,TRUE,0.733630542,0.837918424,0.75745275,0.733630542,88.15462017
1089,TRUE,0.95,SDFA_NAP_model,0.5,64,TRUE,128,10,40,FALSE,TRUE,0.704087818,0.840844621,0.733703873,0.704087818,74.89950235
1089,FALSE,0.95,SDFA_NAP_model,0.5,64,TRUE,128,10,40,FALSE,TRUE,0.648391434,0.836097042,0.695275615,0.648391434,74.65060712
1089,FALSE,0.95,NAP_model,0,16,FALSE,128,10,40,TRUE,FALSE,0.722675322,0.828923236,0.757350284,0.722675322,199.7286545
1089,FALSE,0.95,NAP_model,0,32,FALSE,128,10,40,TRUE,FALSE,0.639734165,0.768467282,0.660089446,0.639734165,202.5997279
1089,FALSE,0.95,NAP_model,0,64,FALSE,128,10,40,TRUE,FALSE,0.724025437,0.886825949,0.772731869,0.724025437,199.6666091