seed,local,quantile,model,lambda,d_model,er_loss,batch_size,no_epochs,max_len,rank_loss,sdfa_ce,recall,precision,f1,accuracy,time
56,FALSE,0.95,NAP_model,0,16,FALSE,32,10,34,FALSE,FALSE,0.550140672,0.79616997,0.600495053,0.550140672,19.32922472
56,FALSE,0.95,NAP_model,0,32,FALSE,32,10,34,FALSE,FALSE,0.708016687,0.812484938,0.73173835,0.708016687,19.79550881
56,FALSE,0.95,NAP_model,0,64,FALSE,32,10,34,FALSE,FALSE,0.76554668,0.88652458,0.78095723,0.76554668,21.37712445
56,FALSE,0.95,SDFA_NAP_model,0.1,16,TRUE,32,10,34,FALSE,FALSE,0.684700708,0.830194137,0.723855262,0.684700708,19.70493943
56,FALSE,0.95,SDFA_NAP_model,0.2,16,TRUE,32,10,34,FALSE,FALSE,0.634414513,0.816975761,0.678915047,0.634414513,19.6684166
56,FALSE,0.95,SDFA_NAP_model,0.5,16,TRUE,32,10,34,FALSE,FALSE,0.606053746,0.828987589,0.679760902,0.606053746,19.69630199
56,FALSE,0.95,SDFA_NAP_model,0.1,32,TRUE,32,10,34,FALSE,FALSE,0.756168548,0.868381617,0.792769453,0.756168548,20.1105533
56,FALSE,0.95,SDFA_NAP_model,0.2,32,TRUE,32,10,34,FALSE,FALSE,0.753096401,0.875275483,0.793099298,0.753096401,20.11213333
56,FALSE,0.95,SDFA_NAP_model,0.5,32,TRUE,32,10,34,FALSE,FALSE,0.76535265,0.888879282,0.784165338,0.76535265,20.13313247
56,FALSE,0.95,SDFA_NAP_model,0.1,64,TRUE,32,10,34,FALSE,FALSE,0.78362384,0.897772387,0.798054796,0.78362384,21.68227379
56,FALSE,0.95,SDFA_NAP_model,0.2,64,TRUE,32,10,34,FALSE,FALSE,0.780972092,0.866089591,0.804412643,0.780972092,21.66308742
56,FALSE,0.95,SDFA_NAP_model,0.5,64,TRUE,32,10,34,FALSE,FALSE,0.771561621,0.884184802,0.78619809,0.771561621,21.69591548
56,TRUE,0.95,SDFA_NAP_model,0.1,16,TRUE,16,10,34,FALSE,FALSE,0.628334896,0.823309977,0.685736058,0.628334896,19.71139003
56,TRUE,0.95,SDFA_NAP_model,0.2,16,TRUE,16,10,34,FALSE,FALSE,0.520454031,0.842690773,0.580028501,0.520454031,19.75301743
56,TRUE,0.95,SDFA_NAP_model,0.5,16,TRUE,16,10,34,FALSE,FALSE,0.630857291,0.837818175,0.692681997,0.630857291,19.73335031
56,TRUE,0.95,SDFA_NAP_model,0.1,32,TRUE,16,10,34,FALSE,FALSE,0.741971995,0.89748287,0.777286517,0.741971995,20.09006365
56,TRUE,0.95,SDFA_NAP_model,0.2,32,TRUE,16,10,34,FALSE,FALSE,0.68085244,0.825639231,0.70826186,0.68085244,20.02418
56,TRUE,0.95,SDFA_NAP_model,0.5,32,TRUE,16,10,34,FALSE,FALSE,0.755392426,0.905853878,0.786448677,0.755392426,20.0186793
56,TRUE,0.95,SDFA_NAP_model,0.1,64,TRUE,16,10,34,FALSE,FALSE,0.774698445,0.863647838,0.787580615,0.774698445,21.47876567
56,TRUE,0.95,SDFA_NAP_model,0.2,64,TRUE,16,10,34,FALSE,FALSE,0.779937264,0.897745478,0.794075878,0.779937264,21.45454842
56,TRUE,0.95,SDFA_NAP_model,0.5,64,TRUE,16,10,34,FALSE,FALSE,0.770785499,0.859410099,0.79979887,0.770785499,21.45693593
56,TRUE,0.95,SDFA_NAP_model,0.1,16,TRUE,32,10,34,FALSE,FALSE,0.629531417,0.8846022,0.698266022,0.629531417,19.50455059
56,TRUE,0.95,SDFA_NAP_model,0.2,16,TRUE,32,10,34,FALSE,FALSE,0.65255635,0.809842586,0.702793208,0.65255635,19.45318346
56,TRUE,0.95,SDFA_NAP_model,0.5,16,TRUE,32,10,34,FALSE,FALSE,0.530802315,0.868193803,0.623688354,0.530802315,19.44535667
56,TRUE,0.95,SDFA_NAP_model,0.1,32,TRUE,32,10,34,FALSE,FALSE,0.74808395,0.882429358,0.772259137,0.74808395,19.87344926
56,TRUE,0.95,SDFA_NAP_model,0.2,32,TRUE,32,10,34,FALSE,FALSE,0.751350128,0.872506569,0.790609855,0.751350128,19.87125755
56,TRUE,0.95,SDFA_NAP_model,0.5,32,TRUE,32,10,34,FALSE,FALSE,0.760404877,0.865484292,0.79454851,0.760404877,19.89483754
56,TRUE,0.95,SDFA_NAP_model,0.1,64,TRUE,32,10,34,FALSE,FALSE,0.781263137,0.879426352,0.813798089,0.781263137,21.43102513
56,TRUE,0.95,SDFA_NAP_model,0.2,64,TRUE,32,10,34,FALSE,FALSE,0.781457168,0.875001261,0.810292172,0.781457168,21.40561577
56,TRUE,0.95,SDFA_NAP_model,0.5,64,TRUE,32,10,34,FALSE,FALSE,0.766484494,0.841604397,0.790242276,0.766484494,21.44418637
56,TRUE,0.95,SDFA_NAP_model,0.1,16,TRUE,64,10,34,FALSE,FALSE,0.634446852,0.844528201,0.692329173,0.634446852,19.43314981
56,TRUE,0.95,SDFA_NAP_model,0.2,16,TRUE,64,10,34,FALSE,FALSE,0.612586101,0.826486266,0.68009606,0.612586101,19.50955109
56,TRUE,0.95,SDFA_NAP_model,0.5,16,TRUE,64,10,34,FALSE,FALSE,0.606732853,0.835543373,0.674197056,0.606732853,19.50072449
56,TRUE,0.95,SDFA_NAP_model,0.1,32,TRUE,64,10,34,FALSE,FALSE,0.755812825,0.893865003,0.797998815,0.755812825,19.89369973
56,TRUE,0.95,SDFA_NAP_model,0.2,32,TRUE,64,10,34,FALSE,FALSE,0.75251431,0.88483518,0.773794281,0.75251431,19.9098112
56,TRUE,0.95,SDFA_NAP_model,0.5,32,TRUE,64,10,34,FALSE,FALSE,0.764220807,0.871351134,0.79939992,0.764220807,19.91161369
56,TRUE,0.95,SDFA_NAP_model,0.1,64,TRUE,64,10,34,FALSE,FALSE,0.690424603,0.817918624,0.710144463,0.690424603,21.44733759
56,TRUE,0.95,SDFA_NAP_model,0.2,64,TRUE,64,10,34,FALSE,FALSE,0.775636258,0.901852386,0.795145348,0.775636258,21.45071101
56,TRUE,0.95,SDFA_NAP_model,0.5,64,TRUE,64,10,34,FALSE,FALSE,0.789832811,0.882423422,0.816267531,0.789832811,21.44736667
56,TRUE,0.95,SDFA_NAP_model,0.1,16,TRUE,128,10,34,FALSE,FALSE,0.57808104,0.851158169,0.627890361,0.57808104,19.50013415
56,TRUE,0.95,SDFA_NAP_model,0.2,16,TRUE,128,10,34,FALSE,FALSE,0.60919057,0.879353376,0.667517338,0.60919057,19.48693854
56,TRUE,0.95,SDFA_NAP_model,0.5,16,TRUE,128,10,34,FALSE,FALSE,0.615884617,0.865818536,0.682630199,0.615884617,19.49003945
56,TRUE,0.95,SDFA_NAP_model,0.1,32,TRUE,128,10,34,FALSE,FALSE,0.752676002,0.901545296,0.780783488,0.752676002,19.90251723
56,TRUE,0.95,SDFA_NAP_model,0.2,32,TRUE,128,10,34,FALSE,FALSE,0.762700902,0.897914537,0.786008517,0.762700902,19.92756882
56,TRUE,0.95,SDFA_NAP_model,0.5,32,TRUE,128,10,34,FALSE,FALSE,0.748633703,0.89532686,0.774689272,0.748633703,19.91380646
56,TRUE,0.95,SDFA_NAP_model,0.1,64,TRUE,128,10,34,FALSE,FALSE,0.774892475,0.877354551,0.808730042,0.774892475,21.46279576
56,TRUE,0.95,SDFA_NAP_model,0.2,64,TRUE,128,10,34,FALSE,FALSE,0.800375125,0.850953561,0.816733417,0.800375125,21.47333616
56,TRUE,0.95,SDFA_NAP_model,0.5,64,TRUE,128,10,34,FALSE,FALSE,0.784852699,0.880470134,0.812824151,0.784852699,21.49497994
8,FALSE,0.95,NAP_model,0,16,FALSE,32,10,34,FALSE,FALSE,0.567474048,0.852914411,0.651874731,0.567474048,19.19640242
8,FALSE,0.95,NAP_model,0,32,FALSE,32,10,34,FALSE,FALSE,0.749183456,0.872709421,0.769747909,0.749183456,19.62824446
8,FALSE,0.95,NAP_model,0,64,FALSE,32,10,34,FALSE,FALSE,0.757785467,0.893220374,0.784458939,0.757785467,21.16523921
8,FALSE,0.95,SDFA_NAP_model,0.1,16,TRUE,32,10,34,FALSE,FALSE,0.567700417,0.845858237,0.638147224,0.567700417,19.48066835
8,FALSE,0.95,SDFA_NAP_model,0.2,16,TRUE,32,10,34,FALSE,FALSE,0.552145652,0.886577866,0.635944301,0.552145652,19.46091653
8,FALSE,0.95,SDFA_NAP_model,0.5,16,TRUE,32,10,34,FALSE,FALSE,0.586650713,0.842308192,0.653428732,0.586650713,19.50226461
8,FALSE,0.95,SDFA_NAP_model,0.1,32,TRUE,32,10,34,FALSE,FALSE,0.693820134,0.816625715,0.727356464,0.693820134,19.91247184
8,FALSE,0.95,SDFA_NAP_model,0.2,32,TRUE,32,10,34,FALSE,FALSE,0.664553892,0.878604162,0.69678425,0.664553892,19.92127236
8,FALSE,0.95,SDFA_NAP_model,0.5,32,TRUE,32,10,34,FALSE,FALSE,0.749345148,0.886866928,0.797820414,0.749345148,19.92665942
8,FALSE,0.95,SDFA_NAP_model,0.1,64,TRUE,32,10,34,FALSE,FALSE,0.767034246,0.87464983,0.778554036,0.767034246,21.4718924
8,FALSE,0.95,SDFA_NAP_model,0.2,64,TRUE,32,10,34,FALSE,FALSE,0.773049187,0.875483159,0.784547985,0.773049187,21.50513557
8,FALSE,0.95,SDFA_NAP_model,0.5,64,TRUE,32,10,34,FALSE,FALSE,0.812307991,0.889912044,0.83329723,0.812307991,21.47864096
8,TRUE,0.95,SDFA_NAP_model,0.1,16,TRUE,16,10,34,FALSE,FALSE,0.616240339,0.84735236,0.673174039,0.616240339,19.45944256
8,TRUE,0.95,SDFA_NAP_model,0.2,16,TRUE,16,10,34,FALSE,FALSE,0.662257866,0.837645313,0.721424084,0.662257866,19.47901298
8,TRUE,0.95,SDFA_NAP_model,0.5,16,TRUE,16,10,34,FALSE,FALSE,0.518028652,0.812910038,0.58201039,0.518028652,19.50566776
8,TRUE,0.95,SDFA_NAP_model,0.1,32,TRUE,16,10,34,FALSE,FALSE,0.76334767,0.871521028,0.798411872,0.76334767,19.86762925
8,TRUE,0.95,SDFA_NAP_model,0.2,32,TRUE,16,10,34,FALSE,FALSE,0.675128545,0.831633721,0.715905518,0.675128545,19.88210491
8,TRUE,0.95,SDFA_NAP_model,0.5,32,TRUE,16,10,34,FALSE,FALSE,0.756071533,0.887820863,0.799566225,0.756071533,19.8908921
8,TRUE,0.95,SDFA_NAP_model,0.1,64,TRUE,16,10,34,FALSE,FALSE,0.762248165,0.879233691,0.77940975,0.762248165,21.4530943
8,TRUE,0.95,SDFA_NAP_model,0.2,64,TRUE,16,10,34,FALSE,FALSE,0.701775378,0.887589844,0.720258278,0.701775378,21.47571732
8,TRUE,0.95,SDFA_NAP_model,0.5,64,TRUE,16,10,34,FALSE,FALSE,0.736700838,0.882182408,0.764833791,0.736700838,21.5375162
8,TRUE,0.95,SDFA_NAP_model,0.1,16,TRUE,32,10,34,FALSE,FALSE,0.682922097,0.831095926,0.72462794,0.682922097,19.59643478
8,TRUE,0.95,SDFA_NAP_model,0.2,16,TRUE,32,10,34,FALSE,FALSE,0.542185428,0.867442324,0.612544394,0.542185428,19.50876205
8,TRUE,0.95,SDFA_NAP_model,0.5,16,TRUE,32,10,34,FALSE,FALSE,0.594573618,0.865789381,0.679784133,0.594573618,19.5330465
8,TRUE,0.95,SDFA_NAP_model,0.1,32,TRUE,32,10,34,FALSE,FALSE,0.767681014,0.84971546,0.794349668,0.767681014,19.90556835
8,TRUE,0.95,SDFA_NAP_model,0.2,32,TRUE,32,10,34,FALSE,FALSE,0.693820134,0.847804443,0.743287405,0.693820134,19.92907497
8,TRUE,0.95,SDFA_NAP_model,0.5,32,TRUE,32,10,34,FALSE,FALSE,0.746175986,0.878402079,0.791579761,0.746175986,19.91031
8,TRUE,0.95,SDFA_NAP_model,0.1,64,TRUE,32,10,34,FALSE,FALSE,0.698897261,0.874693943,0.714175138,0.698897261,21.48285448
8,TRUE,0.95,SDFA_NAP_model,0.2,64,TRUE,32,10,34,FALSE,FALSE,0.769459626,0.893683322,0.788358967,0.769459626,21.48977787
8,TRUE,0.95,SDFA_NAP_model,0.5,64,TRUE,32,10,34,FALSE,FALSE,0.754422275,0.901908735,0.780843128,0.754422275,21.49018991
8,TRUE,0.95,SDFA_NAP_model,0.1,16,TRUE,64,10,34,FALSE,FALSE,0.668951913,0.881620889,0.734689843,0.668951913,19.5193098
8,TRUE,0.95,SDFA_NAP_model,0.2,16,TRUE,64,10,34,FALSE,FALSE,0.580959157,0.875934582,0.651882956,0.580959157,19.50794767
8,TRUE,0.95,SDFA_NAP_model,0.5,16,TRUE,64,10,34,FALSE,FALSE,0.456003622,0.765230229,0.545170471,0.456003622,19.50579112
8,TRUE,0.95,SDFA_NAP_model,0.1,32,TRUE,64,10,34,FALSE,FALSE,0.742812793,0.884188543,0.768691049,0.742812793,19.93919257
8,TRUE,0.95,SDFA_NAP_model,0.2,32,TRUE,64,10,34,FALSE,FALSE,0.763994438,0.854257774,0.793343658,0.763994438,19.93020932
8,TRUE,0.95,SDFA_NAP_model,0.5,32,TRUE,64,10,34,FALSE,FALSE,0.756200886,0.886192087,0.797957531,0.756200886,19.95089954
8,TRUE,0.95,SDFA_NAP_model,0.1,64,TRUE,64,10,34,FALSE,FALSE,0.745270511,0.871819852,0.766283888,0.745270511,21.48288001
8,TRUE,0.95,SDFA_NAP_model,0.2,64,TRUE,64,10,34,FALSE,FALSE,0.761278013,0.905617602,0.788639353,0.761278013,21.48057693
8,TRUE,0.95,SDFA_NAP_model,0.5,64,TRUE,64,10,34,FALSE,FALSE,0.781360153,0.906969231,0.799795531,0.781360153,21.51751676
8,TRUE,0.95,SDFA_NAP_model,0.1,16,TRUE,128,10,34,FALSE,FALSE,0.62684733,0.833724375,0.682160102,0.62684733,19.49668121
8,TRUE,0.95,SDFA_NAP_model,0.2,16,TRUE,128,10,34,FALSE,FALSE,0.684118617,0.828522206,0.728670652,0.684118617,19.5021666
8,TRUE,0.95,SDFA_NAP_model,0.5,16,TRUE,128,10,34,FALSE,FALSE,0.548103353,0.798976458,0.62391343,0.548103353,19.5108646
8,TRUE,0.95,SDFA_NAP_model,0.1,32,TRUE,128,10,34,FALSE,FALSE,0.786501956,0.867968447,0.813424606,0.786501956,19.90187341
8,TRUE,0.95,SDFA_NAP_model,0.2,32,TRUE,128,10,34,FALSE,FALSE,0.759046664,0.887982308,0.783884953,0.759046664,19.91886489
8,TRUE,0.95,SDFA_NAP_model,0.5,32,TRUE,128,10,34,FALSE,FALSE,0.77518352,0.890237458,0.799811202,0.77518352,19.88644626
8,TRUE,0.95,SDFA_NAP_model,0.1,64,TRUE,128,10,34,FALSE,FALSE,0.773469586,0.880603362,0.784079508,0.773469586,21.45523241
8,TRUE,0.95,SDFA_NAP_model,0.2,64,TRUE,128,10,34,FALSE,FALSE,0.77618601,0.899401441,0.792426692,0.77618601,21.43330033
8,TRUE,0.95,SDFA_NAP_model,0.5,64,TRUE,128,10,34,FALSE,FALSE,0.784270608,0.897083148,0.797729652,0.784270608,21.48664477
15,FALSE,0.95,NAP_model,0,16,FALSE,32,10,34,FALSE,FALSE,0.627946836,0.839901618,0.687771664,0.627946836,19.20206942
15,FALSE,0.95,NAP_model,0,32,FALSE,32,10,34,FALSE,FALSE,0.743976975,0.900341337,0.779138117,0.743976975,19.61020387
15,FALSE,0.95,NAP_model,0,64,FALSE,32,10,34,FALSE,FALSE,0.764220807,0.894598825,0.780708026,0.764220807,21.15367135
15,FALSE,0.95,SDFA_NAP_model,0.1,16,TRUE,32,10,34,FALSE,FALSE,0.569284998,0.86550031,0.649990315,0.569284998,19.44118271
15,FALSE,0.95,SDFA_NAP_model,0.2,16,TRUE,32,10,34,FALSE,FALSE,0.66177279,0.862989015,0.715000123,0.66177279,19.47768236
15,FALSE,0.95,SDFA_NAP_model,0.5,16,TRUE,32,10,34,FALSE,FALSE,0.501827119,0.887861752,0.603402851,0.501827119,19.51573641
15,FALSE,0.95,SDFA_NAP_model,0.1,32,TRUE,32,10,34,FALSE,FALSE,0.668984251,0.83647921,0.706016672,0.668984251,19.92367834
15,FALSE,0.95,SDFA_NAP_model,0.2,32,TRUE,32,10,34,FALSE,FALSE,0.759952139,0.830540146,0.779166337,0.759952139,19.93162754
15,FALSE,0.95,SDFA_NAP_model,0.5,32,TRUE,32,10,34,FALSE,FALSE,0.747825243,0.860032004,0.785537833,0.747825243,19.92459044
15,FALSE,0.95,SDFA_NAP_model,0.1,64,TRUE,32,10,34,FALSE,FALSE,0.778482036,0.882397538,0.803250004,0.778482036,21.44744598
15,FALSE,0.95,SDFA_NAP_model,0.2,64,TRUE,32,10,34,FALSE,FALSE,0.787860169,0.878306578,0.814670919,0.787860169,21.45778665
15,FALSE,0.95,SDFA_NAP_model,0.5,64,TRUE,32,10,34,FALSE,FALSE,0.697765417,0.894321862,0.720572319,0.697765417,21.46968
15,TRUE,0.95,SDFA_NAP_model,0.1,16,TRUE,16,10,34,FALSE,FALSE,0.622352294,0.830725707,0.67096096,0.622352294,19.47968666
15,TRUE,0.95,SDFA_NAP_model,0.2,16,TRUE,16,10,34,FALSE,FALSE,0.594056204,0.839370842,0.659238961,0.594056204,19.52302862
15,TRUE,0.95,SDFA_NAP_model,0.5,16,TRUE,16,10,34,FALSE,FALSE,0.471655402,0.835670116,0.561239598,0.471655402,19.50200132
15,TRUE,0.95,SDFA_NAP_model,0.1,32,TRUE,16,10,34,FALSE,FALSE,0.765384989,0.873798307,0.799697928,0.765384989,19.92660414
15,TRUE,0.95,SDFA_NAP_model,0.2,32,TRUE,16,10,34,FALSE,FALSE,0.740355076,0.873507873,0.788439739,0.740355076,19.92045981
15,TRUE,0.95,SDFA_NAP_model,0.5,32,TRUE,16,10,34,FALSE,FALSE,0.77680044,0.881617592,0.805121139,0.77680044,19.92863535
15,TRUE,0.95,SDFA_NAP_model,0.1,64,TRUE,16,10,34,FALSE,FALSE,0.791773114,0.841794752,0.799567042,0.791773114,21.48183466
15,TRUE,0.95,SDFA_NAP_model,0.2,64,TRUE,16,10,34,FALSE,FALSE,0.793228341,0.877239819,0.816237972,0.793228341,21.49595188
15,TRUE,0.95,SDFA_NAP_model,0.5,64,TRUE,16,10,34,FALSE,FALSE,0.790511917,0.875573752,0.814737519,0.790511917,21.48235863
15,TRUE,0.95,SDFA_NAP_model,0.1,16,TRUE,32,10,34,FALSE,FALSE,0.735342625,0.84438584,0.773560801,0.735342625,19.51499154
15,TRUE,0.95,SDFA_NAP_model,0.2,16,TRUE,32,10,34,FALSE,FALSE,0.615302526,0.778854073,0.664233877,0.615302526,19.50222624
15,TRUE,0.95,SDFA_NAP_model,0.5,16,TRUE,32,10,34,FALSE,FALSE,0.672509136,0.886874508,0.7409275,0.672509136,19.52081164
15,TRUE,0.95,SDFA_NAP_model,0.1,32,TRUE,32,10,34,FALSE,FALSE,0.687061411,0.830621237,0.724708167,0.687061411,19.94482383
15,TRUE,0.95,SDFA_NAP_model,0.2,32,TRUE,32,10,34,FALSE,FALSE,0.784885037,0.861161175,0.804100698,0.784885037,19.9163136
15,TRUE,0.95,SDFA_NAP_model,0.5,32,TRUE,32,10,34,FALSE,FALSE,0.745432203,0.879250314,0.770436103,0.745432203,19.91957401
15,TRUE,0.95,SDFA_NAP_model,0.1,64,TRUE,32,10,34,FALSE,FALSE,0.754939689,0.879199275,0.776871274,0.754939689,21.45647936
15,TRUE,0.95,SDFA_NAP_model,0.2,64,TRUE,32,10,34,FALSE,FALSE,0.798111438,0.87818074,0.819989108,0.798111438,21.46426339
15,TRUE,0.95,SDFA_NAP_model,0.5,64,TRUE,32,10,34,FALSE,FALSE,0.780875077,0.889094716,0.793872133,0.780875077,21.44529536
15,TRUE,0.95,SDFA_NAP_model,0.1,16,TRUE,64,10,34,FALSE,FALSE,0.551304854,0.792339639,0.61550731,0.551304854,19.45308929
15,TRUE,0.95,SDFA_NAP_model,0.2,16,TRUE,64,10,34,FALSE,FALSE,0.634705559,0.84064806,0.677898955,0.634705559,19.4411102
15,TRUE,0.95,SDFA_NAP_model,0.5,16,TRUE,64,10,34,FALSE,FALSE,0.500339553,0.821267251,0.568176242,0.500339553,19.48818534
15,TRUE,0.95,SDFA_NAP_model,0.1,32,TRUE,64,10,34,FALSE,FALSE,0.774051677,0.867909991,0.80537947,0.774051677,19.87661361
15,TRUE,0.95,SDFA_NAP_model,0.2,32,TRUE,64,10,34,FALSE,FALSE,0.766064095,0.882159703,0.80363324,0.766064095,19.86033324
15,TRUE,0.95,SDFA_NAP_model,0.5,32,TRUE,64,10,34,FALSE,FALSE,0.755198396,0.873541483,0.797103692,0.755198396,19.85466443
15,TRUE,0.95,SDFA_NAP_model,0.1,64,TRUE,64,10,34,FALSE,FALSE,0.765773049,0.894735789,0.77329192,0.765773049,21.40566768
15,TRUE,0.95,SDFA_NAP_model,0.2,64,TRUE,64,10,34,FALSE,FALSE,0.709116192,0.841254298,0.742409818,0.709116192,21.41539376
15,TRUE,0.95,SDFA_NAP_model,0.5,64,TRUE,64,10,34,FALSE,FALSE,0.783753193,0.882320404,0.812664178,0.783753193,21.41341213
15,TRUE,0.95,SDFA_NAP_model,0.1,16,TRUE,128,10,34,FALSE,FALSE,0.635319988,0.877740871,0.698738035,0.635319988,19.47223331
15,TRUE,0.95,SDFA_NAP_model,0.2,16,TRUE,128,10,34,FALSE,FALSE,0.615334864,0.84869111,0.680459018,0.615334864,19.46723722
15,TRUE,0.95,SDFA_NAP_model,0.5,16,TRUE,128,10,34,FALSE,FALSE,0.581573586,0.767939967,0.638930401,0.581573586,19.48722165
15,TRUE,0.95,SDFA_NAP_model,0.1,32,TRUE,128,10,34,FALSE,FALSE,0.760178508,0.886001708,0.804648692,0.760178508,19.88190382
15,TRUE,0.95,SDFA_NAP_model,0.2,32,TRUE,128,10,34,FALSE,FALSE,0.69812114,0.895466262,0.723434989,0.69812114,19.91932038
15,TRUE,0.95,SDFA_NAP_model,0.5,32,TRUE,128,10,34,FALSE,FALSE,0.720111244,0.897203865,0.763805791,0.720111244,19.92233016
15,TRUE,0.95,SDFA_NAP_model,0.1,64,TRUE,128,10,34,FALSE,FALSE,0.760210846,0.897836042,0.7858174,0.760210846,21.45125523
15,TRUE,0.95,SDFA_NAP_model,0.2,64,TRUE,128,10,34,FALSE,FALSE,0.688322608,0.893707779,0.718009903,0.688322608,21.46373017
15,TRUE,0.95,SDFA_NAP_model,0.5,64,TRUE,128,10,34,FALSE,FALSE,0.776897455,0.891930218,0.79213033,0.776897455,21.48367179
76,FALSE,0.95,NAP_model,0,16,FALSE,32,10,34,FALSE,FALSE,0.601752741,0.781022976,0.633368166,0.601752741,19.21755925
76,FALSE,0.95,NAP_model,0,32,FALSE,32,10,34,FALSE,FALSE,0.754972027,0.854564558,0.785537654,0.754972027,19.62209447
76,FALSE,0.95,NAP_model,0,64,FALSE,32,10,34,FALSE,FALSE,0.790382563,0.874496299,0.814930929,0.790382563,21.1789199
76,FALSE,0.95,SDFA_NAP_model,0.1,16,TRUE,32,10,34,FALSE,FALSE,0.693141028,0.867915425,0.738194828,0.693141028,19.49443944
76,FALSE,0.95,SDFA_NAP_model,0.2,16,TRUE,32,10,34,FALSE,FALSE,0.663842447,0.831793466,0.712975753,0.663842447,19.50203016
76,FALSE,0.95,SDFA_NAP_model,0.5,16,TRUE,32,10,34,FALSE,FALSE,0.613717945,0.853275191,0.670328821,0.613717945,19.49613351
76,FALSE,0.95,SDFA_NAP_model,0.1,32,TRUE,32,10,34,FALSE,FALSE,0.745981955,0.870719222,0.788043295,0.745981955,19.9257722
76,FALSE,0.95,SDFA_NAP_model,0.2,32,TRUE,32,10,34,FALSE,FALSE,0.770429777,0.879700929,0.804868208,0.770429777,19.91193267
76,FALSE,0.95,SDFA_NAP_model,0.5,32,TRUE,32,10,34,FALSE,FALSE,0.680593733,0.890211136,0.731723273,0.680593733,19.90629516
76,FALSE,0.95,SDFA_NAP_model,0.1,64,TRUE,32,10,34,FALSE,FALSE,0.752805355,0.888053111,0.764154303,0.752805355,21.46451342
76,FALSE,0.95,SDFA_NAP_model,0.2,64,TRUE,32,10,34,FALSE,FALSE,0.799631342,0.883681252,0.824723237,0.799631342,21.44949306
76,FALSE,0.95,SDFA_NAP_model,0.5,64,TRUE,32,10,34,FALSE,FALSE,0.780163632,0.89686599,0.796261217,0.780163632,21.45299288
76,TRUE,0.95,SDFA_NAP_model,0.1,16,TRUE,16,10,34,FALSE,FALSE,0.530996346,0.766092896,0.594926292,0.530996346,19.46694002
76,TRUE,0.95,SDFA_NAP_model,0.2,16,TRUE,16,10,34,FALSE,FALSE,0.511399282,0.863919004,0.576950007,0.511399282,19.4697082
76,TRUE,0.95,SDFA_NAP_model,0.5,16,TRUE,16,10,34,FALSE,FALSE,0.565178023,0.79967491,0.622990708,0.565178023,19.50642946
76,TRUE,0.95,SDFA_NAP_model,0.1,32,TRUE,16,10,34,FALSE,FALSE,0.678912137,0.876886749,0.703068399,0.678912137,19.89998178
76,TRUE,0.95,SDFA_NAP_model,0.2,32,TRUE,16,10,34,FALSE,FALSE,0.76554668,0.881211827,0.801657196,0.76554668,19.90177024
76,TRUE,0.95,SDFA_NAP_model,0.5,32,TRUE,16,10,34,FALSE,FALSE,0.693044013,0.890131435,0.741792099,0.693044013,19.89309818
76,TRUE,0.95,SDFA_NAP_model,0.1,64,TRUE,16,10,34,FALSE,FALSE,0.753937199,0.896376717,0.77718032,0.753937199,21.41153736
76,TRUE,0.95,SDFA_NAP_model,0.2,64,TRUE,16,10,34,FALSE,FALSE,0.77880542,0.880988358,0.788839762,0.77880542,21.42487742
76,TRUE,0.95,SDFA_NAP_model,0.5,64,TRUE,16,10,34,FALSE,FALSE,0.771626298,0.897933312,0.79161434,0.771626298,21.40656977
76,TRUE,0.95,SDFA_NAP_model,0.1,16,TRUE,32,10,34,FALSE,FALSE,0.699770397,0.832962469,0.742967244,0.699770397,19.46925049
76,TRUE,0.95,SDFA_NAP_model,0.2,16,TRUE,32,10,34,FALSE,FALSE,0.706690813,0.814032438,0.735914264,0.706690813,19.45826669
76,TRUE,0.95,SDFA_NAP_model,0.5,16,TRUE,32,10,34,FALSE,FALSE,0.459366814,0.632912607,0.510886268,0.459366814,19.45734009
76,TRUE,0.95,SDFA_NAP_model,0.1,32,TRUE,32,10,34,FALSE,FALSE,0.763671054,0.847963217,0.788805881,0.763671054,19.88354723
76,TRUE,0.95,SDFA_NAP_model,0.2,32,TRUE,32,10,34,FALSE,FALSE,0.700869903,0.835177924,0.735517224,0.700869903,19.91053561
76,TRUE,0.95,SDFA_NAP_model,0.5,32,TRUE,32,10,34,FALSE,FALSE,0.681305177,0.876129726,0.734033985,0.681305177,19.92281019
76,TRUE,0.95,SDFA_NAP_model,0.1,64,TRUE,32,10,34,FALSE,FALSE,0.774245707,0.896334589,0.790851956,0.774245707,21.48286406
76,TRUE,0.95,SDFA_NAP_model,0.2,64,TRUE,32,10,34,FALSE,FALSE,0.755780487,0.889744649,0.78015607,0.755780487,21.47736167
76,TRUE,0.95,SDFA_NAP_model,0.5,64,TRUE,32,10,34,FALSE,FALSE,0.799825373,0.888918678,0.826508978,0.799825373,21.47905086
76,TRUE,0.95,SDFA_NAP_model,0.1,16,TRUE,64,10,34,FALSE,FALSE,0.562396921,0.769121514,0.622251332,0.562396921,19.49900676
76,TRUE,0.95,SDFA_NAP_model,0.2,16,TRUE,64,10,34,FALSE,FALSE,0.633444362,0.850034989,0.701139747,0.633444362,19.47559858
76,TRUE,0.95,SDFA_NAP_model,0.5,16,TRUE,64,10,34,FALSE,FALSE,0.556511335,0.82594686,0.62175354,0.556511335,19.50923583
76,TRUE,0.95,SDFA_NAP_model,0.1,32,TRUE,64,10,34,FALSE,FALSE,0.672250428,0.90272281,0.70440038,0.672250428,19.88765376
76,TRUE,0.95,SDFA_NAP_model,0.2,32,TRUE,64,10,34,FALSE,FALSE,0.65494939,0.883116133,0.693884145,0.65494939,19.90597247
76,TRUE,0.95,SDFA_NAP_model,0.5,32,TRUE,64,10,34,FALSE,FALSE,0.734081428,0.890368275,0.767977054,0.734081428,19.90391038
76,TRUE,0.95,SDFA_NAP_model,0.1,64,TRUE,64,10,34,FALSE,FALSE,0.777899945,0.881133489,0.789310395,0.777899945,21.45183363
76,TRUE,0.95,SDFA_NAP_model,0.2,64,TRUE,64,10,34,FALSE,FALSE,0.786501956,0.885991541,0.814557115,0.786501956,21.43487724
76,TRUE,0.95,SDFA_NAP_model,0.5,64,TRUE,64,10,34,FALSE,FALSE,0.789897487,0.88102959,0.815252888,0.789897487,21.44042482
76,TRUE,0.95,SDFA_NAP_model,0.1,16,TRUE,128,10,34,FALSE,FALSE,0.750282961,0.856119868,0.790176061,0.750282961,19.47555622
76,TRUE,0.95,SDFA_NAP_model,0.2,16,TRUE,128,10,34,FALSE,FALSE,0.575817353,0.879641258,0.664238295,0.575817353,19.47389957
76,TRUE,0.95,SDFA_NAP_model,0.5,16,TRUE,128,10,34,FALSE,FALSE,0.503573392,0.857403176,0.596507167,0.503573392,19.49108602
76,TRUE,0.95,SDFA_NAP_model,0.1,32,TRUE,128,10,34,FALSE,FALSE,0.754745659,0.88197868,0.777064382,0.754745659,19.88956226
76,TRUE,0.95,SDFA_NAP_model,0.2,32,TRUE,128,10,34,FALSE,FALSE,0.674740484,0.872755161,0.718776131,0.674740484,19.89526045
76,TRUE,0.95,SDFA_NAP_model,0.5,32,TRUE,128,10,34,FALSE,FALSE,0.744268021,0.872010491,0.768976509,0.744268021,19.91288058
76,TRUE,0.95,SDFA_NAP_model,0.1,64,TRUE,128,10,34,FALSE,FALSE,0.776315364,0.881999264,0.785834589,0.776315364,21.46517765
76,TRUE,0.95,SDFA_NAP_model,0.2,64,TRUE,128,10,34,FALSE,FALSE,0.784270608,0.896270315,0.797937697,0.784270608,21.43001722
76,TRUE,0.95,SDFA_NAP_model,0.5,64,TRUE,128,10,34,FALSE,FALSE,0.749312809,0.880631304,0.766363951,0.749312809,21.45008416
23,FALSE,0.95,NAP_model,0,16,FALSE,32,10,34,FALSE,FALSE,0.654981729,0.880370858,0.70682474,0.654981729,19.18229927
23,FALSE,0.95,NAP_model,0,32,FALSE,32,10,34,FALSE,FALSE,0.613750283,0.876705641,0.640834612,0.613750283,19.59251608
23,FALSE,0.95,NAP_model,0,64,FALSE,32,10,34,FALSE,FALSE,0.748860072,0.884920194,0.778027524,0.748860072,21.18165569
23,FALSE,0.95,SDFA_NAP_model,0.1,16,TRUE,32,10,34,FALSE,FALSE,0.653785208,0.825559739,0.701768292,0.653785208,19.4812306
23,FALSE,0.95,SDFA_NAP_model,0.2,16,TRUE,32,10,34,FALSE,FALSE,0.459625521,0.85211083,0.540789523,0.459625521,19.53366549
23,FALSE,0.95,SDFA_NAP_model,0.5,16,TRUE,32,10,34,FALSE,FALSE,0.592115901,0.827851037,0.671476274,0.592115901,19.4807533
23,FALSE,0.95,SDFA_NAP_model,0.1,32,TRUE,32,10,34,FALSE,FALSE,0.767034246,0.879016968,0.802971045,0.767034246,19.88870582
23,FALSE,0.95,SDFA_NAP_model,0.2,32,TRUE,32,10,34,FALSE,FALSE,0.784755683,0.87227797,0.809846351,0.784755683,19.90339318
23,FALSE,0.95,SDFA_NAP_model,0.5,32,TRUE,32,10,34,FALSE,FALSE,0.716489345,0.88863064,0.751196315,0.716489345,19.90841967
23,FALSE,0.95,SDFA_NAP_model,0.1,64,TRUE,32,10,34,FALSE,FALSE,0.769815348,0.888155567,0.783719385,0.769815348,21.43566419
23,FALSE,0.95,SDFA_NAP_model,0.2,64,TRUE,32,10,34,FALSE,FALSE,0.783106426,0.873485233,0.808782959,0.783106426,21.45524522
23,FALSE,0.95,SDFA_NAP_model,0.5,64,TRUE,32,10,34,FALSE,FALSE,0.78100443,0.901546395,0.796532284,0.78100443,21.44896768
23,TRUE,0.95,SDFA_NAP_model,0.1,16,TRUE,16,10,34,FALSE,FALSE,0.622125926,0.772484392,0.658554653,0.622125926,19.48852513
23,TRUE,0.95,SDFA_NAP_model,0.2,16,TRUE,16,10,34,FALSE,FALSE,0.484655434,0.811365737,0.568385795,0.484655434,19.47480624
23,TRUE,0.95,SDFA_NAP_model,0.5,16,TRUE,16,10,34,FALSE,FALSE,0.642757818,0.881995095,0.702026368,0.642757818,19.48284109
23,TRUE,0.95,SDFA_NAP_model,0.1,32,TRUE,16,10,34,FALSE,FALSE,0.665718074,0.864353196,0.69288218,0.665718074,19.90805707
23,TRUE,0.95,SDFA_NAP_model,0.2,32,TRUE,16,10,34,FALSE,FALSE,0.742327717,0.876001448,0.763811327,0.742327717,19.90298557
23,TRUE,0.95,SDFA_NAP_model,0.5,32,TRUE,16,10,34,FALSE,FALSE,0.738220742,0.904626028,0.773165136,0.738220742,19.89930383
23,TRUE,0.95,SDFA_NAP_model,0.1,64,TRUE,16,10,34,FALSE,FALSE,0.705850015,0.892515196,0.725562944,0.705850015,21.42284611
23,TRUE,0.95,SDFA_NAP_model,0.2,64,TRUE,16,10,34,FALSE,FALSE,0.783559163,0.871470653,0.810939594,0.783559163,21.44949982
23,TRUE,0.95,SDFA_NAP_model,0.5,64,TRUE,16,10,34,FALSE,FALSE,0.775345212,0.861407333,0.802884558,0.775345212,21.44876126
23,TRUE,0.95,SDFA_NAP_model,0.1,16,TRUE,32,10,34,FALSE,FALSE,0.666332503,0.894194375,0.727258713,0.666332503,19.45248975
23,TRUE,0.95,SDFA_NAP_model,0.2,16,TRUE,32,10,34,FALSE,FALSE,0.587265142,0.856897513,0.660276651,0.587265142,19.44419186
23,TRUE,0.95,SDFA_NAP_model,0.5,16,TRUE,32,10,34,FALSE,FALSE,0.635061281,0.871987623,0.69552171,0.635061281,19.46954088
23,TRUE,0.95,SDFA_NAP_model,0.1,32,TRUE,32,10,34,FALSE,FALSE,0.691588785,0.834444793,0.735502098,0.691588785,19.85170455
23,TRUE,0.95,SDFA_NAP_model,0.2,32,TRUE,32,10,34,FALSE,FALSE,0.745367526,0.879816837,0.768674811,0.745367526,19.88973304
23,TRUE,0.95,SDFA_NAP_model,0.5,32,TRUE,32,10,34,FALSE,FALSE,0.727646089,0.854214549,0.765165608,0.727646089,19.86904243
23,TRUE,0.95,SDFA_NAP_model,0.1,64,TRUE,32,10,34,FALSE,FALSE,0.782427319,0.883696716,0.814057014,0.782427319,21.4566354
23,TRUE,0.95,SDFA_NAP_model,0.2,64,TRUE,32,10,34,FALSE,FALSE,0.744720758,0.822702251,0.763585746,0.744720758,21.44755004
23,TRUE,0.95,SDFA_NAP_model,0.5,64,TRUE,32,10,34,FALSE,FALSE,0.778546713,0.886004386,0.813178618,0.778546713,21.4093841
23,TRUE,0.95,SDFA_NAP_model,0.1,16,TRUE,64,10,34,FALSE,FALSE,0.595996507,0.845288545,0.657357611,0.595996507,19.42854693
23,TRUE,0.95,SDFA_NAP_model,0.2,16,TRUE,64,10,34,FALSE,FALSE,0.660252886,0.83803517,0.717557896,0.660252886,19.45237268
23,TRUE,0.95,SDFA_NAP_model,0.5,16,TRUE,64,10,34,FALSE,FALSE,0.54535459,0.823859063,0.612494587,0.54535459,19.44487611
23,TRUE,0.95,SDFA_NAP_model,0.1,32,TRUE,64,10,34,FALSE,FALSE,0.685897229,0.883308625,0.707533301,0.685897229,19.855414
23,TRUE,0.95,SDFA_NAP_model,0.2,32,TRUE,64,10,34,FALSE,FALSE,0.787148724,0.861315328,0.803273301,0.787148724,19.84281409
23,TRUE,0.95,SDFA_NAP_model,0.5,32,TRUE,64,10,34,FALSE,FALSE,0.672121075,0.825267928,0.712346422,0.672121075,19.84647296
23,TRUE,0.95,SDFA_NAP_model,0.1,64,TRUE,64,10,34,FALSE,FALSE,0.694984316,0.897828824,0.720836969,0.694984316,21.33362876
23,TRUE,0.95,SDFA_NAP_model,0.2,64,TRUE,64,10,34,FALSE,FALSE,0.694369886,0.885952709,0.73312621,0.694369886,21.28166574
23,TRUE,0.95,SDFA_NAP_model,0.5,64,TRUE,64,10,34,FALSE,FALSE,0.788733305,0.883355109,0.804666014,0.788733305,21.24696291
23,TRUE,0.95,SDFA_NAP_model,0.1,16,TRUE,128,10,34,FALSE,FALSE,0.703748019,0.906817193,0.760363836,0.703748019,19.31857288
23,TRUE,0.95,SDFA_NAP_model,0.2,16,TRUE,128,10,34,FALSE,FALSE,0.689777835,0.845852751,0.744674636,0.689777835,19.3020067
23,TRUE,0.95,SDFA_NAP_model,0.5,16,TRUE,128,10,34,FALSE,FALSE,0.562396921,0.826805754,0.628666081,0.562396921,19.28864309
23,TRUE,0.95,SDFA_NAP_model,0.1,32,TRUE,128,10,34,FALSE,FALSE,0.757753129,0.856550503,0.790990914,0.757753129,19.6887534
23,TRUE,0.95,SDFA_NAP_model,0.2,32,TRUE,128,10,34,FALSE,FALSE,0.687384794,0.875202628,0.731506558,0.687384794,19.71962727
23,TRUE,0.95,SDFA_NAP_model,0.5,32,TRUE,128,10,34,FALSE,FALSE,0.787245739,0.891233211,0.821335472,0.787245739,19.73039082
23,TRUE,0.95,SDFA_NAP_model,0.1,64,TRUE,128,10,34,FALSE,FALSE,0.682792743,0.909613025,0.721024172,0.682792743,21.25873324
23,TRUE,0.95,SDFA_NAP_model,0.2,64,TRUE,128,10,34,FALSE,FALSE,0.760437215,0.855422879,0.778922888,0.760437215,21.29365605
23,TRUE,0.95,SDFA_NAP_model,0.5,64,TRUE,128,10,34,FALSE,FALSE,0.781392491,0.899949525,0.795007087,0.781392491,21.35627663
42,FALSE,0.95,NAP_model,0,16,FALSE,32,10,34,FALSE,FALSE,0.686188274,0.895910451,0.73797977,0.686188274,17.77902013
42,FALSE,0.95,NAP_model,0,32,FALSE,32,10,34,FALSE,FALSE,0.765773049,0.878914527,0.804745894,0.765773049,17.78605696
42,FALSE,0.95,NAP_model,0,64,FALSE,32,10,34,FALSE,FALSE,0.789477088,0.861258364,0.811158994,0.789477088,17.85354148
42,FALSE,0.95,SDFA_NAP_model,0.1,16,TRUE,32,10,34,FALSE,FALSE,0.65595188,0.853742307,0.707917701,0.65595188,18.38420295
42,FALSE,0.95,SDFA_NAP_model,0.2,16,TRUE,32,10,34,FALSE,FALSE,0.667140963,0.88854123,0.731936189,0.667140963,18.4197504
42,FALSE,0.95,SDFA_NAP_model,0.5,16,TRUE,32,10,34,FALSE,FALSE,0.564304886,0.746167451,0.621085079,0.564304886,18.40639212
42,FALSE,0.95,SDFA_NAP_model,0.1,32,TRUE,32,10,34,FALSE,FALSE,0.774472076,0.868315629,0.805748296,0.774472076,18.41828163
42,FALSE,0.95,SDFA_NAP_model,0.2,32,TRUE,32,10,34,FALSE,FALSE,0.691200724,0.837766784,0.727558197,0.691200724,18.49059727
42,FALSE,0.95,SDFA_NAP_model,0.5,32,TRUE,32,10,34,FALSE,FALSE,0.678653429,0.872739439,0.731669474,0.678653429,18.48458966
42,FALSE,0.95,SDFA_NAP_model,0.1,64,TRUE,32,10,34,FALSE,FALSE,0.771270575,0.883086342,0.808786408,0.771270575,18.48384674
42,FALSE,0.95,SDFA_NAP_model,0.2,64,TRUE,32,10,34,FALSE,FALSE,0.797691039,0.878945421,0.823379549,0.797691039,18.51262488
42,FALSE,0.95,SDFA_NAP_model,0.5,64,TRUE,32,10,34,FALSE,FALSE,0.774569091,0.899378383,0.792653072,0.774569091,18.53128314
42,TRUE,0.95,SDFA_NAP_model,0.1,16,TRUE,16,10,34,FALSE,FALSE,0.641076222,0.822948224,0.681267634,0.641076222,18.41520864
42,TRUE,0.95,SDFA_NAP_model,0.2,16,TRUE,16,10,34,FALSE,FALSE,0.625101057,0.82215262,0.686468189,0.625101057,18.45029372
42,TRUE,0.95,SDFA_NAP_model,0.5,16,TRUE,16,10,34,FALSE,FALSE,0.568379523,0.822635498,0.638427319,0.568379523,18.45599385
42,TRUE,0.95,SDFA_NAP_model,0.1,32,TRUE,16,10,34,FALSE,FALSE,0.767389969,0.869225132,0.79810912,0.767389969,18.48135957
42,TRUE,0.95,SDFA_NAP_model,0.2,32,TRUE,16,10,34,FALSE,FALSE,0.684506678,0.820911004,0.719335471,0.684506678,18.44541636
42,TRUE,0.95,SDFA_NAP_model,0.5,32,TRUE,16,10,34,FALSE,FALSE,0.789347735,0.895374301,0.822341152,0.789347735,18.48750453
42,TRUE,0.95,SDFA_NAP_model,0.1,64,TRUE,16,10,34,FALSE,FALSE,0.781909905,0.887935896,0.792734949,0.781909905,18.49855876
42,TRUE,0.95,SDFA_NAP_model,0.2,64,TRUE,16,10,34,FALSE,FALSE,0.789347735,0.881155201,0.816987716,0.789347735,18.49683272
42,TRUE,0.95,SDFA_NAP_model,0.5,64,TRUE,16,10,34,FALSE,FALSE,0.7808104,0.897757189,0.797415619,0.7808104,18.49511631
42,TRUE,0.95,SDFA_NAP_model,0.1,16,TRUE,32,10,34,FALSE,FALSE,0.667949423,0.808283022,0.71385029,0.667949423,18.44654533
42,TRUE,0.95,SDFA_NAP_model,0.2,16,TRUE,32,10,34,FALSE,FALSE,0.569479029,0.794335763,0.630149293,0.569479029,18.362876
42,TRUE,0.95,SDFA_NAP_model,0.5,16,TRUE,32,10,34,FALSE,FALSE,0.6198299,0.844174008,0.675234486,0.6198299,18.28249236
42,TRUE,0.95,SDFA_NAP_model,0.1,32,TRUE,32,10,34,FALSE,FALSE,0.770494454,0.862885941,0.801424105,0.770494454,18.30107477
42,TRUE,0.95,SDFA_NAP_model,0.2,32,TRUE,32,10,34,FALSE,FALSE,0.752029234,0.885346819,0.798809572,0.752029234,18.23960848
42,TRUE,0.95,SDFA_NAP_model,0.5,32,TRUE,32,10,34,FALSE,FALSE,0.682307667,0.856417415,0.726331465,0.682307667,18.21130264
42,TRUE,0.95,SDFA_NAP_model,0.1,64,TRUE,32,10,34,FALSE,FALSE,0.774407399,0.885171954,0.788639827,0.774407399,18.2502741
42,TRUE,0.95,SDFA_NAP_model,0.2,64,TRUE,32,10,34,FALSE,FALSE,0.780034279,0.897834381,0.79416,0.780034279,18.20235091
42,TRUE,0.95,SDFA_NAP_model,0.5,64,TRUE,32,10,34,FALSE,FALSE,0.701193287,0.887564039,0.721357878,0.701193287,18.21500276
42,TRUE,0.95,SDFA_NAP_model,0.1,16,TRUE,64,10,34,FALSE,FALSE,0.611066197,0.851546905,0.67410793,0.611066197,18.1691201
42,TRUE,0.95,SDFA_NAP_model,0.2,16,TRUE,64,10,34,FALSE,FALSE,0.669113605,0.858383217,0.70516422,0.669113605,18.16991247
42,TRUE,0.95,SDFA_NAP_model,0.5,16,TRUE,64,10,34,FALSE,FALSE,0.543802348,0.752633482,0.599454249,0.543802348,18.20002528
42,TRUE,0.95,SDFA_NAP_model,0.1,32,TRUE,64,10,34,FALSE,FALSE,0.685282799,0.810322895,0.71974002,0.685282799,18.14028535
42,TRUE,0.95,SDFA_NAP_model,0.2,32,TRUE,64,10,34,FALSE,FALSE,0.630921967,0.855758632,0.667640723,0.630921967,18.18996727
42,TRUE,0.95,SDFA_NAP_model,0.5,32,TRUE,64,10,34,FALSE,FALSE,0.77379297,0.887501679,0.808718806,0.77379297,18.15364658
42,TRUE,0.95,SDFA_NAP_model,0.1,64,TRUE,64,10,34,FALSE,FALSE,0.680464379,0.856538191,0.72668522,0.680464379,18.19890501
42,TRUE,0.95,SDFA_NAP_model,0.2,64,TRUE,64,10,34,FALSE,FALSE,0.781133784,0.862056188,0.809451034,0.781133784,18.19568207
42,TRUE,0.95,SDFA_NAP_model,0.5,64,TRUE,64,10,34,FALSE,FALSE,0.793681079,0.882981497,0.818604248,0.793681079,18.20962727
42,TRUE,0.95,SDFA_NAP_model,0.1,16,TRUE,128,10,34,FALSE,FALSE,0.737315267,0.858740601,0.77219917,0.737315267,18.19469377
42,TRUE,0.95,SDFA_NAP_model,0.2,16,TRUE,128,10,34,FALSE,FALSE,0.635190635,0.810514782,0.685047012,0.635190635,18.19016276
42,TRUE,0.95,SDFA_NAP_model,0.5,16,TRUE,128,10,34,FALSE,FALSE,0.562752644,0.830587872,0.639756704,0.562752644,18.17889528
42,TRUE,0.95,SDFA_NAP_model,0.1,32,TRUE,128,10,34,FALSE,FALSE,0.728098826,0.893960254,0.763156265,0.728098826,18.18715517
42,TRUE,0.95,SDFA_NAP_model,0.2,32,TRUE,128,10,34,FALSE,FALSE,0.758108851,0.875197157,0.798857261,0.758108851,18.14184588
42,TRUE,0.95,SDFA_NAP_model,0.5,32,TRUE,128,10,34,FALSE,FALSE,0.751026744,0.869243451,0.778608689,0.751026744,18.16287253
42,TRUE,0.95,SDFA_NAP_model,0.1,64,TRUE,128,10,34,FALSE,FALSE,0.795524367,0.878919974,0.81975586,0.795524367,18.14736261
42,TRUE,0.95,SDFA_NAP_model,0.2,64,TRUE,128,10,34,FALSE,FALSE,0.761730751,0.904747393,0.788023407,0.761730751,18.16642387
42,TRUE,0.95,SDFA_NAP_model,0.5,64,TRUE,128,10,34,FALSE,FALSE,0.792969634,0.887449437,0.820983983,0.792969634,18.14945322
4,FALSE,0.95,NAP_model,0,16,FALSE,32,10,34,FALSE,FALSE,0.616175662,0.86486778,0.665163384,0.616175662,17.60904489
4,FALSE,0.95,NAP_model,0,32,FALSE,32,10,34,FALSE,FALSE,0.654076254,0.870905956,0.683145182,0.654076254,17.6158803
4,FALSE,0.95,NAP_model,0,64,FALSE,32,10,34,FALSE,FALSE,0.687158426,0.869652958,0.705849544,0.687158426,17.65744989
4,FALSE,0.95,SDFA_NAP_model,0.1,16,TRUE,32,10,34,FALSE,FALSE,0.685541506,0.831504276,0.736758426,0.685541506,18.14731944
4,FALSE,0.95,SDFA_NAP_model,0.2,16,TRUE,32,10,34,FALSE,FALSE,0.715066455,0.85797209,0.75945701,0.715066455,18.14158199
4,FALSE,0.95,SDFA_NAP_model,0.5,16,TRUE,32,10,34,FALSE,FALSE,0.560359603,0.832568765,0.635522477,0.560359603,18.14069752
4,FALSE,0.95,SDFA_NAP_model,0.1,32,TRUE,32,10,34,FALSE,FALSE,0.77418103,0.886341543,0.812176297,0.77418103,18.15369021
4,FALSE,0.95,SDFA_NAP_model,0.2,32,TRUE,32,10,34,FALSE,FALSE,0.759143679,0.893599651,0.802759429,0.759143679,18.18380107
4,FALSE,0.95,SDFA_NAP_model,0.5,32,TRUE,32,10,34,FALSE,FALSE,0.747146137,0.853812998,0.782424395,0.747146137,18.18830442
4,FALSE,0.95,SDFA_NAP_model,0.1,64,TRUE,32,10,34,FALSE,FALSE,0.785596482,0.882548252,0.811721958,0.785596482,18.20803432
4,FALSE,0.95,SDFA_NAP_model,0.2,64,TRUE,32,10,34,FALSE,FALSE,0.704394787,0.882652744,0.720943237,0.704394787,18.22416763
4,FALSE,0.95,SDFA_NAP_model,0.5,64,TRUE,32,10,34,FALSE,FALSE,0.706561459,0.886360945,0.764712187,0.706561459,18.200494
4,TRUE,0.95,SDFA_NAP_model,0.1,16,TRUE,16,10,34,FALSE,FALSE,0.69750671,0.848354829,0.749572676,0.69750671,18.18202357
4,TRUE,0.95,SDFA_NAP_model,0.2,16,TRUE,16,10,34,FALSE,FALSE,0.479157908,0.791335687,0.551415247,0.479157908,18.17537027
4,TRUE,0.95,SDFA_NAP_model,0.5,16,TRUE,16,10,34,FALSE,FALSE,0.483167869,0.871150466,0.567226247,0.483167869,18.15972543
4,TRUE,0.95,SDFA_NAP_model,0.1,32,TRUE,16,10,34,FALSE,FALSE,0.737412282,0.878074418,0.763135568,0.737412282,18.20182573
4,TRUE,0.95,SDFA_NAP_model,0.2,32,TRUE,16,10,34,FALSE,FALSE,0.772370081,0.893171,0.810065628,0.772370081,18.16255742
4,TRUE,0.95,SDFA_NAP_model,0.5,32,TRUE,16,10,34,FALSE,FALSE,0.743588914,0.874875742,0.7864334,0.743588914,18.17021536
4,TRUE,0.95,SDFA_NAP_model,0.1,64,TRUE,16,10,34,FALSE,FALSE,0.779355173,0.856416189,0.803427756,0.779355173,18.20321231
4,TRUE,0.95,SDFA_NAP_model,0.2,64,TRUE,16,10,34,FALSE,FALSE,0.764220807,0.876773731,0.780118331,0.764220807,18.17586479
4,TRUE,0.95,SDFA_NAP_model,0.5,64,TRUE,16,10,34,FALSE,FALSE,0.692623613,0.826388999,0.713733652,0.692623613,18.2103841
4,TRUE,0.95,SDFA_NAP_model,0.1,16,TRUE,32,10,34,FALSE,FALSE,0.691071371,0.893788631,0.738162617,0.691071371,18.18036534
4,TRUE,0.95,SDFA_NAP_model,0.2,16,TRUE,32,10,34,FALSE,FALSE,0.651133461,0.861381436,0.715862615,0.651133461,18.17381463
4,TRUE,0.95,SDFA_NAP_model,0.5,16,TRUE,32,10,34,FALSE,FALSE,0.652879734,0.847429333,0.703568438,0.652879734,18.17810127
4,TRUE,0.95,SDFA_NAP_model,0.1,32,TRUE,32,10,34,FALSE,FALSE,0.68065841,0.80560785,0.703351986,0.68065841,18.19325306
4,TRUE,0.95,SDFA_NAP_model,0.2,32,TRUE,32,10,34,FALSE,FALSE,0.691815154,0.876494741,0.739080487,0.691815154,18.13011513
4,TRUE,0.95,SDFA_NAP_model,0.5,32,TRUE,32,10,34,FALSE,FALSE,0.747760567,0.870670554,0.788580627,0.747760567,18.17754365
4,TRUE,0.95,SDFA_NAP_model,0.1,64,TRUE,32,10,34,FALSE,FALSE,0.774569091,0.888914564,0.81104691,0.774569091,18.20509604
4,TRUE,0.95,SDFA_NAP_model,0.2,64,TRUE,32,10,34,FALSE,FALSE,0.79364874,0.885995353,0.821215643,0.79364874,18.22007055
4,TRUE,0.95,SDFA_NAP_model,0.5,64,TRUE,32,10,34,FALSE,FALSE,0.810270672,0.887182881,0.831982183,0.810270672,18.19238641
4,TRUE,0.95,SDFA_NAP_model,0.1,16,TRUE,64,10,34,FALSE,FALSE,0.614914465,0.823929777,0.666119849,0.614914465,18.16462063
4,TRUE,0.95,SDFA_NAP_model,0.2,16,TRUE,64,10,34,FALSE,FALSE,0.67703651,0.897565709,0.755883791,0.67703651,18.20370117
4,TRUE,0.95,SDFA_NAP_model,0.5,16,TRUE,64,10,34,FALSE,FALSE,0.598842286,0.825780677,0.652446498,0.598842286,18.18301624
4,TRUE,0.95,SDFA_NAP_model,0.1,32,TRUE,64,10,34,FALSE,FALSE,0.744268021,0.884495337,0.767650733,0.744268021,18.2048565
4,TRUE,0.95,SDFA_NAP_model,0.2,32,TRUE,64,10,34,FALSE,FALSE,0.653914562,0.806552087,0.688269481,0.653914562,18.19088923
4,TRUE,0.95,SDFA_NAP_model,0.5,32,TRUE,64,10,34,FALSE,FALSE,0.765773049,0.88516057,0.793504019,0.765773049,18.18295376
4,TRUE,0.95,SDFA_NAP_model,0.1,64,TRUE,64,10,34,FALSE,FALSE,0.765093943,0.891857877,0.785082223,0.765093943,18.20359127
4,TRUE,0.95,SDFA_NAP_model,0.2,64,TRUE,64,10,34,FALSE,FALSE,0.7771885,0.870298876,0.806925519,0.7771885,18.20052931
4,TRUE,0.95,SDFA_NAP_model,0.5,64,TRUE,64,10,34,FALSE,FALSE,0.76535265,0.859943945,0.796228782,0.76535265,18.20760487
4,TRUE,0.95,SDFA_NAP_model,0.1,16,TRUE,128,10,34,FALSE,FALSE,0.711347541,0.826279773,0.750341599,0.711347541,18.17677745
4,TRUE,0.95,SDFA_NAP_model,0.2,16,TRUE,128,10,34,FALSE,FALSE,0.514309737,0.81682259,0.599606968,0.514309737,18.19369525
4,TRUE,0.95,SDFA_NAP_model,0.5,16,TRUE,128,10,34,FALSE,FALSE,0.536364518,0.861658859,0.608255656,0.536364518,18.17940095
4,TRUE,0.95,SDFA_NAP_model,0.1,32,TRUE,128,10,34,FALSE,FALSE,0.68987485,0.885535032,0.7518583,0.68987485,18.20223993
4,TRUE,0.95,SDFA_NAP_model,0.2,32,TRUE,128,10,34,FALSE,FALSE,0.671344954,0.836762257,0.71661039,0.671344954,18.17583055
4,TRUE,0.95,SDFA_NAP_model,0.5,32,TRUE,128,10,34,FALSE,FALSE,0.685929567,0.797315632,0.716396638,0.685929567,18.1893117
4,TRUE,0.95,SDFA_NAP_model,0.1,64,TRUE,128,10,34,FALSE,FALSE,0.760178508,0.866541636,0.795756919,0.760178508,18.20900923
4,TRUE,0.95,SDFA_NAP_model,0.2,64,TRUE,128,10,34,FALSE,FALSE,0.771949681,0.898232106,0.79169551,0.771949681,18.20949578
4,TRUE,0.95,SDFA_NAP_model,0.5,64,TRUE,128,10,34,FALSE,FALSE,0.793842771,0.886016824,0.820765914,0.793842771,18.24636917
108,FALSE,0.95,NAP_model,0,16,FALSE,32,10,34,FALSE,FALSE,0.680108657,0.843312353,0.713629992,0.680108657,17.63429696
108,FALSE,0.95,NAP_model,0,32,FALSE,32,10,34,FALSE,FALSE,0.779840248,0.872369713,0.809390449,0.779840248,17.59284352
108,FALSE,0.95,NAP_model,0,64,FALSE,32,10,34,FALSE,FALSE,0.797141286,0.87439679,0.820720826,0.797141286,17.70542981
108,FALSE,0.95,SDFA_NAP_model,0.1,16,TRUE,32,10,34,FALSE,FALSE,0.683762895,0.881753263,0.727393619,0.683762895,18.14980842
108,FALSE,0.95,SDFA_NAP_model,0.2,16,TRUE,32,10,34,FALSE,FALSE,0.700966918,0.864287488,0.753583745,0.700966918,18.15764068
108,FALSE,0.95,SDFA_NAP_model,0.5,16,TRUE,32,10,34,FALSE,FALSE,0.589173107,0.886750315,0.655553585,0.589173107,18.22258598
108,FALSE,0.95,SDFA_NAP_model,0.1,32,TRUE,32,10,34,FALSE,FALSE,0.734081428,0.889774083,0.771012275,0.734081428,18.1984505
108,FALSE,0.95,SDFA_NAP_model,0.2,32,TRUE,32,10,34,FALSE,FALSE,0.682404683,0.842368125,0.725729029,0.682404683,18.2040822
108,FALSE,0.95,SDFA_NAP_model,0.5,32,TRUE,32,10,34,FALSE,FALSE,0.768780519,0.862062281,0.801326548,0.768780519,18.21289009
108,FALSE,0.95,SDFA_NAP_model,0.1,64,TRUE,32,10,34,FALSE,FALSE,0.796656211,0.884395026,0.821691465,0.796656211,18.20137951
108,FALSE,0.95,SDFA_NAP_model,0.2,64,TRUE,32,10,34,FALSE,FALSE,0.784917375,0.870250398,0.811761097,0.784917375,18.19690699
108,FALSE,0.95,SDFA_NAP_model,0.5,64,TRUE,32,10,34,FALSE,FALSE,0.790705947,0.88724221,0.820523644,0.790705947,18.2216896
108,TRUE,0.95,SDFA_NAP_model,0.1,16,TRUE,16,10,34,FALSE,FALSE,0.628787634,0.885757339,0.696827876,0.628787634,18.14582899
108,TRUE,0.95,SDFA_NAP_model,0.2,16,TRUE,16,10,34,FALSE,FALSE,0.653720532,0.890101483,0.713659661,0.653720532,18.17704847
108,TRUE,0.95,SDFA_NAP_model,0.5,16,TRUE,16,10,34,FALSE,FALSE,0.569123306,0.89045375,0.668347346,0.569123306,18.14537833
108,TRUE,0.95,SDFA_NAP_model,0.1,32,TRUE,16,10,34,FALSE,FALSE,0.778934773,0.874978386,0.79981239,0.778934773,18.18265125
108,TRUE,0.95,SDFA_NAP_model,0.2,32,TRUE,16,10,34,FALSE,FALSE,0.752352618,0.907841031,0.783650623,0.752352618,18.19017045
108,TRUE,0.95,SDFA_NAP_model,0.5,32,TRUE,16,10,34,FALSE,FALSE,0.751738188,0.859890533,0.789802408,0.751738188,18.19822917
108,TRUE,0.95,SDFA_NAP_model,0.1,64,TRUE,16,10,34,FALSE,FALSE,0.781230799,0.859818744,0.805363136,0.781230799,18.19689162
108,TRUE,0.95,SDFA_NAP_model,0.2,64,TRUE,16,10,34,FALSE,FALSE,0.77799696,0.887072049,0.790089782,0.77799696,18.19290404
108,TRUE,0.95,SDFA_NAP_model,0.5,64,TRUE,16,10,34,FALSE,FALSE,0.785467128,0.902431914,0.799297397,0.785467128,18.2039771
108,TRUE,0.95,SDFA_NAP_model,0.1,16,TRUE,32,10,34,FALSE,FALSE,0.532839634,0.833503109,0.601867157,0.532839634,18.15626302
108,TRUE,0.95,SDFA_NAP_model,0.2,16,TRUE,32,10,34,FALSE,FALSE,0.63648417,0.871583683,0.699249637,0.63648417,18.19418935
108,TRUE,0.95,SDFA_NAP_model,0.5,16,TRUE,32,10,34,FALSE,FALSE,0.644180707,0.883466405,0.71596334,0.644180707,18.18197154
108,TRUE,0.95,SDFA_NAP_model,0.1,32,TRUE,32,10,34,FALSE,FALSE,0.653106102,0.817315162,0.681261974,0.653106102,18.16357982
108,TRUE,0.95,SDFA_NAP_model,0.2,32,TRUE,32,10,34,FALSE,FALSE,0.683730557,0.810694736,0.703741967,0.683730557,18.19210071
108,TRUE,0.95,SDFA_NAP_model,0.5,32,TRUE,32,10,34,FALSE,FALSE,0.643566278,0.864311263,0.677772946,0.643566278,18.17270849
108,TRUE,0.95,SDFA_NAP_model,0.1,64,TRUE,32,10,34,FALSE,FALSE,0.796656211,0.878447874,0.821159008,0.796656211,18.19770488
108,TRUE,0.95,SDFA_NAP_model,0.2,64,TRUE,32,10,34,FALSE,FALSE,0.709083853,0.897610078,0.728890054,0.709083853,18.18039079
108,TRUE,0.95,SDFA_NAP_model,0.5,64,TRUE,32,10,34,FALSE,FALSE,0.785499466,0.880601392,0.812935465,0.785499466,18.19204405
108,TRUE,0.95,SDFA_NAP_model,0.1,16,TRUE,64,10,34,FALSE,FALSE,0.686188274,0.905465308,0.744348268,0.686188274,18.16039258
108,TRUE,0.95,SDFA_NAP_model,0.2,16,TRUE,64,10,34,FALSE,FALSE,0.647705591,0.836336092,0.706924111,0.647705591,18.18134644
108,TRUE,0.95,SDFA_NAP_model,0.5,16,TRUE,64,10,34,FALSE,FALSE,0.6575688,0.874252861,0.725040486,0.6575688,18.17544573
108,TRUE,0.95,SDFA_NAP_model,0.1,32,TRUE,64,10,34,FALSE,FALSE,0.757041684,0.886201936,0.77956149,0.757041684,18.16783896
108,TRUE,0.95,SDFA_NAP_model,0.2,32,TRUE,64,10,34,FALSE,FALSE,0.661966821,0.888838314,0.701393089,0.661966821,18.15339915
108,TRUE,0.95,SDFA_NAP_model,0.5,32,TRUE,64,10,34,FALSE,FALSE,0.716392329,0.864569748,0.748011369,0.716392329,18.14348728
108,TRUE,0.95,SDFA_NAP_model,0.1,64,TRUE,64,10,34,FALSE,FALSE,0.716036607,0.832678516,0.748740367,0.716036607,18.1560948
108,TRUE,0.95,SDFA_NAP_model,0.2,64,TRUE,64,10,34,FALSE,FALSE,0.812566698,0.881828404,0.832121599,0.812566698,18.20822953
108,TRUE,0.95,SDFA_NAP_model,0.5,64,TRUE,64,10,34,FALSE,FALSE,0.77178799,0.883629094,0.805445223,0.77178799,18.14406173
108,TRUE,0.95,SDFA_NAP_model,0.1,16,TRUE,128,10,34,FALSE,FALSE,0.589690522,0.813832764,0.639430021,0.589690522,18.14162712
108,TRUE,0.95,SDFA_NAP_model,0.2,16,TRUE,128,10,34,FALSE,FALSE,0.669178282,0.846011514,0.724859111,0.669178282,18.17488659
108,TRUE,0.95,SDFA_NAP_model,0.5,16,TRUE,128,10,34,FALSE,FALSE,0.575817353,0.876965425,0.641815649,0.575817353,18.1768985
108,TRUE,0.95,SDFA_NAP_model,0.1,32,TRUE,128,10,34,FALSE,FALSE,0.744138667,0.864834024,0.772251617,0.744138667,18.17924274
108,TRUE,0.95,SDFA_NAP_model,0.2,32,TRUE,128,10,34,FALSE,FALSE,0.765223297,0.873617884,0.8010793,0.765223297,18.19145073
108,TRUE,0.95,SDFA_NAP_model,0.5,32,TRUE,128,10,34,FALSE,FALSE,0.650680723,0.919129415,0.701647277,0.650680723,18.19738027
108,TRUE,0.95,SDFA_NAP_model,0.1,64,TRUE,128,10,34,FALSE,FALSE,0.78381787,0.863458635,0.808442035,0.78381787,18.20220561
108,TRUE,0.95,SDFA_NAP_model,0.2,64,TRUE,128,10,34,FALSE,FALSE,0.780034279,0.881921013,0.791339432,0.780034279,18.21401463
108,TRUE,0.95,SDFA_NAP_model,0.5,64,TRUE,128,10,34,FALSE,FALSE,0.772499434,0.885036707,0.786878609,0.772499434,18.20749247
16,FALSE,0.95,NAP_model,0,16,FALSE,32,10,34,FALSE,FALSE,0.654464315,0.81880975,0.707228515,0.654464315,17.58940246
16,FALSE,0.95,NAP_model,0,32,FALSE,32,10,34,FALSE,FALSE,0.750832714,0.864252177,0.765562792,0.750832714,17.61740625
16,FALSE,0.95,NAP_model,0,64,FALSE,32,10,34,FALSE,FALSE,0.675257899,0.895955842,0.719827418,0.675257899,17.69086276
16,FALSE,0.95,SDFA_NAP_model,0.1,16,TRUE,32,10,34,FALSE,FALSE,0.575364615,0.846219025,0.631445201,0.575364615,18.1971093
16,FALSE,0.95,SDFA_NAP_model,0.2,16,TRUE,32,10,34,FALSE,FALSE,0.577143227,0.78907234,0.63842526,0.577143227,18.21087114
16,FALSE,0.95,SDFA_NAP_model,0.5,16,TRUE,32,10,34,FALSE,FALSE,0.574782524,0.875378089,0.643082108,0.574782524,18.19776022
16,FALSE,0.95,SDFA_NAP_model,0.1,32,TRUE,32,10,34,FALSE,FALSE,0.660543932,0.82608784,0.712984696,0.660543932,18.21110844
16,FALSE,0.95,SDFA_NAP_model,0.2,32,TRUE,32,10,34,FALSE,FALSE,0.788603952,0.885799157,0.805456175,0.788603952,18.15858306
16,FALSE,0.95,SDFA_NAP_model,0.5,32,TRUE,32,10,34,FALSE,FALSE,0.780842738,0.887966032,0.818874706,0.780842738,18.19302892
16,FALSE,0.95,SDFA_NAP_model,0.1,64,TRUE,32,10,34,FALSE,FALSE,0.761310352,0.863209344,0.798499142,0.761310352,18.22105775
16,FALSE,0.95,SDFA_NAP_model,0.2,64,TRUE,32,10,34,FALSE,FALSE,0.774633768,0.88933892,0.788523751,0.774633768,18.21096812
16,FALSE,0.95,SDFA_NAP_model,0.5,64,TRUE,32,10,34,FALSE,FALSE,0.813407496,0.889709177,0.834410508,0.813407496,18.22866355
16,TRUE,0.95,SDFA_NAP_model,0.1,16,TRUE,16,10,34,FALSE,FALSE,0.625909517,0.801890706,0.674746275,0.625909517,18.20088737
16,TRUE,0.95,SDFA_NAP_model,0.2,16,TRUE,16,10,34,FALSE,FALSE,0.566536235,0.842350207,0.616064847,0.566536235,18.19204251
16,TRUE,0.95,SDFA_NAP_model,0.5,16,TRUE,16,10,34,FALSE,FALSE,0.54516056,0.743967518,0.6036791,0.54516056,18.20227498
16,TRUE,0.95,SDFA_NAP_model,0.1,32,TRUE,16,10,34,FALSE,FALSE,0.696795266,0.876771251,0.742121797,0.696795266,18.21783443
16,TRUE,0.95,SDFA_NAP_model,0.2,32,TRUE,16,10,34,FALSE,FALSE,0.757688452,0.879380909,0.775251817,0.757688452,18.20435423
16,TRUE,0.95,SDFA_NAP_model,0.5,32,TRUE,16,10,34,FALSE,FALSE,0.684474339,0.844513093,0.736738544,0.684474339,18.18217353
16,TRUE,0.95,SDFA_NAP_model,0.1,64,TRUE,16,10,34,FALSE,FALSE,0.795912428,0.875699856,0.81978447,0.795912428,18.25003438
16,TRUE,0.95,SDFA_NAP_model,0.2,64,TRUE,16,10,34,FALSE,FALSE,0.768554151,0.882795425,0.799570661,0.768554151,18.23867763
16,TRUE,0.95,SDFA_NAP_model,0.5,64,TRUE,16,10,34,FALSE,FALSE,0.777479546,0.884834766,0.790444764,0.777479546,18.18449817
16,TRUE,0.95,SDFA_NAP_model,0.1,16,TRUE,32,10,34,FALSE,FALSE,0.705850015,0.87279892,0.753052249,0.705850015,18.21501927
16,TRUE,0.95,SDFA_NAP_model,0.2,16,TRUE,32,10,34,FALSE,FALSE,0.634576205,0.865122499,0.698696013,0.634576205,18.16085392
16,TRUE,0.95,SDFA_NAP_model,0.5,16,TRUE,32,10,34,FALSE,FALSE,0.595058694,0.863884203,0.656751785,0.595058694,18.1696731
16,TRUE,0.95,SDFA_NAP_model,0.1,32,TRUE,32,10,34,FALSE,FALSE,0.7226013,0.912436839,0.765652724,0.7226013,18.14918772
16,TRUE,0.95,SDFA_NAP_model,0.2,32,TRUE,32,10,34,FALSE,FALSE,0.760760599,0.88646304,0.801684832,0.760760599,18.19217579
16,TRUE,0.95,SDFA_NAP_model,0.5,32,TRUE,32,10,34,FALSE,FALSE,0.665944443,0.870156594,0.72320368,0.665944443,18.15368944
16,TRUE,0.95,SDFA_NAP_model,0.1,64,TRUE,32,10,34,FALSE,FALSE,0.794812922,0.87483656,0.81913428,0.794812922,18.18210713
16,TRUE,0.95,SDFA_NAP_model,0.2,64,TRUE,32,10,34,FALSE,FALSE,0.778288006,0.880653773,0.791071826,0.778288006,18.08743782
16,TRUE,0.95,SDFA_NAP_model,0.5,64,TRUE,32,10,34,FALSE,FALSE,0.7808104,0.898629561,0.796312237,0.7808104,18.06165594
16,TRUE,0.95,SDFA_NAP_model,0.1,16,TRUE,64,10,34,FALSE,FALSE,0.677262879,0.828059572,0.711826372,0.677262879,18.11613553
16,TRUE,0.95,SDFA_NAP_model,0.2,16,TRUE,64,10,34,FALSE,FALSE,0.585260162,0.877360754,0.650847652,0.585260162,18.08549294
16,TRUE,0.95,SDFA_NAP_model,0.5,16,TRUE,64,10,34,FALSE,FALSE,0.666041458,0.877094228,0.734535573,0.666041458,18.05803682
16,TRUE,0.95,SDFA_NAP_model,0.1,32,TRUE,64,10,34,FALSE,FALSE,0.681143485,0.881021778,0.708236742,0.681143485,18.16580817
16,TRUE,0.95,SDFA_NAP_model,0.2,32,TRUE,64,10,34,FALSE,FALSE,0.781166122,0.886752141,0.815441033,0.781166122,18.07157609
16,TRUE,0.95,SDFA_NAP_model,0.5,32,TRUE,64,10,34,FALSE,FALSE,0.681175824,0.873934537,0.723026129,0.681175824,18.13064424
16,TRUE,0.95,SDFA_NAP_model,0.1,64,TRUE,64,10,34,FALSE,FALSE,0.775280536,0.901820738,0.787060701,0.775280536,18.16932367
16,TRUE,0.95,SDFA_NAP_model,0.2,64,TRUE,64,10,34,FALSE,FALSE,0.788539275,0.865993142,0.811692737,0.788539275,18.12965272
16,TRUE,0.95,SDFA_NAP_model,0.5,64,TRUE,64,10,34,FALSE,FALSE,0.791579084,0.88507408,0.819095974,0.791579084,18.15991442
16,TRUE,0.95,SDFA_NAP_model,0.1,16,TRUE,128,10,34,FALSE,FALSE,0.583125829,0.80648927,0.654150233,0.583125829,18.15063477
16,TRUE,0.95,SDFA_NAP_model,0.2,16,TRUE,128,10,34,FALSE,FALSE,0.611421919,0.846256126,0.654611631,0.611421919,18.10400441
16,TRUE,0.95,SDFA_NAP_model,0.5,16,TRUE,128,10,34,FALSE,FALSE,0.612650778,0.837069142,0.684466732,0.612650778,18.12142333
16,TRUE,0.95,SDFA_NAP_model,0.1,32,TRUE,128,10,34,FALSE,FALSE,0.678071338,0.874902717,0.70559542,0.678071338,18.08924489
16,TRUE,0.95,SDFA_NAP_model,0.2,32,TRUE,128,10,34,FALSE,FALSE,0.668563852,0.790258953,0.695164929,0.668563852,18.06611614
16,TRUE,0.95,SDFA_NAP_model,0.5,32,TRUE,128,10,34,FALSE,FALSE,0.648643405,0.881509555,0.681894186,0.648643405,18.12399924
16,TRUE,0.95,SDFA_NAP_model,0.1,64,TRUE,128,10,34,FALSE,FALSE,0.787181063,0.879349104,0.812939667,0.787181063,18.14708599
16,TRUE,0.95,SDFA_NAP_model,0.2,64,TRUE,128,10,34,FALSE,FALSE,0.775118844,0.883419628,0.788789633,0.775118844,18.12239222
16,TRUE,0.95,SDFA_NAP_model,0.5,64,TRUE,128,10,34,FALSE,FALSE,0.770429777,0.865125959,0.794710429,0.770429777,18.14308845
1089,FALSE,0.95,NAP_model,0,16,FALSE,32,10,34,FALSE,FALSE,0.609513954,0.890455222,0.671052011,0.609513954,17.5582453
1089,FALSE,0.95,NAP_model,0,32,FALSE,32,10,34,FALSE,FALSE,0.764414837,0.852168863,0.794742031,0.764414837,17.51170238
1089,FALSE,0.95,NAP_model,0,64,FALSE,32,10,34,FALSE,FALSE,0.789962164,0.872224223,0.813537999,0.789962164,17.58332454
1089,FALSE,0.95,SDFA_NAP_model,0.1,16,TRUE,32,10,34,FALSE,FALSE,0.686608673,0.885146906,0.746428896,0.686608673,18.11341046
1089,FALSE,0.95,SDFA_NAP_model,0.2,16,TRUE,32,10,34,FALSE,FALSE,0.665265336,0.866191511,0.731993758,0.665265336,18.121215
1089,FALSE,0.95,SDFA_NAP_model,0.5,16,TRUE,32,10,34,FALSE,FALSE,0.596255215,0.79103722,0.640782454,0.596255215,18.09724536
1089,FALSE,0.95,SDFA_NAP_model,0.1,32,TRUE,32,10,34,FALSE,FALSE,0.65093943,0.876462075,0.688141414,0.65093943,18.17218346
1089,FALSE,0.95,SDFA_NAP_model,0.2,32,TRUE,32,10,34,FALSE,FALSE,0.695048993,0.852729031,0.739297121,0.695048993,18.10745734
1089,FALSE,0.95,SDFA_NAP_model,0.5,32,TRUE,32,10,34,FALSE,FALSE,0.778514374,0.882998802,0.812052629,0.778514374,18.09088706
1089,FALSE,0.95,SDFA_NAP_model,0.1,64,TRUE,32,10,34,FALSE,FALSE,0.759693432,0.878352932,0.777243092,0.759693432,18.15533758
1089,FALSE,0.95,SDFA_NAP_model,0.2,64,TRUE,32,10,34,FALSE,FALSE,0.784593992,0.904668326,0.801411761,0.784593992,18.13893375
1089,FALSE,0.95,SDFA_NAP_model,0.5,64,TRUE,32,10,34,FALSE,FALSE,0.779743233,0.885422957,0.809506546,0.779743233,18.14827948
1089,TRUE,0.95,SDFA_NAP_model,0.1,16,TRUE,16,10,34,FALSE,FALSE,0.72460628,0.883411122,0.761037629,0.72460628,18.12890955
1089,TRUE,0.95,SDFA_NAP_model,0.2,16,TRUE,16,10,34,FALSE,FALSE,0.595608447,0.859991975,0.664435296,0.595608447,18.12516818
1089,TRUE,0.95,SDFA_NAP_model,0.5,16,TRUE,16,10,34,FALSE,FALSE,0.625424441,0.854328637,0.683147125,0.625424441,18.12992579
1089,TRUE,0.95,SDFA_NAP_model,0.1,32,TRUE,16,10,34,FALSE,FALSE,0.6884843,0.901753436,0.737004099,0.6884843,18.16956135
1089,TRUE,0.95,SDFA_NAP_model,0.2,32,TRUE,16,10,34,FALSE,FALSE,0.666429518,0.859262097,0.732764471,0.666429518,18.11614198
1089,TRUE,0.95,SDFA_NAP_model,0.5,32,TRUE,16,10,34,FALSE,FALSE,0.775668596,0.887064073,0.799691735,0.775668596,18.13451418
1089,TRUE,0.95,SDFA_NAP_model,0.1,64,TRUE,16,10,34,FALSE,FALSE,0.71959383,0.869542709,0.758353271,0.71959383,18.15483825
1089,TRUE,0.95,SDFA_NAP_model,0.2,64,TRUE,16,10,34,FALSE,FALSE,0.795589044,0.881168862,0.819768545,0.795589044,18.1514844
1089,TRUE,0.95,SDFA_NAP_model,0.5,64,TRUE,16,10,34,FALSE,FALSE,0.76635514,0.895416334,0.786274388,0.76635514,18.16221476
1089,TRUE,0.95,SDFA_NAP_model,0.1,16,TRUE,32,10,34,FALSE,FALSE,0.607800019,0.820363614,0.656972925,0.607800019,18.11135139
1089,TRUE,0.95,SDFA_NAP_model,0.2,16,TRUE,32,10,34,FALSE,FALSE,0.676971833,0.787401777,0.70732055,0.676971833,18.08696964
1089,TRUE,0.95,SDFA_NAP_model,0.5,16,TRUE,32,10,34,FALSE,FALSE,0.563464088,0.867194592,0.656026684,0.563464088,18.14435677
1089,TRUE,0.95,SDFA_NAP_model,0.1,32,TRUE,32,10,34,FALSE,FALSE,0.668046438,0.870838252,0.691899337,0.668046438,18.05719232
1089,TRUE,0.95,SDFA_NAP_model,0.2,32,TRUE,32,10,34,FALSE,FALSE,0.726384892,0.862065445,0.752458179,0.726384892,18.08694155
1089,TRUE,0.95,SDFA_NAP_model,0.5,32,TRUE,32,10,34,FALSE,FALSE,0.665685736,0.857288919,0.71085323,0.665685736,18.08167245
1089,TRUE,0.95,SDFA_NAP_model,0.1,64,TRUE,32,10,34,FALSE,FALSE,0.769621317,0.882408118,0.780183488,0.769621317,18.08727198
1089,TRUE,0.95,SDFA_NAP_model,0.2,64,TRUE,32,10,34,FALSE,FALSE,0.702195777,0.861210426,0.738209414,0.702195777,18.13192513
1089,TRUE,0.95,SDFA_NAP_model,0.5,64,TRUE,32,10,34,FALSE,FALSE,0.7876338,0.875914082,0.813857575,0.7876338,18.11671669
1089,TRUE,0.95,SDFA_NAP_model,0.1,16,TRUE,64,10,34,FALSE,FALSE,0.629531417,0.854941518,0.685432205,0.629531417,18.11951625
1089,TRUE,0.95,SDFA_NAP_model,0.2,16,TRUE,64,10,34,FALSE,FALSE,0.707046535,0.871772362,0.763995514,0.707046535,18.15348755
1089,TRUE,0.95,SDFA_NAP_model,0.5,16,TRUE,64,10,34,FALSE,FALSE,0.530575947,0.797741798,0.602647101,0.530575947,18.07881652
1089,TRUE,0.95,SDFA_NAP_model,0.1,32,TRUE,64,10,34,FALSE,FALSE,0.689098729,0.869432164,0.734261026,0.689098729,18.07295183
1089,TRUE,0.95,SDFA_NAP_model,0.2,32,TRUE,64,10,34,FALSE,FALSE,0.734695857,0.875376258,0.759967261,0.734695857,18.11565765
1089,TRUE,0.95,SDFA_NAP_model,0.5,32,TRUE,64,10,34,FALSE,FALSE,0.669631019,0.891600518,0.722055005,0.669631019,18.13146966
1089,TRUE,0.95,SDFA_NAP_model,0.1,64,TRUE,64,10,34,FALSE,FALSE,0.715260486,0.836500574,0.74454766,0.715260486,18.13658202
1089,TRUE,0.95,SDFA_NAP_model,0.2,64,TRUE,64,10,34,FALSE,FALSE,0.717653527,0.881434487,0.755480966,0.717653527,18.12380574
1089,TRUE,0.95,SDFA_NAP_model,0.5,64,TRUE,64,10,34,FALSE,FALSE,0.781942244,0.899794271,0.797172751,0.781942244,18.13722014
1089,TRUE,0.95,SDFA_NAP_model,0.1,16,TRUE,128,10,34,FALSE,FALSE,0.558872037,0.795529528,0.625478803,0.558872037,18.17033243
1089,TRUE,0.95,SDFA_NAP_model,0.2,16,TRUE,128,10,34,FALSE,FALSE,0.652524011,0.818239467,0.69783797,0.652524011,18.10165375
1089,TRUE,0.95,SDFA_NAP_model,0.5,16,TRUE,128,10,34,FALSE,FALSE,0.528764997,0.86245537,0.597583289,0.528764997,18.08827664
1089,TRUE,0.95,SDFA_NAP_model,0.1,32,TRUE,128,10,34,FALSE,FALSE,0.755651133,0.890150891,0.778162482,0.755651133,18.09252373
1089,TRUE,0.95,SDFA_NAP_model,0.2,32,TRUE,128,10,34,FALSE,FALSE,0.676616111,0.882766485,0.704835988,0.676616111,18.15581577
1089,TRUE,0.95,SDFA_NAP_model,0.5,32,TRUE,128,10,34,FALSE,FALSE,0.674126055,0.805405337,0.706400237,0.674126055,18.1332561
1089,TRUE,0.95,SDFA_NAP_model,0.1,64,TRUE,128,10,34,FALSE,FALSE,0.777220839,0.889231171,0.79253267,0.777220839,18.18117349
1089,TRUE,0.95,SDFA_NAP_model,0.2,64,TRUE,128,10,34,FALSE,FALSE,0.785693497,0.898481813,0.799866012,0.785693497,18.12979827
1089,TRUE,0.95,SDFA_NAP_model,0.5,64,TRUE,128,10,34,FALSE,FALSE,0.77799696,0.8728739,0.794120864,0.77799696,18.13713941
56,TRUE,0.95,SDFA_NAP_model,0,16,TRUE,32,10,34,FALSE,TRUE,0.590757688,0.838438023,0.64530124,0.590757688,28.60370199
56,TRUE,0.95,SDFA_NAP_model,0,16,TRUE,64,10,34,FALSE,TRUE,0.615852278,0.82760124,0.670016562,0.615852278,21.72124681
56,TRUE,0.95,SDFA_NAP_model,0,16,TRUE,128,10,34,FALSE,TRUE,0.617921935,0.828886303,0.662913337,0.617921935,18.21119344
56,FALSE,0.95,SDFA_NAP_model,0,16,TRUE,128,10,34,FALSE,TRUE,0.616919445,0.82415503,0.639836594,0.616919445,18.50747665
56,TRUE,0.95,SDFA_NAP_model,0.2,16,TRUE,32,10,34,FALSE,TRUE,0.610322414,0.84032415,0.625507629,0.610322414,28.39408133
56,TRUE,0.95,SDFA_NAP_model,0.2,16,TRUE,64,10,34,FALSE,TRUE,0.609513954,0.83886399,0.62347257,0.609513954,21.63825667
56,TRUE,0.95,SDFA_NAP_model,0.2,16,TRUE,128,10,34,FALSE,TRUE,0.599941791,0.819844102,0.612320608,0.599941791,18.13328963
56,FALSE,0.95,SDFA_NAP_model,0.2,16,TRUE,128,10,34,FALSE,TRUE,0.612844808,0.818827954,0.630400968,0.612844808,18.16788828
56,TRUE,0.95,SDFA_NAP_model,0.5,16,TRUE,32,10,34,FALSE,TRUE,0.615852278,0.852820757,0.633276321,0.615852278,28.78503012
56,TRUE,0.95,SDFA_NAP_model,0.5,16,TRUE,64,10,34,FALSE,TRUE,0.612327394,0.842847568,0.626651967,0.612327394,21.6664663
56,TRUE,0.95,SDFA_NAP_model,0.5,16,TRUE,128,10,34,FALSE,TRUE,0.609837338,0.837768,0.623982862,0.609837338,18.19844644
56,FALSE,0.95,SDFA_NAP_model,0.5,16,TRUE,128,10,34,FALSE,TRUE,0.622966724,0.837000825,0.642320428,0.622966724,18.25939405
56,TRUE,0.95,SDFA_NAP_model,0,32,TRUE,32,10,34,FALSE,TRUE,0.625780164,0.861713273,0.668059432,0.625780164,28.73938634
56,TRUE,0.95,SDFA_NAP_model,0,32,TRUE,64,10,34,FALSE,TRUE,0.629596094,0.860328239,0.667340687,0.629596094,21.93895118
56,TRUE,0.95,SDFA_NAP_model,0,32,TRUE,128,10,34,FALSE,TRUE,0.632829932,0.865125696,0.672089772,0.632829932,18.36738238
56,FALSE,0.95,SDFA_NAP_model,0,32,TRUE,128,10,34,FALSE,TRUE,0.634317498,0.864689363,0.672963031,0.634317498,18.20412117
56,TRUE,0.95,SDFA_NAP_model,0.2,32,TRUE,32,10,34,FALSE,TRUE,0.630436892,0.860957947,0.667041057,0.630436892,28.53431356
56,TRUE,0.95,SDFA_NAP_model,0.2,32,TRUE,64,10,34,FALSE,TRUE,0.631083659,0.860353383,0.667039511,0.631083659,21.59029502
56,TRUE,0.95,SDFA_NAP_model,0.2,32,TRUE,128,10,34,FALSE,TRUE,0.62545678,0.828719084,0.666054769,0.62545678,18.16523062
56,FALSE,0.95,SDFA_NAP_model,0.2,32,TRUE,128,10,34,FALSE,TRUE,0.624777674,0.827827462,0.665100105,0.624777674,18.20126147
56,TRUE,0.95,SDFA_NAP_model,0.5,32,TRUE,32,10,34,FALSE,TRUE,0.63629014,0.870773043,0.677285445,0.63629014,28.5971432
56,TRUE,0.95,SDFA_NAP_model,0.5,32,TRUE,64,10,34,FALSE,TRUE,0.634511529,0.865675713,0.673692381,0.634511529,21.63622495
56,TRUE,0.95,SDFA_NAP_model,0.5,32,TRUE,128,10,34,FALSE,TRUE,0.624874689,0.827839046,0.665213882,0.624874689,18.15250232
56,FALSE,0.95,SDFA_NAP_model,0.5,32,TRUE,128,10,34,FALSE,TRUE,0.624810012,0.827677668,0.664891932,0.624810012,18.14376503
56,TRUE,0.95,SDFA_NAP_model,0,64,TRUE,32,10,34,FALSE,TRUE,0.602819908,0.853709961,0.612997459,0.602819908,28.56718456
56,TRUE,0.95,SDFA_NAP_model,0,64,TRUE,64,10,34,FALSE,TRUE,0.606635837,0.888498884,0.613219897,0.606635837,21.59379058
56,TRUE,0.95,SDFA_NAP_model,0,64,TRUE,128,10,34,FALSE,TRUE,0.598809947,0.884755966,0.60250499,0.598809947,18.18969132
56,FALSE,0.95,SDFA_NAP_model,0,64,TRUE,128,10,34,FALSE,TRUE,0.602625877,0.887367654,0.606206339,0.602625877,18.19636582
56,TRUE,0.95,SDFA_NAP_model,0.2,64,TRUE,32,10,34,FALSE,TRUE,0.602399508,0.89037584,0.60525248,0.602399508,28.6880831
56,TRUE,0.95,SDFA_NAP_model,0.2,64,TRUE,64,10,34,FALSE,TRUE,0.60016816,0.888219197,0.602238056,0.60016816,21.7041279
56,TRUE,0.95,SDFA_NAP_model,0.2,64,TRUE,128,10,34,FALSE,TRUE,0.599100993,0.892919776,0.60052606,0.599100993,18.22094494
56,FALSE,0.95,SDFA_NAP_model,0.2,64,TRUE,128,10,34,FALSE,TRUE,0.5993597,0.893117642,0.601064603,0.5993597,18.23884554
56,TRUE,0.95,SDFA_NAP_model,0.5,64,TRUE,32,10,34,FALSE,TRUE,0.602884584,0.886689686,0.608178326,0.602884584,28.65497696
56,TRUE,0.95,SDFA_NAP_model,0.5,64,TRUE,64,10,34,FALSE,TRUE,0.600879604,0.894420427,0.60269552,0.600879604,21.76340279
56,TRUE,0.95,SDFA_NAP_model,0.5,64,TRUE,128,10,34,FALSE,TRUE,0.599003978,0.89354866,0.600884024,0.599003978,18.26946188
56,FALSE,0.95,SDFA_NAP_model,0.5,64,TRUE,128,10,34,FALSE,TRUE,0.59855124,0.892051128,0.600494182,0.59855124,18.21362862
56,FALSE,0.95,NAP_model,0,16,FALSE,128,10,34,TRUE,FALSE,0.447336934,0.80883134,0.535135939,0.447336934,50.70170116
56,FALSE,0.95,NAP_model,0,32,FALSE,128,10,34,TRUE,FALSE,0.509879378,0.808443513,0.548090398,0.509879378,50.47520449
56,FALSE,0.95,NAP_model,0,64,FALSE,128,10,34,TRUE,FALSE,0.671150923,0.80785039,0.713271892,0.671150923,50.83040497
8,TRUE,0.95,SDFA_NAP_model,0,16,TRUE,32,10,34,FALSE,TRUE,0.571581024,0.850698519,0.61987515,0.571581024,28.51423957
8,TRUE,0.95,SDFA_NAP_model,0,16,TRUE,64,10,34,FALSE,TRUE,0.602852246,0.874934822,0.646161909,0.602852246,21.52033531
8,TRUE,0.95,SDFA_NAP_model,0,16,TRUE,128,10,34,FALSE,TRUE,0.589237784,0.899469426,0.642204372,0.589237784,18.06321972
8,FALSE,0.95,SDFA_NAP_model,0,16,TRUE,128,10,34,FALSE,TRUE,0.584969117,0.895286364,0.636432711,0.584969117,18.07784768
8,TRUE,0.95,SDFA_NAP_model,0.2,16,TRUE,32,10,34,FALSE,TRUE,0.599618407,0.879847589,0.615506592,0.599618407,28.39341587
8,TRUE,0.95,SDFA_NAP_model,0.2,16,TRUE,64,10,34,FALSE,TRUE,0.569543705,0.872162982,0.608603528,0.569543705,21.51956229
8,TRUE,0.95,SDFA_NAP_model,0.2,16,TRUE,128,10,34,FALSE,TRUE,0.580765126,0.888994771,0.623813673,0.580765126,18.10487587
8,FALSE,0.95,SDFA_NAP_model,0.2,16,TRUE,128,10,34,FALSE,TRUE,0.588170617,0.877004939,0.625736397,0.588170617,18.16300538
8,TRUE,0.95,SDFA_NAP_model,0.5,16,TRUE,32,10,34,FALSE,TRUE,0.59534974,0.87343607,0.59981014,0.59534974,28.46304019
8,TRUE,0.95,SDFA_NAP_model,0.5,16,TRUE,64,10,34,FALSE,TRUE,0.567280018,0.830623251,0.588454607,0.567280018,21.61937224
8,TRUE,0.95,SDFA_NAP_model,0.5,16,TRUE,128,10,34,FALSE,TRUE,0.572195453,0.842922046,0.603881922,0.572195453,18.17806449
8,FALSE,0.95,SDFA_NAP_model,0.5,16,TRUE,128,10,34,FALSE,TRUE,0.586197976,0.876737059,0.624837032,0.586197976,18.17506646
8,TRUE,0.95,SDFA_NAP_model,0,32,TRUE,32,10,34,FALSE,TRUE,0.620379653,0.873509391,0.640929928,0.620379653,28.61959309
8,TRUE,0.95,SDFA_NAP_model,0,32,TRUE,64,10,34,FALSE,TRUE,0.624195583,0.87743432,0.640940525,0.624195583,21.56723306
8,TRUE,0.95,SDFA_NAP_model,0,32,TRUE,128,10,34,FALSE,TRUE,0.618309996,0.886117877,0.633181765,0.618309996,18.19413522
8,FALSE,0.95,SDFA_NAP_model,0,32,TRUE,128,10,34,FALSE,TRUE,0.620120946,0.887531087,0.631798139,0.620120946,18.14556167
8,TRUE,0.95,SDFA_NAP_model,0.2,32,TRUE,32,10,34,FALSE,TRUE,0.609837338,0.884989526,0.619410998,0.609837338,28.5242316
8,TRUE,0.95,SDFA_NAP_model,0.2,32,TRUE,64,10,34,FALSE,TRUE,0.60699156,0.891773169,0.612743882,0.60699156,21.59798623
8,TRUE,0.95,SDFA_NAP_model,0.2,32,TRUE,128,10,34,FALSE,TRUE,0.615108495,0.886203364,0.623250152,0.615108495,18.15002894
8,FALSE,0.95,SDFA_NAP_model,0.2,32,TRUE,128,10,34,FALSE,TRUE,0.614785111,0.885231431,0.622651735,0.614785111,18.22624276
8,TRUE,0.95,SDFA_NAP_model,0.5,32,TRUE,32,10,34,FALSE,TRUE,0.610613459,0.882240085,0.620430575,0.610613459,28.6480682
8,TRUE,0.95,SDFA_NAP_model,0.5,32,TRUE,64,10,34,FALSE,TRUE,0.608931863,0.885277344,0.616647406,0.608931863,21.59012161
8,TRUE,0.95,SDFA_NAP_model,0.5,32,TRUE,128,10,34,FALSE,TRUE,0.599780099,0.892501344,0.60159525,0.599780099,18.15308789
8,FALSE,0.95,SDFA_NAP_model,0.5,32,TRUE,128,10,34,FALSE,TRUE,0.601817417,0.889460606,0.604099895,0.601817417,18.17367582
8,TRUE,0.95,SDFA_NAP_model,0,64,TRUE,32,10,34,FALSE,TRUE,0.698476862,0.850882259,0.721166839,0.698476862,28.62104363
8,TRUE,0.95,SDFA_NAP_model,0,64,TRUE,64,10,34,FALSE,TRUE,0.606571161,0.864233691,0.64399644,0.606571161,21.63025881
8,TRUE,0.95,SDFA_NAP_model,0,64,TRUE,128,10,34,FALSE,TRUE,0.619247809,0.859103883,0.65883898,0.619247809,18.12088092
8,FALSE,0.95,SDFA_NAP_model,0,64,TRUE,128,10,34,FALSE,TRUE,0.620088607,0.846137527,0.644098651,0.620088607,18.14813401
8,TRUE,0.95,SDFA_NAP_model,0.2,64,TRUE,32,10,34,FALSE,TRUE,0.611066197,0.869281595,0.632416224,0.611066197,28.53346779
8,TRUE,0.95,SDFA_NAP_model,0.2,64,TRUE,64,10,34,FALSE,TRUE,0.606312454,0.872848639,0.617240262,0.606312454,21.49804305
8,TRUE,0.95,SDFA_NAP_model,0.2,64,TRUE,128,10,34,FALSE,TRUE,0.617598551,0.857747133,0.628349882,0.617598551,18.04395602
8,FALSE,0.95,SDFA_NAP_model,0.2,64,TRUE,128,10,34,FALSE,TRUE,0.619668208,0.858242519,0.666502465,0.619668208,17.95699174
8,TRUE,0.95,SDFA_NAP_model,0.5,64,TRUE,32,10,34,FALSE,TRUE,0.613685606,0.850659042,0.635851821,0.613685606,27.99368653
8,TRUE,0.95,SDFA_NAP_model,0.5,64,TRUE,64,10,34,FALSE,TRUE,0.609061217,0.853412104,0.625497459,0.609061217,21.20133481
8,TRUE,0.95,SDFA_NAP_model,0.5,64,TRUE,128,10,34,FALSE,TRUE,0.618115965,0.851359943,0.637148443,0.618115965,17.86337286
8,FALSE,0.95,SDFA_NAP_model,0.5,64,TRUE,128,10,34,FALSE,TRUE,0.614494066,0.831108387,0.632443346,0.614494066,17.83778353
8,FALSE,0.95,NAP_model,0,16,FALSE,128,10,34,TRUE,FALSE,0.43436924,0.853913228,0.515117914,0.43436924,49.18300041
8,FALSE,0.95,NAP_model,0,32,FALSE,128,10,34,TRUE,FALSE,0.622190602,0.861301696,0.664623943,0.622190602,49.33710366
8,FALSE,0.95,NAP_model,0,64,FALSE,128,10,34,TRUE,FALSE,0.649419526,0.849004076,0.670409075,0.649419526,49.30757722
15,TRUE,0.95,SDFA_NAP_model,0,16,TRUE,32,10,34,FALSE,TRUE,0.671733014,0.86838145,0.695101837,0.671733014,27.90476361
15,TRUE,0.95,SDFA_NAP_model,0,16,TRUE,64,10,34,FALSE,TRUE,0.584872102,0.797558034,0.605543255,0.584872102,21.46410344
15,TRUE,0.95,SDFA_NAP_model,0,16,TRUE,128,10,34,FALSE,TRUE,0.587297481,0.850391512,0.603371907,0.587297481,17.86955599
15,FALSE,0.95,SDFA_NAP_model,0,16,TRUE,128,10,34,FALSE,TRUE,0.605762701,0.85887273,0.62046884,0.605762701,17.88262206
15,TRUE,0.95,SDFA_NAP_model,0.2,16,TRUE,32,10,34,FALSE,TRUE,0.613847298,0.883613557,0.625690687,0.613847298,27.87193776
15,TRUE,0.95,SDFA_NAP_model,0.2,16,TRUE,64,10,34,FALSE,TRUE,0.616725415,0.887171765,0.629221051,0.616725415,21.12576319
15,TRUE,0.95,SDFA_NAP_model,0.2,16,TRUE,128,10,34,FALSE,TRUE,0.615690586,0.885709497,0.626697529,0.615690586,17.82566966
15,FALSE,0.95,SDFA_NAP_model,0.2,16,TRUE,128,10,34,FALSE,TRUE,0.598421887,0.861751857,0.607911,0.598421887,17.83934144
15,TRUE,0.95,SDFA_NAP_model,0.5,16,TRUE,32,10,34,FALSE,TRUE,0.600523882,0.845055909,0.620091675,0.600523882,27.73877146
15,TRUE,0.95,SDFA_NAP_model,0.5,16,TRUE,64,10,34,FALSE,TRUE,0.583772596,0.864533266,0.588369419,0.583772596,21.16223676
15,TRUE,0.95,SDFA_NAP_model,0.5,16,TRUE,128,10,34,FALSE,TRUE,0.601267665,0.865707497,0.611767969,0.601267665,17.83477305
15,FALSE,0.95,SDFA_NAP_model,0.5,16,TRUE,128,10,34,FALSE,TRUE,0.600685574,0.866360174,0.611120148,0.600685574,17.84433637
15,TRUE,0.95,SDFA_NAP_model,0,32,TRUE,32,10,34,FALSE,TRUE,0.692138538,0.838379316,0.706772342,0.692138538,27.92050205
15,TRUE,0.95,SDFA_NAP_model,0,32,TRUE,64,10,34,FALSE,TRUE,0.603854736,0.831848101,0.620402662,0.603854736,21.17324681
15,TRUE,0.95,SDFA_NAP_model,0,32,TRUE,128,10,34,FALSE,TRUE,0.616757753,0.889563645,0.652396138,0.616757753,17.85058055
15,FALSE,0.95,SDFA_NAP_model,0,32,TRUE,128,10,34,FALSE,TRUE,0.612683116,0.886496666,0.645244556,0.612683116,17.84330339
15,TRUE,0.95,SDFA_NAP_model,0.2,32,TRUE,32,10,34,FALSE,TRUE,0.604242797,0.832738499,0.62094462,0.604242797,27.79923246
15,TRUE,0.95,SDFA_NAP_model,0.2,32,TRUE,64,10,34,FALSE,TRUE,0.60437215,0.852707219,0.62493167,0.60437215,21.1045469
15,TRUE,0.95,SDFA_NAP_model,0.2,32,TRUE,128,10,34,FALSE,TRUE,0.600620897,0.852665736,0.618758126,0.600620897,17.80506122
15,FALSE,0.95,SDFA_NAP_model,0.2,32,TRUE,128,10,34,FALSE,TRUE,0.600006468,0.852213251,0.61777928,0.600006468,17.83200871
15,TRUE,0.95,SDFA_NAP_model,0.5,32,TRUE,32,10,34,FALSE,TRUE,0.610160722,0.880543253,0.629757638,0.610160722,27.8429047
15,TRUE,0.95,SDFA_NAP_model,0.5,32,TRUE,64,10,34,FALSE,TRUE,0.605245287,0.833502746,0.635747631,0.605245287,21.18063492
15,TRUE,0.95,SDFA_NAP_model,0.5,32,TRUE,128,10,34,FALSE,TRUE,0.597936811,0.853470899,0.614670916,0.597936811,17.82728763
15,FALSE,0.95,SDFA_NAP_model,0.5,32,TRUE,128,10,34,FALSE,TRUE,0.598486563,0.8543079,0.616053426,0.598486563,17.80831398
15,TRUE,0.95,SDFA_NAP_model,0,64,TRUE,32,10,34,FALSE,TRUE,0.603854736,0.818186857,0.630319055,0.603854736,27.88358175
15,TRUE,0.95,SDFA_NAP_model,0,64,TRUE,64,10,34,FALSE,TRUE,0.611454257,0.839096278,0.635652797,0.611454257,21.14473168
15,TRUE,0.95,SDFA_NAP_model,0,64,TRUE,128,10,34,FALSE,TRUE,0.615076157,0.817378335,0.639353986,0.615076157,17.84939189
15,FALSE,0.95,SDFA_NAP_model,0,64,TRUE,128,10,34,FALSE,TRUE,0.613556253,0.816213965,0.637159788,0.613556253,17.82081203
15,TRUE,0.95,SDFA_NAP_model,0.2,64,TRUE,32,10,34,FALSE,TRUE,0.610225399,0.836949388,0.637095231,0.610225399,27.80973826
15,TRUE,0.95,SDFA_NAP_model,0.2,64,TRUE,64,10,34,FALSE,TRUE,0.609028878,0.839631725,0.631381625,0.609028878,21.13675242
15,TRUE,0.95,SDFA_NAP_model,0.2,64,TRUE,128,10,34,FALSE,TRUE,0.600329852,0.811571068,0.61917819,0.600329852,17.83467175
15,FALSE,0.95,SDFA_NAP_model,0.2,64,TRUE,128,10,34,FALSE,TRUE,0.600394528,0.820808085,0.619944079,0.600394528,17.84846986
15,TRUE,0.95,SDFA_NAP_model,0.5,64,TRUE,32,10,34,FALSE,TRUE,0.608931863,0.841880646,0.634999513,0.608931863,27.8111626
15,TRUE,0.95,SDFA_NAP_model,0.5,64,TRUE,64,10,34,FALSE,TRUE,0.608414449,0.853832466,0.63180871,0.608414449,21.15679488
15,TRUE,0.95,SDFA_NAP_model,0.5,64,TRUE,128,10,34,FALSE,TRUE,0.600653235,0.857198087,0.618786124,0.600653235,17.97097252
15,FALSE,0.95,SDFA_NAP_model,0.5,64,TRUE,128,10,34,FALSE,TRUE,0.600620897,0.856043785,0.618668795,0.600620897,17.9607375
15,FALSE,0.95,NAP_model,0,16,FALSE,128,10,34,TRUE,FALSE,0.515926657,0.804322264,0.575272642,0.515926657,49.15193302
15,FALSE,0.95,NAP_model,0,32,FALSE,128,10,34,TRUE,FALSE,0.642240404,0.828873952,0.699114339,0.642240404,49.17934617
15,FALSE,0.95,NAP_model,0,64,FALSE,128,10,34,TRUE,FALSE,0.593280083,0.849761979,0.628224649,0.593280083,49.17669865
76,TRUE,0.95,SDFA_NAP_model,0,16,TRUE,32,10,34,FALSE,TRUE,0.584969117,0.831835733,0.622466101,0.584969117,27.86991881
76,TRUE,0.95,SDFA_NAP_model,0,16,TRUE,64,10,34,FALSE,TRUE,0.620379653,0.862624754,0.667425422,0.620379653,21.12096592
76,TRUE,0.95,SDFA_NAP_model,0,16,TRUE,128,10,34,FALSE,TRUE,0.607476636,0.832774568,0.645988117,0.607476636,17.83258643
76,FALSE,0.95,SDFA_NAP_model,0,16,TRUE,128,10,34,FALSE,TRUE,0.595123371,0.824630137,0.633671597,0.595123371,17.86962624
76,TRUE,0.95,SDFA_NAP_model,0.2,16,TRUE,32,10,34,FALSE,TRUE,0.621770203,0.86559977,0.658105391,0.621770203,27.75976689
76,TRUE,0.95,SDFA_NAP_model,0.2,16,TRUE,64,10,34,FALSE,TRUE,0.607476636,0.865140645,0.63885763,0.607476636,20.93235053
76,TRUE,0.95,SDFA_NAP_model,0.2,16,TRUE,128,10,34,FALSE,TRUE,0.604857226,0.868164428,0.612411741,0.604857226,17.61455086
76,FALSE,0.95,SDFA_NAP_model,0.2,16,TRUE,128,10,34,FALSE,TRUE,0.604824888,0.863739646,0.632846947,0.604824888,17.61411066
76,TRUE,0.95,SDFA_NAP_model,0.5,16,TRUE,32,10,34,FALSE,TRUE,0.597419397,0.855696851,0.628384953,0.597419397,27.58699106
76,TRUE,0.95,SDFA_NAP_model,0.5,16,TRUE,64,10,34,FALSE,TRUE,0.611163212,0.867390884,0.642126584,0.611163212,20.89549132
76,TRUE,0.95,SDFA_NAP_model,0.5,16,TRUE,128,10,34,FALSE,TRUE,0.604242797,0.866605961,0.631463188,0.604242797,17.59095651
76,FALSE,0.95,SDFA_NAP_model,0.5,16,TRUE,128,10,34,FALSE,TRUE,0.617339844,0.867062365,0.649288459,0.617339844,17.60179185
76,TRUE,0.95,SDFA_NAP_model,0,32,TRUE,32,10,34,FALSE,TRUE,0.611033858,0.863361788,0.625989269,0.611033858,27.68694215
76,TRUE,0.95,SDFA_NAP_model,0,32,TRUE,64,10,34,FALSE,TRUE,0.618536365,0.879611377,0.632242335,0.618536365,20.91157087
76,TRUE,0.95,SDFA_NAP_model,0,32,TRUE,128,10,34,FALSE,TRUE,0.601008958,0.883978169,0.61560811,0.601008958,17.60666727
76,FALSE,0.95,SDFA_NAP_model,0,32,TRUE,128,10,34,FALSE,TRUE,0.601688064,0.863945526,0.628741089,0.601688064,17.59591403
76,TRUE,0.95,SDFA_NAP_model,0.2,32,TRUE,32,10,34,FALSE,TRUE,0.617113475,0.887815688,0.628286831,0.617113475,27.47099781
76,TRUE,0.95,SDFA_NAP_model,0.2,32,TRUE,64,10,34,FALSE,TRUE,0.619571193,0.855709636,0.638322013,0.619571193,20.84511245
76,TRUE,0.95,SDFA_NAP_model,0.2,32,TRUE,128,10,34,FALSE,TRUE,0.618762733,0.854276426,0.636699391,0.618762733,17.60719117
76,FALSE,0.95,SDFA_NAP_model,0.2,32,TRUE,128,10,34,FALSE,TRUE,0.616305016,0.852141971,0.634096139,0.616305016,17.63558271
76,TRUE,0.95,SDFA_NAP_model,0.5,32,TRUE,32,10,34,FALSE,TRUE,0.620379653,0.87517991,0.634292934,0.620379653,27.49299447
76,TRUE,0.95,SDFA_NAP_model,0.5,32,TRUE,64,10,34,FALSE,TRUE,0.621349804,0.858810992,0.640045436,0.621349804,20.89284333
76,TRUE,0.95,SDFA_NAP_model,0.5,32,TRUE,128,10,34,FALSE,TRUE,0.604857226,0.857785948,0.617459068,0.604857226,17.61879612
76,FALSE,0.95,SDFA_NAP_model,0.5,32,TRUE,128,10,34,FALSE,TRUE,0.604404489,0.857013043,0.616519367,0.604404489,17.62170041
76,TRUE,0.95,SDFA_NAP_model,0,64,TRUE,32,10,34,FALSE,TRUE,0.615593571,0.85579107,0.647995754,0.615593571,27.6878223
76,TRUE,0.95,SDFA_NAP_model,0,64,TRUE,64,10,34,FALSE,TRUE,0.623128416,0.868379907,0.654980666,0.623128416,20.98883077
76,TRUE,0.95,SDFA_NAP_model,0,64,TRUE,128,10,34,FALSE,TRUE,0.629531417,0.824141227,0.662580002,0.629531417,17.66067627
76,FALSE,0.95,SDFA_NAP_model,0,64,TRUE,128,10,34,FALSE,TRUE,0.630501568,0.826167568,0.663932793,0.630501568,17.65814548
76,TRUE,0.95,SDFA_NAP_model,0.2,64,TRUE,32,10,34,FALSE,TRUE,0.618083627,0.854093782,0.649958324,0.618083627,27.61433751
76,TRUE,0.95,SDFA_NAP_model,0.2,64,TRUE,64,10,34,FALSE,TRUE,0.622416971,0.85426854,0.653591943,0.622416971,20.95300272
76,TRUE,0.95,SDFA_NAP_model,0.2,64,TRUE,128,10,34,FALSE,TRUE,0.612877146,0.844128724,0.641613569,0.612877146,17.6426551
76,FALSE,0.95,SDFA_NAP_model,0.2,64,TRUE,128,10,34,FALSE,TRUE,0.612036348,0.843686751,0.64064861,0.612036348,17.64059968
76,TRUE,0.95,SDFA_NAP_model,0.5,64,TRUE,32,10,34,FALSE,TRUE,0.624518966,0.880005282,0.658948474,0.624518966,27.62592105
76,TRUE,0.95,SDFA_NAP_model,0.5,64,TRUE,64,10,34,FALSE,TRUE,0.618374673,0.852035514,0.650137595,0.618374673,20.96368915
76,TRUE,0.95,SDFA_NAP_model,0.5,64,TRUE,128,10,34,FALSE,TRUE,0.610904505,0.844165041,0.639030833,0.610904505,17.67472713
76,FALSE,0.95,SDFA_NAP_model,0.5,64,TRUE,128,10,34,FALSE,TRUE,0.600523882,0.819554274,0.622350624,0.600523882,17.65485541
76,FALSE,0.95,NAP_model,0,16,FALSE,128,10,34,TRUE,FALSE,0.581767616,0.799221783,0.635588227,0.581767616,48.42468638
76,FALSE,0.95,NAP_model,0,32,FALSE,128,10,34,TRUE,FALSE,0.727904796,0.816077618,0.754831501,0.727904796,48.41520408
76,FALSE,0.95,NAP_model,0,64,FALSE,128,10,34,TRUE,FALSE,0.713190829,0.83476566,0.724792475,0.713190829,48.42802154
23,TRUE,0.95,SDFA_NAP_model,0,16,TRUE,32,10,34,FALSE,TRUE,0.670504155,0.829862899,0.701614043,0.670504155,27.53356112
23,TRUE,0.95,SDFA_NAP_model,0,16,TRUE,64,10,34,FALSE,TRUE,0.607929373,0.853228324,0.644671795,0.607929373,20.94437792
23,TRUE,0.95,SDFA_NAP_model,0,16,TRUE,128,10,34,FALSE,TRUE,0.610936843,0.86422894,0.647421128,0.610936843,17.58789595
23,FALSE,0.95,SDFA_NAP_model,0,16,TRUE,128,10,34,FALSE,TRUE,0.611163212,0.867538485,0.646497102,0.611163212,17.62429195
23,TRUE,0.95,SDFA_NAP_model,0.2,16,TRUE,32,10,34,FALSE,TRUE,0.619959254,0.857460007,0.652568819,0.619959254,27.60686421
23,TRUE,0.95,SDFA_NAP_model,0.2,16,TRUE,64,10,34,FALSE,TRUE,0.624324936,0.863831857,0.65487318,0.624324936,20.86689421
23,TRUE,0.95,SDFA_NAP_model,0.2,16,TRUE,128,10,34,FALSE,TRUE,0.6234518,0.860936808,0.651343584,0.6234518,17.61524343
23,FALSE,0.95,SDFA_NAP_model,0.2,16,TRUE,128,10,34,FALSE,TRUE,0.621802542,0.859384306,0.649063353,0.621802542,17.5903348
23,TRUE,0.95,SDFA_NAP_model,0.5,16,TRUE,32,10,34,FALSE,TRUE,0.602011448,0.82074289,0.627113875,0.602011448,27.58929904
23,TRUE,0.95,SDFA_NAP_model,0.5,16,TRUE,64,10,34,FALSE,TRUE,0.622740355,0.842192156,0.649599439,0.622740355,20.93322611
23,TRUE,0.95,SDFA_NAP_model,0.5,16,TRUE,128,10,34,FALSE,TRUE,0.617954274,0.839260494,0.641950355,0.617954274,17.61127749
23,FALSE,0.95,SDFA_NAP_model,0.5,16,TRUE,128,10,34,FALSE,TRUE,0.617727905,0.838984891,0.64150026,0.617727905,17.64133505
23,TRUE,0.95,SDFA_NAP_model,0,32,TRUE,32,10,34,FALSE,TRUE,0.694628594,0.880236482,0.734986495,0.694628594,27.73534157
23,TRUE,0.95,SDFA_NAP_model,0,32,TRUE,64,10,34,FALSE,TRUE,0.605018918,0.883917544,0.651170294,0.605018918,20.94975525
23,TRUE,0.95,SDFA_NAP_model,0,32,TRUE,128,10,34,FALSE,TRUE,0.606635837,0.884483617,0.640208534,0.606635837,17.68592882
23,FALSE,0.95,SDFA_NAP_model,0,32,TRUE,128,10,34,FALSE,TRUE,0.584128319,0.893265647,0.632482757,0.584128319,17.63476058
23,TRUE,0.95,SDFA_NAP_model,0.2,32,TRUE,32,10,34,FALSE,TRUE,0.609158232,0.881535123,0.618698048,0.609158232,27.59476674
23,TRUE,0.95,SDFA_NAP_model,0.2,32,TRUE,64,10,34,FALSE,TRUE,0.606668176,0.892589575,0.612969182,0.606668176,20.96959541
23,TRUE,0.95,SDFA_NAP_model,0.2,32,TRUE,128,10,34,FALSE,TRUE,0.604210458,0.891964541,0.609138955,0.604210458,17.66113199
23,FALSE,0.95,SDFA_NAP_model,0.2,32,TRUE,128,10,34,FALSE,TRUE,0.591404456,0.893943008,0.60381612,0.591404456,17.67162627
23,TRUE,0.95,SDFA_NAP_model,0.5,32,TRUE,32,10,34,FALSE,TRUE,0.610031368,0.885395349,0.619476493,0.610031368,27.62713746
23,TRUE,0.95,SDFA_NAP_model,0.5,32,TRUE,64,10,34,FALSE,TRUE,0.610063707,0.886059246,0.619887592,0.610063707,20.95188558
23,TRUE,0.95,SDFA_NAP_model,0.5,32,TRUE,128,10,34,FALSE,TRUE,0.599974129,0.893367514,0.602389969,0.599974129,17.66564562
23,FALSE,0.95,SDFA_NAP_model,0.5,32,TRUE,128,10,34,FALSE,TRUE,0.599715422,0.893046666,0.602111981,0.599715422,17.65996092
23,TRUE,0.95,SDFA_NAP_model,0,64,TRUE,32,10,34,FALSE,TRUE,0.624486628,0.855370481,0.663353844,0.624486628,27.72298621
23,TRUE,0.95,SDFA_NAP_model,0,64,TRUE,64,10,34,FALSE,TRUE,0.616919445,0.856624823,0.651823011,0.616919445,20.9983405
23,TRUE,0.95,SDFA_NAP_model,0,64,TRUE,128,10,34,FALSE,TRUE,0.630824952,0.826712394,0.671101288,0.630824952,17.6600233
23,FALSE,0.95,SDFA_NAP_model,0,64,TRUE,128,10,34,FALSE,TRUE,0.6302752,0.825120177,0.66965277,0.6302752,17.68640444
23,TRUE,0.95,SDFA_NAP_model,0.2,64,TRUE,32,10,34,FALSE,TRUE,0.616046309,0.85119853,0.650606053,0.616046309,27.64185086
23,TRUE,0.95,SDFA_NAP_model,0.2,64,TRUE,64,10,34,FALSE,TRUE,0.617081137,0.850660144,0.648153019,0.617081137,20.97845188
23,TRUE,0.95,SDFA_NAP_model,0.2,64,TRUE,128,10,34,FALSE,TRUE,0.61281247,0.84527399,0.642155623,0.61281247,17.62481178
23,FALSE,0.95,SDFA_NAP_model,0.2,64,TRUE,128,10,34,FALSE,TRUE,0.626362255,0.852320632,0.659708154,0.626362255,17.61012081
23,TRUE,0.95,SDFA_NAP_model,0.5,64,TRUE,32,10,34,FALSE,TRUE,0.63528765,0.86646559,0.674853488,0.63528765,27.53979868
23,TRUE,0.95,SDFA_NAP_model,0.5,64,TRUE,64,10,34,FALSE,TRUE,0.617339844,0.852297918,0.648564997,0.617339844,20.87139229
23,TRUE,0.95,SDFA_NAP_model,0.5,64,TRUE,128,10,34,FALSE,TRUE,0.613135854,0.846444764,0.642251887,0.613135854,17.59116604
23,FALSE,0.95,SDFA_NAP_model,0.5,64,TRUE,128,10,34,FALSE,TRUE,0.61219804,0.84714664,0.640644783,0.61219804,17.59883235
23,FALSE,0.95,NAP_model,0,16,FALSE,128,10,34,TRUE,FALSE,0.460628012,0.672192698,0.50502337,0.460628012,48.72971036
23,FALSE,0.95,NAP_model,0,32,FALSE,128,10,34,TRUE,FALSE,0.659476765,0.75067703,0.683335405,0.659476765,48.68885412
23,FALSE,0.95,NAP_model,0,64,FALSE,128,10,34,TRUE,FALSE,0.580862141,0.869124216,0.617573525,0.580862141,48.79934226
42,TRUE,0.95,SDFA_NAP_model,0,16,TRUE,32,10,34,FALSE,TRUE,0.567894447,0.863692795,0.644564368,0.567894447,28.77000051
42,TRUE,0.95,SDFA_NAP_model,0,16,TRUE,64,10,34,FALSE,TRUE,0.595188048,0.869261894,0.640830024,0.595188048,21.77352455
42,TRUE,0.95,SDFA_NAP_model,0,16,TRUE,128,10,34,FALSE,TRUE,0.571289978,0.882632661,0.62710273,0.571289978,18.36906645
42,FALSE,0.95,SDFA_NAP_model,0,16,TRUE,128,10,34,FALSE,TRUE,0.57688452,0.887055086,0.632716885,0.57688452,18.38229905
42,TRUE,0.95,SDFA_NAP_model,0.2,16,TRUE,32,10,34,FALSE,TRUE,0.594056204,0.83381967,0.625206891,0.594056204,28.68348229
42,TRUE,0.95,SDFA_NAP_model,0.2,16,TRUE,64,10,34,FALSE,TRUE,0.597710442,0.837595363,0.629550656,0.597710442,21.80773511
42,TRUE,0.95,SDFA_NAP_model,0.2,16,TRUE,128,10,34,FALSE,TRUE,0.587265142,0.852720081,0.620921915,0.587265142,18.35868058
42,FALSE,0.95,SDFA_NAP_model,0.2,16,TRUE,128,10,34,FALSE,TRUE,0.586812405,0.852179391,0.620387453,0.586812405,18.37254277
42,TRUE,0.95,SDFA_NAP_model,0.5,16,TRUE,32,10,34,FALSE,TRUE,0.597807457,0.833489914,0.631536338,0.597807457,28.6848986
42,TRUE,0.95,SDFA_NAP_model,0.5,16,TRUE,64,10,34,FALSE,TRUE,0.597807457,0.875987343,0.630555252,0.597807457,21.82138152
42,TRUE,0.95,SDFA_NAP_model,0.5,16,TRUE,128,10,34,FALSE,TRUE,0.58610096,0.895449804,0.617694735,0.58610096,18.39342917
42,FALSE,0.95,SDFA_NAP_model,0.5,16,TRUE,128,10,34,FALSE,TRUE,0.582931798,0.897216214,0.613579191,0.582931798,18.36127677
42,TRUE,0.95,SDFA_NAP_model,0,32,TRUE,32,10,34,FALSE,TRUE,0.601008958,0.870267572,0.614105902,0.601008958,28.83315516
42,TRUE,0.95,SDFA_NAP_model,0,32,TRUE,64,10,34,FALSE,TRUE,0.603499014,0.875103945,0.611913332,0.603499014,21.83236093
42,TRUE,0.95,SDFA_NAP_model,0,32,TRUE,128,10,34,FALSE,TRUE,0.605471655,0.891065438,0.63676757,0.605471655,18.42156633
42,FALSE,0.95,SDFA_NAP_model,0,32,TRUE,128,10,34,FALSE,TRUE,0.606506484,0.891763646,0.637990451,0.606506484,18.44969634
42,TRUE,0.95,SDFA_NAP_model,0.2,32,TRUE,32,10,34,FALSE,TRUE,0.605342302,0.874874514,0.614100072,0.605342302,28.76217583
42,TRUE,0.95,SDFA_NAP_model,0.2,32,TRUE,64,10,34,FALSE,TRUE,0.605633347,0.890667113,0.611268508,0.605633347,21.82386544
42,TRUE,0.95,SDFA_NAP_model,0.2,32,TRUE,128,10,34,FALSE,TRUE,0.606732853,0.89146768,0.611549823,0.606732853,18.40895306
42,FALSE,0.95,SDFA_NAP_model,0.2,32,TRUE,128,10,34,FALSE,TRUE,0.606086085,0.892641092,0.635167655,0.606086085,18.40899802
42,TRUE,0.95,SDFA_NAP_model,0.5,32,TRUE,32,10,34,FALSE,TRUE,0.608091065,0.887015757,0.618294641,0.608091065,28.73387563
42,TRUE,0.95,SDFA_NAP_model,0.5,32,TRUE,64,10,34,FALSE,TRUE,0.608931863,0.895219384,0.638958138,0.608931863,21.8514383
42,TRUE,0.95,SDFA_NAP_model,0.5,32,TRUE,128,10,34,FALSE,TRUE,0.604663196,0.897803229,0.656871648,0.604663196,18.46485557
42,FALSE,0.95,SDFA_NAP_model,0.5,32,TRUE,128,10,34,FALSE,TRUE,0.604501504,0.897566984,0.656578137,0.604501504,18.44189778
42,TRUE,0.95,SDFA_NAP_model,0,64,TRUE,32,10,34,FALSE,TRUE,0.702195777,0.859556998,0.750276501,0.702195777,28.89498534
42,TRUE,0.95,SDFA_NAP_model,0,64,TRUE,64,10,34,FALSE,TRUE,0.629822462,0.85924846,0.690214385,0.629822462,21.92335153
42,TRUE,0.95,SDFA_NAP_model,0,64,TRUE,128,10,34,FALSE,TRUE,0.626168224,0.853333604,0.683587631,0.626168224,18.46606735
42,FALSE,0.95,SDFA_NAP_model,0,64,TRUE,128,10,34,FALSE,TRUE,0.627170714,0.853710935,0.685277926,0.627170714,18.4437778
42,TRUE,0.95,SDFA_NAP_model,0.2,64,TRUE,32,10,34,FALSE,TRUE,0.620476668,0.862289846,0.681607636,0.620476668,28.74424251
42,TRUE,0.95,SDFA_NAP_model,0.2,64,TRUE,64,10,34,FALSE,TRUE,0.613459237,0.811264401,0.660491446,0.613459237,21.9230929
42,TRUE,0.95,SDFA_NAP_model,0.2,64,TRUE,128,10,34,FALSE,TRUE,0.625327426,0.813937706,0.674107394,0.625327426,18.38926044
42,FALSE,0.95,SDFA_NAP_model,0.2,64,TRUE,128,10,34,FALSE,TRUE,0.625165734,0.855286096,0.685852628,0.625165734,18.29633467
42,TRUE,0.95,SDFA_NAP_model,0.5,64,TRUE,32,10,34,FALSE,TRUE,0.614526404,0.810884129,0.664564925,0.614526404,28.45134983
42,TRUE,0.95,SDFA_NAP_model,0.5,64,TRUE,64,10,34,FALSE,TRUE,0.612747793,0.809310033,0.658019305,0.612747793,21.52966826
42,TRUE,0.95,SDFA_NAP_model,0.5,64,TRUE,128,10,34,FALSE,TRUE,0.625812502,0.814978975,0.67476916,0.625812502,18.18063025
42,FALSE,0.95,SDFA_NAP_model,0.5,64,TRUE,128,10,34,FALSE,TRUE,0.611745303,0.835147791,0.659171936,0.611745303,18.18360571
42,FALSE,0.95,NAP_model,0,16,FALSE,128,10,34,TRUE,FALSE,0.455001132,0.661558784,0.526603032,0.455001132,49.64866958
42,FALSE,0.95,NAP_model,0,32,FALSE,128,10,34,TRUE,FALSE,0.556576011,0.843111022,0.63264381,0.556576011,49.70062673
42,FALSE,0.95,NAP_model,0,64,FALSE,128,10,34,TRUE,FALSE,0.696213175,0.859095129,0.751711732,0.696213175,49.72716939
4,TRUE,0.95,SDFA_NAP_model,0,16,TRUE,32,10,34,FALSE,TRUE,0.586812405,0.837804708,0.652778343,0.586812405,28.16206805
4,TRUE,0.95,SDFA_NAP_model,0,16,TRUE,64,10,34,FALSE,TRUE,0.603822398,0.800660785,0.637439581,0.603822398,21.48361951
4,TRUE,0.95,SDFA_NAP_model,0,16,TRUE,128,10,34,FALSE,TRUE,0.610419429,0.811087845,0.64269766,0.610419429,18.14157103
4,FALSE,0.95,SDFA_NAP_model,0,16,TRUE,128,10,34,FALSE,TRUE,0.609805,0.811950397,0.639992749,0.609805,18.13491974
4,TRUE,0.95,SDFA_NAP_model,0.2,16,TRUE,32,10,34,FALSE,TRUE,0.605309963,0.80529584,0.640261909,0.605309963,28.19710609
4,TRUE,0.95,SDFA_NAP_model,0.2,16,TRUE,64,10,34,FALSE,TRUE,0.605762701,0.80400019,0.637114477,0.605762701,21.50100207
4,TRUE,0.95,SDFA_NAP_model,0.2,16,TRUE,128,10,34,FALSE,TRUE,0.612133364,0.81791679,0.64927765,0.612133364,18.0941972
4,FALSE,0.95,SDFA_NAP_model,0.2,16,TRUE,128,10,34,FALSE,TRUE,0.607508974,0.802017985,0.645464374,0.607508974,18.1106878
4,TRUE,0.95,SDFA_NAP_model,0.5,16,TRUE,32,10,34,FALSE,TRUE,0.609837338,0.811713718,0.646835847,0.609837338,28.12653531
4,TRUE,0.95,SDFA_NAP_model,0.5,16,TRUE,64,10,34,FALSE,TRUE,0.605115933,0.808349816,0.640555761,0.605115933,21.48959185
4,TRUE,0.95,SDFA_NAP_model,0.5,16,TRUE,128,10,34,FALSE,TRUE,0.59192187,0.806203611,0.630399476,0.59192187,18.12425551
4,FALSE,0.95,SDFA_NAP_model,0.5,16,TRUE,128,10,34,FALSE,TRUE,0.593021376,0.807963452,0.632721999,0.593021376,18.13944436
4,TRUE,0.95,SDFA_NAP_model,0,32,TRUE,32,10,34,FALSE,TRUE,0.695113669,0.878789848,0.733940874,0.695113669,28.32539321
4,TRUE,0.95,SDFA_NAP_model,0,32,TRUE,64,10,34,FALSE,TRUE,0.598518902,0.871455901,0.657624674,0.598518902,21.51010726
4,TRUE,0.95,SDFA_NAP_model,0,32,TRUE,128,10,34,FALSE,TRUE,0.597063674,0.847286527,0.632458512,0.597063674,18.17107637
4,FALSE,0.95,SDFA_NAP_model,0,32,TRUE,128,10,34,FALSE,TRUE,0.602205478,0.84397448,0.63242984,0.602205478,18.18042362
4,TRUE,0.95,SDFA_NAP_model,0.2,32,TRUE,32,10,34,FALSE,TRUE,0.617081137,0.841029921,0.641088855,0.617081137,28.25771668
4,TRUE,0.95,SDFA_NAP_model,0.2,32,TRUE,64,10,34,FALSE,TRUE,0.617210491,0.841210564,0.64075701,0.617210491,21.50986795
4,TRUE,0.95,SDFA_NAP_model,0.2,32,TRUE,128,10,34,FALSE,TRUE,0.616757753,0.841638522,0.639429359,0.616757753,18.15532105
4,FALSE,0.95,SDFA_NAP_model,0.2,32,TRUE,128,10,34,FALSE,TRUE,0.617210491,0.84226193,0.639863775,0.617210491,18.14783249
4,TRUE,0.95,SDFA_NAP_model,0.5,32,TRUE,32,10,34,FALSE,TRUE,0.613329884,0.830182634,0.64014375,0.613329884,28.18788053
4,TRUE,0.95,SDFA_NAP_model,0.5,32,TRUE,64,10,34,FALSE,TRUE,0.605827378,0.847294083,0.636685904,0.605827378,21.43955176
4,TRUE,0.95,SDFA_NAP_model,0.5,32,TRUE,128,10,34,FALSE,TRUE,0.603660706,0.849102598,0.633365701,0.603660706,18.12647646
4,FALSE,0.95,SDFA_NAP_model,0.5,32,TRUE,128,10,34,FALSE,TRUE,0.598648255,0.853126548,0.633544834,0.598648255,18.12253999
4,TRUE,0.95,SDFA_NAP_model,0,64,TRUE,32,10,34,FALSE,TRUE,0.700093781,0.802600374,0.713327247,0.700093781,28.28761937
4,TRUE,0.95,SDFA_NAP_model,0,64,TRUE,64,10,34,FALSE,TRUE,0.607153252,0.877712352,0.662558787,0.607153252,21.44648487
4,TRUE,0.95,SDFA_NAP_model,0,64,TRUE,128,10,34,FALSE,TRUE,0.61701646,0.878605467,0.674331706,0.61701646,18.12896282
4,FALSE,0.95,SDFA_NAP_model,0,64,TRUE,128,10,34,FALSE,TRUE,0.616531384,0.877318422,0.673677862,0.616531384,18.13990979
4,TRUE,0.95,SDFA_NAP_model,0.2,64,TRUE,32,10,34,FALSE,TRUE,0.607961711,0.880942312,0.651872865,0.607961711,28.27037008
4,TRUE,0.95,SDFA_NAP_model,0.2,64,TRUE,64,10,34,FALSE,TRUE,0.607735343,0.857316104,0.652472408,0.607735343,21.47489963
4,TRUE,0.95,SDFA_NAP_model,0.2,64,TRUE,128,10,34,FALSE,TRUE,0.617695566,0.884741509,0.660772921,0.617695566,18.13612693
4,FALSE,0.95,SDFA_NAP_model,0.2,64,TRUE,128,10,34,FALSE,TRUE,0.617533874,0.863399171,0.659858812,0.617533874,18.14316511
4,TRUE,0.95,SDFA_NAP_model,0.5,64,TRUE,32,10,34,FALSE,TRUE,0.612877146,0.891166637,0.658760361,0.612877146,28.18254847
4,TRUE,0.95,SDFA_NAP_model,0.5,64,TRUE,64,10,34,FALSE,TRUE,0.606474145,0.836122831,0.637783235,0.606474145,21.51513042
4,TRUE,0.95,SDFA_NAP_model,0.5,64,TRUE,128,10,34,FALSE,TRUE,0.605892054,0.850619006,0.621750314,0.605892054,18.1579133
4,FALSE,0.95,SDFA_NAP_model,0.5,64,TRUE,128,10,34,FALSE,TRUE,0.618601041,0.833765116,0.669151001,0.618601041,18.15577245
4,FALSE,0.95,NAP_model,0,16,FALSE,128,10,34,TRUE,FALSE,0.487371859,0.692073408,0.535885027,0.487371859,49.73707171
4,FALSE,0.95,NAP_model,0,32,FALSE,128,10,34,TRUE,FALSE,0.758044174,0.840200587,0.782976429,0.758044174,49.59813787
4,FALSE,0.95,NAP_model,0,64,FALSE,128,10,34,TRUE,FALSE,0.593635805,0.852317782,0.616557255,0.593635805,49.62293995
108,TRUE,0.95,SDFA_NAP_model,0,16,TRUE,32,10,34,FALSE,TRUE,0.754583967,0.882341722,0.790856072,0.754583967,28.19871521
108,TRUE,0.95,SDFA_NAP_model,0,16,TRUE,64,10,34,FALSE,TRUE,0.616563723,0.837911782,0.685513597,0.616563723,21.41735901
108,TRUE,0.95,SDFA_NAP_model,0,16,TRUE,128,10,34,FALSE,TRUE,0.615561233,0.841791945,0.675824843,0.615561233,18.08000549
108,FALSE,0.95,SDFA_NAP_model,0,16,TRUE,128,10,34,FALSE,TRUE,0.617210491,0.847884309,0.676348013,0.617210491,18.08812952
108,TRUE,0.95,SDFA_NAP_model,0.2,16,TRUE,32,10,34,FALSE,TRUE,0.616984122,0.804193952,0.645540299,0.616984122,28.10852121
108,TRUE,0.95,SDFA_NAP_model,0.2,16,TRUE,64,10,34,FALSE,TRUE,0.618277657,0.788091944,0.635883038,0.618277657,21.4050802
108,TRUE,0.95,SDFA_NAP_model,0.2,16,TRUE,128,10,34,FALSE,TRUE,0.622158264,0.790981043,0.639095718,0.622158264,18.07132717
108,FALSE,0.95,SDFA_NAP_model,0.2,16,TRUE,128,10,34,FALSE,TRUE,0.622708017,0.868273359,0.659389506,0.622708017,18.08107351
108,TRUE,0.95,SDFA_NAP_model,0.5,16,TRUE,32,10,34,FALSE,TRUE,0.618148304,0.863413153,0.656644696,0.618148304,28.11878545
108,TRUE,0.95,SDFA_NAP_model,0.5,16,TRUE,64,10,34,FALSE,TRUE,0.622578663,0.788749385,0.640865099,0.622578663,21.42922485
108,TRUE,0.95,SDFA_NAP_model,0.5,16,TRUE,128,10,34,FALSE,TRUE,0.619959254,0.783946181,0.637421097,0.619959254,18.11551843
108,FALSE,0.95,SDFA_NAP_model,0.5,16,TRUE,128,10,34,FALSE,TRUE,0.618342334,0.781600165,0.63512567,0.618342334,18.10222121
108,TRUE,0.95,SDFA_NAP_model,0,32,TRUE,32,10,34,FALSE,TRUE,0.622384633,0.853759844,0.644919945,0.622384633,28.18711147
108,TRUE,0.95,SDFA_NAP_model,0,32,TRUE,64,10,34,FALSE,TRUE,0.621155774,0.816381157,0.654491668,0.621155774,21.4269136
108,TRUE,0.95,SDFA_NAP_model,0,32,TRUE,128,10,34,FALSE,TRUE,0.625101057,0.820630491,0.658697506,0.625101057,18.10932821
108,FALSE,0.95,SDFA_NAP_model,0,32,TRUE,128,10,34,FALSE,TRUE,0.608640818,0.812943877,0.643856874,0.608640818,18.11902219
108,TRUE,0.95,SDFA_NAP_model,0.2,32,TRUE,32,10,34,FALSE,TRUE,0.609028878,0.861519584,0.617381237,0.609028878,28.10869921
108,TRUE,0.95,SDFA_NAP_model,0.2,32,TRUE,64,10,34,FALSE,TRUE,0.611227889,0.863929277,0.618882155,0.611227889,21.38664543
108,TRUE,0.95,SDFA_NAP_model,0.2,32,TRUE,128,10,34,FALSE,TRUE,0.608026388,0.861542963,0.614830156,0.608026388,18.1068333
108,FALSE,0.95,SDFA_NAP_model,0.2,32,TRUE,128,10,34,FALSE,TRUE,0.609707984,0.863294294,0.616297614,0.609707984,18.09759664
108,TRUE,0.95,SDFA_NAP_model,0.5,32,TRUE,32,10,34,FALSE,TRUE,0.612747793,0.863945173,0.624172315,0.612747793,28.09781962
108,TRUE,0.95,SDFA_NAP_model,0.5,32,TRUE,64,10,34,FALSE,TRUE,0.614914465,0.863859805,0.625289154,0.614914465,21.39919194
108,TRUE,0.95,SDFA_NAP_model,0.5,32,TRUE,128,10,34,FALSE,TRUE,0.610257737,0.86409792,0.616945925,0.610257737,18.08686529
108,FALSE,0.95,SDFA_NAP_model,0.5,32,TRUE,128,10,34,FALSE,TRUE,0.606409469,0.818534709,0.611114166,0.606409469,18.10378172
108,TRUE,0.95,SDFA_NAP_model,0,64,TRUE,32,10,34,FALSE,TRUE,0.77017107,0.883056758,0.778823529,0.77017107,28.16968041
108,TRUE,0.95,SDFA_NAP_model,0,64,TRUE,64,10,34,FALSE,TRUE,0.620703037,0.873145959,0.672043822,0.620703037,21.41775407
108,TRUE,0.95,SDFA_NAP_model,0,64,TRUE,128,10,34,FALSE,TRUE,0.615561233,0.842124945,0.647527286,0.615561233,18.10625087
108,FALSE,0.95,SDFA_NAP_model,0,64,TRUE,128,10,34,FALSE,TRUE,0.619506516,0.84556371,0.653194957,0.619506516,18.12352892
108,TRUE,0.95,SDFA_NAP_model,0.2,64,TRUE,32,10,34,FALSE,TRUE,0.604695534,0.873391915,0.615253334,0.604695534,28.18815726
108,TRUE,0.95,SDFA_NAP_model,0.2,64,TRUE,64,10,34,FALSE,TRUE,0.604695534,0.881126523,0.611368794,0.604695534,21.46099968
108,TRUE,0.95,SDFA_NAP_model,0.2,64,TRUE,128,10,34,FALSE,TRUE,0.599133331,0.891032747,0.600534269,0.599133331,18.08901398
108,FALSE,0.95,SDFA_NAP_model,0.2,64,TRUE,128,10,34,FALSE,TRUE,0.587362158,0.887977216,0.619437251,0.587362158,18.10685461
108,TRUE,0.95,SDFA_NAP_model,0.5,64,TRUE,32,10,34,FALSE,TRUE,0.608446787,0.87304948,0.619389097,0.608446787,28.12760955
108,TRUE,0.95,SDFA_NAP_model,0.5,64,TRUE,64,10,34,FALSE,TRUE,0.604792549,0.885540812,0.610448606,0.604792549,21.44532552
108,TRUE,0.95,SDFA_NAP_model,0.5,64,TRUE,128,10,34,FALSE,TRUE,0.60336966,0.857072616,0.623132139,0.60336966,18.1050841
108,FALSE,0.95,SDFA_NAP_model,0.5,64,TRUE,128,10,34,FALSE,TRUE,0.622611002,0.85644258,0.675390789,0.622611002,18.13391862
108,FALSE,0.95,NAP_model,0,16,FALSE,128,10,34,TRUE,FALSE,0.468033503,0.817539146,0.546066925,0.468033503,49.40937993
108,FALSE,0.95,NAP_model,0,32,FALSE,128,10,34,TRUE,FALSE,0.617242829,0.719237001,0.648057842,0.617242829,49.45281764
108,FALSE,0.95,NAP_model,0,64,FALSE,128,10,34,TRUE,FALSE,0.622513986,0.828010796,0.665885317,0.622513986,49.5090234
16,TRUE,0.95,SDFA_NAP_model,0,16,TRUE,32,10,34,FALSE,TRUE,0.667076286,0.867472518,0.692886264,0.667076286,28.16978063
16,TRUE,0.95,SDFA_NAP_model,0,16,TRUE,64,10,34,FALSE,TRUE,0.613103515,0.876893707,0.627534472,0.613103515,21.3994295
16,TRUE,0.95,SDFA_NAP_model,0,16,TRUE,128,10,34,FALSE,TRUE,0.596934321,0.885763501,0.614225362,0.596934321,18.07093602
16,FALSE,0.95,SDFA_NAP_model,0,16,TRUE,128,10,34,FALSE,TRUE,0.600297513,0.885345039,0.616778882,0.600297513,18.05731724
16,TRUE,0.95,SDFA_NAP_model,0.2,16,TRUE,32,10,34,FALSE,TRUE,0.627138376,0.789619801,0.650376751,0.627138376,28.04191934
16,TRUE,0.95,SDFA_NAP_model,0.2,16,TRUE,64,10,34,FALSE,TRUE,0.625133396,0.786284314,0.645617236,0.625133396,21.37918004
16,TRUE,0.95,SDFA_NAP_model,0.2,16,TRUE,128,10,34,FALSE,TRUE,0.623225431,0.782478466,0.643630861,0.623225431,18.11307539
16,FALSE,0.95,SDFA_NAP_model,0.2,16,TRUE,128,10,34,FALSE,TRUE,0.609125893,0.761860247,0.622212996,0.609125893,18.07957695
16,TRUE,0.95,SDFA_NAP_model,0.5,16,TRUE,32,10,34,FALSE,TRUE,0.616660738,0.877883177,0.628063002,0.616660738,28.11724609
16,TRUE,0.95,SDFA_NAP_model,0.5,16,TRUE,64,10,34,FALSE,TRUE,0.634640882,0.792687599,0.660543721,0.634640882,21.37897303
16,TRUE,0.95,SDFA_NAP_model,0.5,16,TRUE,128,10,34,FALSE,TRUE,0.625909517,0.785056763,0.644439069,0.625909517,18.08335631
16,FALSE,0.95,SDFA_NAP_model,0.5,16,TRUE,128,10,34,FALSE,TRUE,0.610387091,0.764457192,0.622194385,0.610387091,18.07796004
16,TRUE,0.95,SDFA_NAP_model,0,32,TRUE,32,10,34,FALSE,TRUE,0.688031562,0.861682074,0.724964988,0.688031562,28.15910253
16,TRUE,0.95,SDFA_NAP_model,0,32,TRUE,64,10,34,FALSE,TRUE,0.608414449,0.878836416,0.663725844,0.608414449,21.38508899
16,TRUE,0.95,SDFA_NAP_model,0,32,TRUE,128,10,34,FALSE,TRUE,0.607088575,0.883610429,0.660810112,0.607088575,18.12060727
16,FALSE,0.95,SDFA_NAP_model,0,32,TRUE,128,10,34,FALSE,TRUE,0.607088575,0.883883493,0.660565459,0.607088575,18.14341497
16,TRUE,0.95,SDFA_NAP_model,0.2,32,TRUE,32,10,34,FALSE,TRUE,0.609158232,0.865938839,0.643937543,0.609158232,28.09304641
16,TRUE,0.95,SDFA_NAP_model,0.2,32,TRUE,64,10,34,FALSE,TRUE,0.610322414,0.886316641,0.619795901,0.610322414,21.44018888
16,TRUE,0.95,SDFA_NAP_model,0.2,32,TRUE,128,10,34,FALSE,TRUE,0.603401999,0.890198814,0.607210737,0.603401999,18.13652871
16,FALSE,0.95,SDFA_NAP_model,0.2,32,TRUE,128,10,34,FALSE,TRUE,0.619183132,0.889422173,0.629180795,0.619183132,18.1188418
16,TRUE,0.95,SDFA_NAP_model,0.5,32,TRUE,32,10,34,FALSE,TRUE,0.608123403,0.872742744,0.620320284,0.608123403,28.13074746
16,TRUE,0.95,SDFA_NAP_model,0.5,32,TRUE,64,10,34,FALSE,TRUE,0.612456747,0.875006405,0.624811905,0.612456747,21.41899887
16,TRUE,0.95,SDFA_NAP_model,0.5,32,TRUE,128,10,34,FALSE,TRUE,0.605859716,0.891815297,0.610545675,0.605859716,18.13053979
16,FALSE,0.95,SDFA_NAP_model,0.5,32,TRUE,128,10,34,FALSE,TRUE,0.605406979,0.891919962,0.609861437,0.605406979,18.12077504
16,TRUE,0.95,SDFA_NAP_model,0,64,TRUE,32,10,34,FALSE,TRUE,0.61381496,0.867535969,0.628217711,0.61381496,28.23569276
16,TRUE,0.95,SDFA_NAP_model,0,64,TRUE,64,10,34,FALSE,TRUE,0.590984057,0.858462658,0.612366783,0.590984057,21.43313567
16,TRUE,0.95,SDFA_NAP_model,0,64,TRUE,128,10,34,FALSE,TRUE,0.602464185,0.856411209,0.618011124,0.602464185,18.12628192
16,FALSE,0.95,SDFA_NAP_model,0,64,TRUE,128,10,34,FALSE,TRUE,0.60236717,0.849103308,0.618761655,0.60236717,18.1416119
16,TRUE,0.95,SDFA_NAP_model,0.2,64,TRUE,32,10,34,FALSE,TRUE,0.60838211,0.882981461,0.619760686,0.60838211,28.18429619
16,TRUE,0.95,SDFA_NAP_model,0.2,64,TRUE,64,10,34,FALSE,TRUE,0.606894545,0.856412317,0.62956692,0.606894545,21.49561083
16,TRUE,0.95,SDFA_NAP_model,0.2,64,TRUE,128,10,34,FALSE,TRUE,0.603434337,0.854240615,0.624551328,0.603434337,18.13359976
16,FALSE,0.95,SDFA_NAP_model,0.2,64,TRUE,128,10,34,FALSE,TRUE,0.603013938,0.854145504,0.624133692,0.603013938,18.13057372
16,TRUE,0.95,SDFA_NAP_model,0.5,64,TRUE,32,10,34,FALSE,TRUE,0.609610969,0.817170578,0.638681212,0.609610969,28.18726822
16,TRUE,0.95,SDFA_NAP_model,0.5,64,TRUE,64,10,34,FALSE,TRUE,0.612392071,0.824413021,0.64470024,0.612392071,21.48228151
16,TRUE,0.95,SDFA_NAP_model,0.5,64,TRUE,128,10,34,FALSE,TRUE,0.60398409,0.819428385,0.628849895,0.60398409,18.15490474
16,FALSE,0.95,SDFA_NAP_model,0.5,64,TRUE,128,10,34,FALSE,TRUE,0.604889564,0.81990974,0.632915366,0.604889564,18.12757029
16,FALSE,0.95,NAP_model,0,16,FALSE,128,10,34,TRUE,FALSE,0.430132911,0.820997547,0.496960404,0.430132911,49.3814416
16,FALSE,0.95,NAP_model,0,32,FALSE,128,10,34,TRUE,FALSE,0.677165864,0.837046503,0.704716749,0.677165864,49.41255741
16,FALSE,0.95,NAP_model,0,64,FALSE,128,10,34,TRUE,FALSE,0.611906995,0.853591119,0.656509758,0.611906995,49.36466072
1089,TRUE,0.95,SDFA_NAP_model,0,16,TRUE,32,10,34,FALSE,TRUE,0.581573586,0.87670064,0.6141142,0.581573586,28.17904245
1089,TRUE,0.95,SDFA_NAP_model,0,16,TRUE,64,10,34,FALSE,TRUE,0.618115965,0.882134383,0.63932358,0.618115965,21.43195852
1089,TRUE,0.95,SDFA_NAP_model,0,16,TRUE,128,10,34,FALSE,TRUE,0.603887074,0.885098659,0.626506827,0.603887074,18.09175508
1089,FALSE,0.95,SDFA_NAP_model,0,16,TRUE,128,10,34,FALSE,TRUE,0.603951751,0.883076318,0.625414159,0.603951751,18.08600982
1089,TRUE,0.95,SDFA_NAP_model,0.2,16,TRUE,32,10,34,FALSE,TRUE,0.614526404,0.886182881,0.62605487,0.614526404,28.03815698
1089,TRUE,0.95,SDFA_NAP_model,0.2,16,TRUE,64,10,34,FALSE,TRUE,0.616790092,0.887825147,0.628045347,0.616790092,21.38087798
1089,TRUE,0.95,SDFA_NAP_model,0.2,16,TRUE,128,10,34,FALSE,TRUE,0.599812437,0.890478415,0.612643188,0.599812437,18.08588585
1089,FALSE,0.95,SDFA_NAP_model,0.2,16,TRUE,128,10,34,FALSE,TRUE,0.59855124,0.890309255,0.610438345,0.59855124,18.10440123
1089,TRUE,0.95,SDFA_NAP_model,0.5,16,TRUE,32,10,34,FALSE,TRUE,0.613911975,0.884999259,0.62520768,0.613911975,28.12775806
1089,TRUE,0.95,SDFA_NAP_model,0.5,16,TRUE,64,10,34,FALSE,TRUE,0.619603531,0.88824664,0.630678633,0.619603531,21.39001318
1089,TRUE,0.95,SDFA_NAP_model,0.5,16,TRUE,128,10,34,FALSE,TRUE,0.596869644,0.892785493,0.606695121,0.596869644,18.07103856
1089,FALSE,0.95,SDFA_NAP_model,0.5,16,TRUE,128,10,34,FALSE,TRUE,0.596901982,0.892441323,0.606631607,0.596901982,18.07081297
1089,TRUE,0.95,SDFA_NAP_model,0,32,TRUE,32,10,34,FALSE,TRUE,0.607541312,0.855355453,0.626208031,0.607541312,28.17657428
1089,TRUE,0.95,SDFA_NAP_model,0,32,TRUE,64,10,34,FALSE,TRUE,0.606732853,0.846091345,0.631029442,0.606732853,21.39465996
1089,TRUE,0.95,SDFA_NAP_model,0,32,TRUE,128,10,34,FALSE,TRUE,0.603110953,0.850191301,0.624821373,0.603110953,18.10442389
1089,FALSE,0.95,SDFA_NAP_model,0,32,TRUE,128,10,34,FALSE,TRUE,0.618762733,0.848195562,0.645484944,0.618762733,18.10058161
1089,TRUE,0.95,SDFA_NAP_model,0.2,32,TRUE,32,10,34,FALSE,TRUE,0.605439317,0.875510187,0.613005787,0.605439317,28.14229779
1089,TRUE,0.95,SDFA_NAP_model,0.2,32,TRUE,64,10,34,FALSE,TRUE,0.603660706,0.863474001,0.618746129,0.603660706,21.40796327
1089,TRUE,0.95,SDFA_NAP_model,0.2,32,TRUE,128,10,34,FALSE,TRUE,0.599877114,0.86469244,0.613130302,0.599877114,18.09188639
1089,FALSE,0.95,SDFA_NAP_model,0.2,32,TRUE,128,10,34,FALSE,TRUE,0.600006468,0.864613569,0.613348168,0.600006468,18.10919459
1089,TRUE,0.95,SDFA_NAP_model,0.5,32,TRUE,32,10,34,FALSE,TRUE,0.607573651,0.882829333,0.614728075,0.607573651,28.13126306
1089,TRUE,0.95,SDFA_NAP_model,0.5,32,TRUE,64,10,34,FALSE,TRUE,0.607476636,0.870478495,0.623990558,0.607476636,21.41160488
1089,TRUE,0.95,SDFA_NAP_model,0.5,32,TRUE,128,10,34,FALSE,TRUE,0.60518061,0.869225137,0.620970527,0.60518061,18.09548165
1089,FALSE,0.95,SDFA_NAP_model,0.5,32,TRUE,128,10,34,FALSE,TRUE,0.603401999,0.868398009,0.618447371,0.603401999,18.10343802
1089,TRUE,0.95,SDFA_NAP_model,0,64,TRUE,32,10,34,FALSE,TRUE,0.597839796,0.854409852,0.609978364,0.597839796,28.21195352
1089,TRUE,0.95,SDFA_NAP_model,0,64,TRUE,64,10,34,FALSE,TRUE,0.602722892,0.851270397,0.623740077,0.602722892,21.49575216
1089,TRUE,0.95,SDFA_NAP_model,0,64,TRUE,128,10,34,FALSE,TRUE,0.600911943,0.790552433,0.634004251,0.600911943,18.1279452
1089,FALSE,0.95,SDFA_NAP_model,0,64,TRUE,128,10,34,FALSE,TRUE,0.602593539,0.854191028,0.633407994,0.602593539,18.12276071
1089,TRUE,0.95,SDFA_NAP_model,0.2,64,TRUE,32,10,34,FALSE,TRUE,0.600200498,0.889561836,0.602116324,0.600200498,28.17816366
1089,TRUE,0.95,SDFA_NAP_model,0.2,64,TRUE,64,10,34,FALSE,TRUE,0.602431847,0.853440768,0.620651613,0.602431847,21.46862722
1089,TRUE,0.95,SDFA_NAP_model,0.2,64,TRUE,128,10,34,FALSE,TRUE,0.600329852,0.892901583,0.601677075,0.600329852,18.10487545
1089,FALSE,0.95,SDFA_NAP_model,0.2,64,TRUE,128,10,34,FALSE,TRUE,0.599780099,0.854215795,0.6173237,0.599780099,18.1127971
1089,TRUE,0.95,SDFA_NAP_model,0.5,64,TRUE,32,10,34,FALSE,TRUE,0.597257705,0.86945326,0.607245101,0.597257705,28.1796577
1089,TRUE,0.95,SDFA_NAP_model,0.5,64,TRUE,64,10,34,FALSE,TRUE,0.605795039,0.855553285,0.626172358,0.605795039,21.50804246
1089,TRUE,0.95,SDFA_NAP_model,0.5,64,TRUE,128,10,34,FALSE,TRUE,0.600135821,0.854235206,0.617692321,0.600135821,18.12292369
1089,FALSE,0.95,SDFA_NAP_model,0.5,64,TRUE,128,10,34,FALSE,TRUE,0.600588559,0.854454845,0.618252771,0.600588559,18.13109401
1089,FALSE,0.95,NAP_model,0,16,FALSE,128,10,34,TRUE,FALSE,0.536784917,0.790689007,0.598909623,0.536784917,49.52131655
1089,FALSE,0.95,NAP_model,0,32,FALSE,128,10,34,TRUE,FALSE,0.701743039,0.881514267,0.737432031,0.701743039,49.43628087
1089,FALSE,0.95,NAP_model,0,64,FALSE,128,10,34,TRUE,FALSE,0.654658345,0.776219875,0.681162219,0.654658345,49.47016999