seed,local,quantile,model,lambda,d_model,er_loss,batch_size,no_epochs,max_len,rank_loss,sdfa_ce,recall,precision,f1,accuracy,time
56,FALSE,0.95,NAP_model,0,16,FALSE,32,10,9,FALSE,FALSE,0.912869304,0.985961015,0.944454543,0.912869304,4.290204533
56,FALSE,0.95,NAP_model,0,32,FALSE,32,10,9,FALSE,FALSE,0.915122684,0.988260653,0.94688649,0.915122684,4.325241022
56,FALSE,0.95,NAP_model,0,64,FALSE,32,10,9,FALSE,FALSE,0.916750125,0.989336351,0.948301036,0.916750125,4.44082028
56,FALSE,0.95,SDFA_NAP_model,0.1,16,TRUE,32,10,9,FALSE,FALSE,0.89672008,0.989929332,0.936882025,0.89672008,4.490421304
56,FALSE,0.95,SDFA_NAP_model,0.2,16,TRUE,32,10,9,FALSE,FALSE,0.914496745,0.987842282,0.946266538,0.914496745,4.511312508
56,FALSE,0.95,SDFA_NAP_model,0.5,16,TRUE,32,10,9,FALSE,FALSE,0.886705058,0.979052286,0.926365665,0.886705058,4.501534526
56,FALSE,0.95,SDFA_NAP_model,0.1,32,TRUE,32,10,9,FALSE,FALSE,0.915623435,0.988790729,0.947402607,0.915623435,4.530321393
56,FALSE,0.95,SDFA_NAP_model,0.2,32,TRUE,32,10,9,FALSE,FALSE,0.915498247,0.988656593,0.94724909,0.915498247,4.527120405
56,FALSE,0.95,SDFA_NAP_model,0.5,32,TRUE,32,10,9,FALSE,FALSE,0.906359539,0.979042748,0.937876994,0.906359539,4.535994491
56,FALSE,0.95,SDFA_NAP_model,0.1,64,TRUE,32,10,9,FALSE,FALSE,0.915748623,0.988853543,0.947601126,0.915748623,4.615364018
56,FALSE,0.95,SDFA_NAP_model,0.2,64,TRUE,32,10,9,FALSE,FALSE,0.915873811,0.989014785,0.947734777,0.915873811,4.62522993
56,FALSE,0.95,SDFA_NAP_model,0.5,64,TRUE,32,10,9,FALSE,FALSE,0.915998998,0.989147518,0.94786754,0.915998998,4.635819996
56,TRUE,0.95,SDFA_NAP_model,0.1,16,TRUE,16,10,9,FALSE,FALSE,0.90686029,0.979484597,0.937404871,0.90686029,4.525682874
56,TRUE,0.95,SDFA_NAP_model,0.2,16,TRUE,16,10,9,FALSE,FALSE,0.905858788,0.978501806,0.937371932,0.905858788,4.515909919
56,TRUE,0.95,SDFA_NAP_model,0.5,16,TRUE,16,10,9,FALSE,FALSE,0.886204306,0.978358413,0.926018473,0.886204306,4.514310796
56,TRUE,0.95,SDFA_NAP_model,0.1,32,TRUE,16,10,9,FALSE,FALSE,0.915873811,0.989014782,0.947647298,0.915873811,4.551710314
56,TRUE,0.95,SDFA_NAP_model,0.2,32,TRUE,16,10,9,FALSE,FALSE,0.915998998,0.989147518,0.94786754,0.915998998,4.53676818
56,TRUE,0.95,SDFA_NAP_model,0.5,32,TRUE,16,10,9,FALSE,FALSE,0.906735103,0.979469805,0.938251973,0.906735103,4.554331799
56,TRUE,0.95,SDFA_NAP_model,0.1,64,TRUE,16,10,9,FALSE,FALSE,0.91649975,0.989641219,0.948371007,0.91649975,4.661639699
56,TRUE,0.95,SDFA_NAP_model,0.2,64,TRUE,16,10,9,FALSE,FALSE,0.915998998,0.989147518,0.94786754,0.915998998,4.663543674
56,TRUE,0.95,SDFA_NAP_model,0.5,64,TRUE,16,10,9,FALSE,FALSE,0.915998998,0.989147099,0.947820404,0.915998998,4.656350373
56,TRUE,0.95,SDFA_NAP_model,0.1,16,TRUE,32,10,9,FALSE,FALSE,0.904982474,0.977588212,0.936166414,0.904982474,4.519370162
56,TRUE,0.95,SDFA_NAP_model,0.2,16,TRUE,32,10,9,FALSE,FALSE,0.905858788,0.978499898,0.937347477,0.905858788,4.520459566
56,TRUE,0.95,SDFA_NAP_model,0.5,16,TRUE,32,10,9,FALSE,FALSE,0.888457687,0.98100242,0.92930236,0.888457687,4.531189706
56,TRUE,0.95,SDFA_NAP_model,0.1,32,TRUE,32,10,9,FALSE,FALSE,0.90798698,0.980597819,0.939577115,0.90798698,4.569201203
56,TRUE,0.95,SDFA_NAP_model,0.2,32,TRUE,32,10,9,FALSE,FALSE,0.915998998,0.989136942,0.94786132,0.915998998,4.546956825
56,TRUE,0.95,SDFA_NAP_model,0.5,32,TRUE,32,10,9,FALSE,FALSE,0.906735103,0.979475447,0.938315711,0.906735103,4.541764063
56,TRUE,0.95,SDFA_NAP_model,0.1,64,TRUE,32,10,9,FALSE,FALSE,0.915873811,0.989010307,0.947749454,0.915873811,4.642730392
56,TRUE,0.95,SDFA_NAP_model,0.2,64,TRUE,32,10,9,FALSE,FALSE,0.914997496,0.988045023,0.946787341,0.914997496,4.638258958
56,TRUE,0.95,SDFA_NAP_model,0.5,64,TRUE,32,10,9,FALSE,FALSE,0.914997496,0.988201571,0.946668741,0.914997496,4.663553936
56,TRUE,0.95,SDFA_NAP_model,0.1,16,TRUE,64,10,9,FALSE,FALSE,0.889083625,0.980722561,0.929032382,0.889083625,4.521567604
56,TRUE,0.95,SDFA_NAP_model,0.2,16,TRUE,64,10,9,FALSE,FALSE,0.888958438,0.980552276,0.929785763,0.888958438,4.526393057
56,TRUE,0.95,SDFA_NAP_model,0.5,16,TRUE,64,10,9,FALSE,FALSE,0.887456184,0.979944469,0.925558816,0.887456184,4.52166404
56,TRUE,0.95,SDFA_NAP_model,0.1,32,TRUE,64,10,9,FALSE,FALSE,0.915498247,0.988656598,0.947353804,0.915498247,4.564341213
56,TRUE,0.95,SDFA_NAP_model,0.2,32,TRUE,64,10,9,FALSE,FALSE,0.90798698,0.980604972,0.939647815,0.90798698,4.548532115
56,TRUE,0.95,SDFA_NAP_model,0.5,32,TRUE,64,10,9,FALSE,FALSE,0.906359539,0.979056214,0.937911242,0.906359539,4.569622653
56,TRUE,0.95,SDFA_NAP_model,0.1,64,TRUE,64,10,9,FALSE,FALSE,0.915873811,0.989013679,0.947713345,0.915873811,4.638721106
56,TRUE,0.95,SDFA_NAP_model,0.2,64,TRUE,64,10,9,FALSE,FALSE,0.915873811,0.989014785,0.947734777,0.915873811,4.648917493
56,TRUE,0.95,SDFA_NAP_model,0.5,64,TRUE,64,10,9,FALSE,FALSE,0.915623435,0.988790732,0.947490085,0.915623435,4.65858924
56,TRUE,0.95,SDFA_NAP_model,0.1,16,TRUE,128,10,9,FALSE,FALSE,0.905358037,0.977942977,0.936687024,0.905358037,4.533646447
56,TRUE,0.95,SDFA_NAP_model,0.2,16,TRUE,128,10,9,FALSE,FALSE,0.896219329,0.989403193,0.936138232,0.896219329,4.519960642
56,TRUE,0.95,SDFA_NAP_model,0.5,16,TRUE,128,10,9,FALSE,FALSE,0.88883325,0.980426738,0.929676004,0.88883325,4.544148041
56,TRUE,0.95,SDFA_NAP_model,0.1,32,TRUE,128,10,9,FALSE,FALSE,0.915122684,0.988260649,0.946798028,0.915122684,4.549251711
56,TRUE,0.95,SDFA_NAP_model,0.2,32,TRUE,128,10,9,FALSE,FALSE,0.915623435,0.988790732,0.947490085,0.915623435,4.563136333
56,TRUE,0.95,SDFA_NAP_model,0.5,32,TRUE,128,10,9,FALSE,FALSE,0.906359539,0.97904307,0.937831748,0.906359539,4.562285868
56,TRUE,0.95,SDFA_NAP_model,0.1,64,TRUE,128,10,9,FALSE,FALSE,0.915873811,0.989013679,0.947713345,0.915873811,4.660013267
56,TRUE,0.95,SDFA_NAP_model,0.2,64,TRUE,128,10,9,FALSE,FALSE,0.915873811,0.989014785,0.947734777,0.915873811,4.639666765
56,TRUE,0.95,SDFA_NAP_model,0.5,64,TRUE,128,10,9,FALSE,FALSE,0.915998998,0.989147518,0.94786754,0.915998998,4.664148973
8,FALSE,0.95,NAP_model,0,16,FALSE,32,10,9,FALSE,FALSE,0.91311968,0.986214954,0.944873233,0.91311968,4.297782405
8,FALSE,0.95,NAP_model,0,32,FALSE,32,10,9,FALSE,FALSE,0.915498247,0.988604653,0.947349593,0.915498247,4.321980693
8,FALSE,0.95,NAP_model,0,64,FALSE,32,10,9,FALSE,FALSE,0.917125689,0.989642297,0.948684919,0.917125689,4.434637016
8,FALSE,0.95,SDFA_NAP_model,0.1,16,TRUE,32,10,9,FALSE,FALSE,0.906735103,0.979477609,0.938372416,0.906735103,4.523649087
8,FALSE,0.95,SDFA_NAP_model,0.2,16,TRUE,32,10,9,FALSE,FALSE,0.905483225,0.97808681,0.936758537,0.905483225,4.514807451
8,FALSE,0.95,SDFA_NAP_model,0.5,16,TRUE,32,10,9,FALSE,FALSE,0.730846269,0.988730478,0.817950197,0.730846269,4.505232873
8,FALSE,0.95,SDFA_NAP_model,0.1,32,TRUE,32,10,9,FALSE,FALSE,0.915623435,0.988790732,0.947490085,0.915623435,4.55420927
8,FALSE,0.95,SDFA_NAP_model,0.2,32,TRUE,32,10,9,FALSE,FALSE,0.915998998,0.989147518,0.947884776,0.915998998,4.53626112
8,FALSE,0.95,SDFA_NAP_model,0.5,32,TRUE,32,10,9,FALSE,FALSE,0.90686029,0.979602901,0.938427795,0.90686029,4.552287042
8,FALSE,0.95,SDFA_NAP_model,0.1,64,TRUE,32,10,9,FALSE,FALSE,0.91649975,0.989641219,0.948371007,0.91649975,4.647326957
8,FALSE,0.95,SDFA_NAP_model,0.2,64,TRUE,32,10,9,FALSE,FALSE,0.915748623,0.988998961,0.947523188,0.915748623,4.636364189
8,FALSE,0.95,SDFA_NAP_model,0.5,64,TRUE,32,10,9,FALSE,FALSE,0.915498247,0.988657703,0.947357318,0.915498247,4.658242027
8,TRUE,0.95,SDFA_NAP_model,0.1,16,TRUE,16,10,9,FALSE,FALSE,0.913495243,0.98682339,0.944941645,0.913495243,4.518392433
8,TRUE,0.95,SDFA_NAP_model,0.2,16,TRUE,16,10,9,FALSE,FALSE,0.905858788,0.978486981,0.937310938,0.905858788,4.518106381
8,TRUE,0.95,SDFA_NAP_model,0.5,16,TRUE,16,10,9,FALSE,FALSE,0.88770656,0.980279013,0.927646563,0.88770656,4.528657097
8,TRUE,0.95,SDFA_NAP_model,0.1,32,TRUE,16,10,9,FALSE,FALSE,0.915873811,0.989014786,0.947752013,0.915873811,4.565191877
8,TRUE,0.95,SDFA_NAP_model,0.2,32,TRUE,16,10,9,FALSE,FALSE,0.915122684,0.988191555,0.946968018,0.915122684,4.568068825
8,TRUE,0.95,SDFA_NAP_model,0.5,32,TRUE,16,10,9,FALSE,FALSE,0.90798698,0.980604969,0.939560337,0.90798698,4.578749924
8,TRUE,0.95,SDFA_NAP_model,0.1,64,TRUE,16,10,9,FALSE,FALSE,0.915623435,0.988717288,0.94748274,0.915623435,4.661078581
8,TRUE,0.95,SDFA_NAP_model,0.2,64,TRUE,16,10,9,FALSE,FALSE,0.915873811,0.989013679,0.947713345,0.915873811,4.65609103
8,TRUE,0.95,SDFA_NAP_model,0.5,64,TRUE,16,10,9,FALSE,FALSE,0.915247872,0.988392792,0.947019109,0.915247872,4.675608925
8,TRUE,0.95,SDFA_NAP_model,0.1,16,TRUE,32,10,9,FALSE,FALSE,0.889083625,0.981203352,0.928840686,0.889083625,4.537663121
8,TRUE,0.95,SDFA_NAP_model,0.2,16,TRUE,32,10,9,FALSE,FALSE,0.905858788,0.978499415,0.937216286,0.905858788,4.535501319
8,TRUE,0.95,SDFA_NAP_model,0.5,16,TRUE,32,10,9,FALSE,FALSE,0.748372559,0.977952565,0.831438238,0.748372559,4.543625222
8,TRUE,0.95,SDFA_NAP_model,0.1,32,TRUE,32,10,9,FALSE,FALSE,0.915498247,0.988657351,0.947315094,0.915498247,4.567453476
8,TRUE,0.95,SDFA_NAP_model,0.2,32,TRUE,32,10,9,FALSE,FALSE,0.915623435,0.988781894,0.947479261,0.915623435,4.56246683
8,TRUE,0.95,SDFA_NAP_model,0.5,32,TRUE,32,10,9,FALSE,FALSE,0.906735103,0.979476962,0.938392201,0.906735103,4.578831725
8,TRUE,0.95,SDFA_NAP_model,0.1,64,TRUE,32,10,9,FALSE,FALSE,0.915998998,0.989147518,0.94786754,0.915998998,4.651060247
8,TRUE,0.95,SDFA_NAP_model,0.2,64,TRUE,32,10,9,FALSE,FALSE,0.915998998,0.989147517,0.947850217,0.915998998,4.652070366
8,TRUE,0.95,SDFA_NAP_model,0.5,64,TRUE,32,10,9,FALSE,FALSE,0.915998998,0.989147514,0.947780062,0.915998998,4.655179873
8,TRUE,0.95,SDFA_NAP_model,0.1,16,TRUE,64,10,9,FALSE,FALSE,0.905858788,0.978488411,0.937311955,0.905858788,4.526036662
8,TRUE,0.95,SDFA_NAP_model,0.2,16,TRUE,64,10,9,FALSE,FALSE,0.887831748,0.980339614,0.926179765,0.887831748,4.520141242
8,TRUE,0.95,SDFA_NAP_model,0.5,16,TRUE,64,10,9,FALSE,FALSE,0.885327992,0.977570723,0.923343562,0.885327992,4.514163018
8,TRUE,0.95,SDFA_NAP_model,0.1,32,TRUE,64,10,9,FALSE,FALSE,0.915998998,0.989147514,0.947780062,0.915998998,4.545292234
8,TRUE,0.95,SDFA_NAP_model,0.2,32,TRUE,64,10,9,FALSE,FALSE,0.90798698,0.980586189,0.93957331,0.90798698,4.552119332
8,TRUE,0.95,SDFA_NAP_model,0.5,32,TRUE,64,10,9,FALSE,FALSE,0.905983976,0.978639887,0.93731362,0.905983976,4.580844385
8,TRUE,0.95,SDFA_NAP_model,0.1,64,TRUE,64,10,9,FALSE,FALSE,0.915498247,0.988630398,0.947326567,0.915498247,4.655354829
8,TRUE,0.95,SDFA_NAP_model,0.2,64,TRUE,64,10,9,FALSE,FALSE,0.915998998,0.989147518,0.94786754,0.915998998,4.651061569
8,TRUE,0.95,SDFA_NAP_model,0.5,64,TRUE,64,10,9,FALSE,FALSE,0.915498247,0.988656597,0.947336568,0.915498247,4.664160199
8,TRUE,0.95,SDFA_NAP_model,0.1,16,TRUE,128,10,9,FALSE,FALSE,0.906985478,0.979779689,0.938531899,0.906985478,4.532723398
8,TRUE,0.95,SDFA_NAP_model,0.2,16,TRUE,128,10,9,FALSE,FALSE,0.906735103,0.979475444,0.938227729,0.906735103,4.529060939
8,TRUE,0.95,SDFA_NAP_model,0.5,16,TRUE,128,10,9,FALSE,FALSE,0.887831748,0.980357669,0.928639652,0.887831748,4.532428893
8,TRUE,0.95,SDFA_NAP_model,0.1,32,TRUE,128,10,9,FALSE,FALSE,0.915748623,0.988772589,0.947599655,0.915748623,4.56528912
8,TRUE,0.95,SDFA_NAP_model,0.2,32,TRUE,128,10,9,FALSE,FALSE,0.915623435,0.988790732,0.947490085,0.915623435,4.566348514
8,TRUE,0.95,SDFA_NAP_model,0.5,32,TRUE,128,10,9,FALSE,FALSE,0.914747121,0.988013,0.94653505,0.914747121,4.568348475
8,TRUE,0.95,SDFA_NAP_model,0.1,64,TRUE,128,10,9,FALSE,FALSE,0.915498247,0.988618087,0.947306469,0.915498247,4.636028793
8,TRUE,0.95,SDFA_NAP_model,0.2,64,TRUE,128,10,9,FALSE,FALSE,0.915122684,0.988191924,0.946876575,0.915122684,4.633863162
8,TRUE,0.95,SDFA_NAP_model,0.5,64,TRUE,128,10,9,FALSE,FALSE,0.915998998,0.989147518,0.94786754,0.915998998,4.657840716
15,FALSE,0.95,NAP_model,0,16,FALSE,32,10,9,FALSE,FALSE,0.907611417,0.980254688,0.939228935,0.907611417,4.30786029
15,FALSE,0.95,NAP_model,0,32,FALSE,32,10,9,FALSE,FALSE,0.91649975,0.989641219,0.948371007,0.91649975,4.334460022
15,FALSE,0.95,NAP_model,0,64,FALSE,32,10,9,FALSE,FALSE,0.916374562,0.988914392,0.947908943,0.916374562,4.435371337
15,FALSE,0.95,SDFA_NAP_model,0.1,16,TRUE,32,10,9,FALSE,FALSE,0.9057336,0.978426238,0.93699303,0.9057336,4.490958816
15,FALSE,0.95,SDFA_NAP_model,0.2,16,TRUE,32,10,9,FALSE,FALSE,0.913620431,0.986859081,0.945165343,0.913620431,4.487820035
15,FALSE,0.95,SDFA_NAP_model,0.5,16,TRUE,32,10,9,FALSE,FALSE,0.88770656,0.979271843,0.927429575,0.88770656,4.517332521
15,FALSE,0.95,SDFA_NAP_model,0.1,32,TRUE,32,10,9,FALSE,FALSE,0.915623435,0.988790732,0.947490085,0.915623435,4.544212411
15,FALSE,0.95,SDFA_NAP_model,0.2,32,TRUE,32,10,9,FALSE,FALSE,0.914621933,0.987686719,0.946463885,0.914621933,4.534582253
15,FALSE,0.95,SDFA_NAP_model,0.5,32,TRUE,32,10,9,FALSE,FALSE,0.907611417,0.980248188,0.939278327,0.907611417,4.562700204
15,FALSE,0.95,SDFA_NAP_model,0.1,64,TRUE,32,10,9,FALSE,FALSE,0.91649975,0.989641219,0.948371007,0.91649975,4.639831089
15,FALSE,0.95,SDFA_NAP_model,0.2,64,TRUE,32,10,9,FALSE,FALSE,0.916124186,0.989354965,0.947988065,0.916124186,4.633046756
15,FALSE,0.95,SDFA_NAP_model,0.5,64,TRUE,32,10,9,FALSE,FALSE,0.915873811,0.989013679,0.947713345,0.915873811,4.644227447
15,TRUE,0.95,SDFA_NAP_model,0.1,16,TRUE,16,10,9,FALSE,FALSE,0.896344517,0.989568084,0.936331794,0.896344517,4.515226904
15,TRUE,0.95,SDFA_NAP_model,0.2,16,TRUE,16,10,9,FALSE,FALSE,0.906735103,0.979468948,0.938416574,0.906735103,4.510341059
15,TRUE,0.95,SDFA_NAP_model,0.5,16,TRUE,16,10,9,FALSE,FALSE,0.88657987,0.978863333,0.926524906,0.88657987,4.509506884
15,TRUE,0.95,SDFA_NAP_model,0.1,32,TRUE,16,10,9,FALSE,FALSE,0.915998998,0.989148158,0.947875401,0.915998998,4.535777395
15,TRUE,0.95,SDFA_NAP_model,0.2,32,TRUE,16,10,9,FALSE,FALSE,0.907235854,0.979815303,0.938875831,0.907235854,4.553611637
15,TRUE,0.95,SDFA_NAP_model,0.5,32,TRUE,16,10,9,FALSE,FALSE,0.907611417,0.980248188,0.939278327,0.907611417,4.564295515
15,TRUE,0.95,SDFA_NAP_model,0.1,64,TRUE,16,10,9,FALSE,FALSE,0.916750125,0.989903659,0.948636294,0.916750125,4.614665863
15,TRUE,0.95,SDFA_NAP_model,0.2,64,TRUE,16,10,9,FALSE,FALSE,0.916750125,0.989904522,0.948623653,0.916750125,4.621966519
15,TRUE,0.95,SDFA_NAP_model,0.5,64,TRUE,16,10,9,FALSE,FALSE,0.915122684,0.988191928,0.946964053,0.915122684,4.652949909
15,TRUE,0.95,SDFA_NAP_model,0.1,16,TRUE,32,10,9,FALSE,FALSE,0.906609915,0.979352061,0.938157462,0.906609915,4.508393233
15,TRUE,0.95,SDFA_NAP_model,0.2,16,TRUE,32,10,9,FALSE,FALSE,0.887956935,0.980484433,0.926148496,0.887956935,4.528073622
15,TRUE,0.95,SDFA_NAP_model,0.5,16,TRUE,32,10,9,FALSE,FALSE,0.881071607,0.970258319,0.920512721,0.881071607,4.532371466
15,TRUE,0.95,SDFA_NAP_model,0.1,32,TRUE,32,10,9,FALSE,FALSE,0.915998998,0.989147515,0.947797731,0.915998998,4.559847026
15,TRUE,0.95,SDFA_NAP_model,0.2,32,TRUE,32,10,9,FALSE,FALSE,0.915998998,0.989143036,0.947794904,0.915998998,4.558349127
15,TRUE,0.95,SDFA_NAP_model,0.5,32,TRUE,32,10,9,FALSE,FALSE,0.914872308,0.98813894,0.94677218,0.914872308,4.557539234
15,TRUE,0.95,SDFA_NAP_model,0.1,64,TRUE,32,10,9,FALSE,FALSE,0.915873811,0.989013679,0.947713345,0.915873811,4.656861925
15,TRUE,0.95,SDFA_NAP_model,0.2,64,TRUE,32,10,9,FALSE,FALSE,0.915873811,0.989014785,0.947734777,0.915873811,4.633135188
15,TRUE,0.95,SDFA_NAP_model,0.5,64,TRUE,32,10,9,FALSE,FALSE,0.915498247,0.988656597,0.947336568,0.915498247,4.660902846
15,TRUE,0.95,SDFA_NAP_model,0.1,16,TRUE,64,10,9,FALSE,FALSE,0.89672008,0.989884471,0.937404536,0.89672008,4.50915526
15,TRUE,0.95,SDFA_NAP_model,0.2,16,TRUE,64,10,9,FALSE,FALSE,0.906985478,0.979771348,0.938542672,0.906985478,4.5302987
15,TRUE,0.95,SDFA_NAP_model,0.5,16,TRUE,64,10,9,FALSE,FALSE,0.888582874,0.981241905,0.92871948,0.888582874,4.516207769
15,TRUE,0.95,SDFA_NAP_model,0.1,32,TRUE,64,10,9,FALSE,FALSE,0.915623435,0.988736792,0.947482212,0.915623435,4.553279322
15,TRUE,0.95,SDFA_NAP_model,0.2,32,TRUE,64,10,9,FALSE,FALSE,0.914621933,0.987877822,0.946411209,0.914621933,4.54818605
15,TRUE,0.95,SDFA_NAP_model,0.5,32,TRUE,64,10,9,FALSE,FALSE,0.906359539,0.979056214,0.937911242,0.906359539,4.564710442
15,TRUE,0.95,SDFA_NAP_model,0.1,64,TRUE,64,10,9,FALSE,FALSE,0.91649975,0.989641219,0.948371007,0.91649975,4.63063667
15,TRUE,0.95,SDFA_NAP_model,0.2,64,TRUE,64,10,9,FALSE,FALSE,0.915873811,0.989014785,0.947734777,0.915873811,4.6356109
15,TRUE,0.95,SDFA_NAP_model,0.5,64,TRUE,64,10,9,FALSE,FALSE,0.915998998,0.989147518,0.94786754,0.915998998,4.643710903
15,TRUE,0.95,SDFA_NAP_model,0.1,16,TRUE,128,10,9,FALSE,FALSE,0.906359539,0.979043066,0.937742146,0.906359539,4.509508181
15,TRUE,0.95,SDFA_NAP_model,0.2,16,TRUE,128,10,9,FALSE,FALSE,0.906359539,0.979087572,0.937847237,0.906359539,4.497366308
15,TRUE,0.95,SDFA_NAP_model,0.5,16,TRUE,128,10,9,FALSE,FALSE,0.886830245,0.979257698,0.927523155,0.886830245,4.512837904
15,TRUE,0.95,SDFA_NAP_model,0.1,32,TRUE,128,10,9,FALSE,FALSE,0.915873811,0.989013797,0.947727627,0.915873811,4.529256281
15,TRUE,0.95,SDFA_NAP_model,0.2,32,TRUE,128,10,9,FALSE,FALSE,0.915122684,0.988313249,0.946972376,0.915122684,4.544628939
15,TRUE,0.95,SDFA_NAP_model,0.5,32,TRUE,128,10,9,FALSE,FALSE,0.906735103,0.979470458,0.938372029,0.906735103,4.5415732
15,TRUE,0.95,SDFA_NAP_model,0.1,64,TRUE,128,10,9,FALSE,FALSE,0.916750125,0.989903659,0.948636294,0.916750125,4.655770771
15,TRUE,0.95,SDFA_NAP_model,0.2,64,TRUE,128,10,9,FALSE,FALSE,0.915873811,0.989013679,0.947713345,0.915873811,4.627506486
15,TRUE,0.95,SDFA_NAP_model,0.5,64,TRUE,128,10,9,FALSE,FALSE,0.914997496,0.988060581,0.946831628,0.914997496,4.646076543
76,FALSE,0.95,NAP_model,0,16,FALSE,32,10,9,FALSE,FALSE,0.906735103,0.979469805,0.938251973,0.906735103,4.283736634
76,FALSE,0.95,NAP_model,0,32,FALSE,32,10,9,FALSE,FALSE,0.915873811,0.989014785,0.947734777,0.915873811,4.31494151
76,FALSE,0.95,NAP_model,0,64,FALSE,32,10,9,FALSE,FALSE,0.917000501,0.989541931,0.948566605,0.917000501,4.433546135
76,FALSE,0.95,SDFA_NAP_model,0.1,16,TRUE,32,10,9,FALSE,FALSE,0.894717076,0.986766582,0.935568346,0.894717076,4.508694135
76,FALSE,0.95,SDFA_NAP_model,0.2,16,TRUE,32,10,9,FALSE,FALSE,0.895843766,0.989008023,0.935714857,0.895843766,4.496965116
76,FALSE,0.95,SDFA_NAP_model,0.5,16,TRUE,32,10,9,FALSE,FALSE,0.887831748,0.979387707,0.928450286,0.887831748,4.48565573
76,FALSE,0.95,SDFA_NAP_model,0.1,32,TRUE,32,10,9,FALSE,FALSE,0.915623435,0.988790085,0.947499602,0.915623435,4.545409228
76,FALSE,0.95,SDFA_NAP_model,0.2,32,TRUE,32,10,9,FALSE,FALSE,0.915998998,0.989148158,0.947875401,0.915998998,4.523862703
76,FALSE,0.95,SDFA_NAP_model,0.5,32,TRUE,32,10,9,FALSE,FALSE,0.905983976,0.978626777,0.937384198,0.905983976,4.53637697
76,FALSE,0.95,SDFA_NAP_model,0.1,64,TRUE,32,10,9,FALSE,FALSE,0.915873811,0.98901368,0.947730581,0.915873811,4.63375573
76,FALSE,0.95,SDFA_NAP_model,0.2,64,TRUE,32,10,9,FALSE,FALSE,0.916124186,0.989325653,0.947899371,0.916124186,4.614744208
76,FALSE,0.95,SDFA_NAP_model,0.5,64,TRUE,32,10,9,FALSE,FALSE,0.915498247,0.988656597,0.947336568,0.915498247,4.655839166
76,TRUE,0.95,SDFA_NAP_model,0.1,16,TRUE,16,10,9,FALSE,FALSE,0.91311968,0.986330916,0.944574694,0.91311968,4.514568377
76,TRUE,0.95,SDFA_NAP_model,0.2,16,TRUE,16,10,9,FALSE,FALSE,0.888708062,0.980303834,0.928479172,0.888708062,4.522853996
76,TRUE,0.95,SDFA_NAP_model,0.5,16,TRUE,16,10,9,FALSE,FALSE,0.888708062,0.980316901,0.928493128,0.888708062,4.511941958
76,TRUE,0.95,SDFA_NAP_model,0.1,32,TRUE,16,10,9,FALSE,FALSE,0.915998998,0.989147518,0.94786754,0.915998998,4.54118208
76,TRUE,0.95,SDFA_NAP_model,0.2,32,TRUE,16,10,9,FALSE,FALSE,0.915873811,0.989013679,0.947713345,0.915873811,4.540941894
76,TRUE,0.95,SDFA_NAP_model,0.5,32,TRUE,16,10,9,FALSE,FALSE,0.915247872,0.988445778,0.946983407,0.915247872,4.542802853
76,TRUE,0.95,SDFA_NAP_model,0.1,64,TRUE,16,10,9,FALSE,FALSE,0.916624937,0.989771742,0.948508252,0.916624937,4.649135913
76,TRUE,0.95,SDFA_NAP_model,0.2,64,TRUE,16,10,9,FALSE,FALSE,0.915873811,0.98899687,0.947721802,0.915873811,4.631585619
76,TRUE,0.95,SDFA_NAP_model,0.5,64,TRUE,16,10,9,FALSE,FALSE,0.90798698,0.980604972,0.939630492,0.90798698,4.657024434
76,TRUE,0.95,SDFA_NAP_model,0.1,16,TRUE,32,10,9,FALSE,FALSE,0.905983976,0.97873373,0.937426272,0.905983976,4.506776966
76,TRUE,0.95,SDFA_NAP_model,0.2,16,TRUE,32,10,9,FALSE,FALSE,0.896970456,0.990271537,0.937024938,0.896970456,4.518440642
76,TRUE,0.95,SDFA_NAP_model,0.5,16,TRUE,32,10,9,FALSE,FALSE,0.749248873,0.988305674,0.833666192,0.749248873,4.50720869
76,TRUE,0.95,SDFA_NAP_model,0.1,32,TRUE,32,10,9,FALSE,FALSE,0.915998998,0.989147518,0.94786754,0.915998998,4.531061645
76,TRUE,0.95,SDFA_NAP_model,0.2,32,TRUE,32,10,9,FALSE,FALSE,0.915498247,0.988656597,0.947336568,0.915498247,4.55277254
76,TRUE,0.95,SDFA_NAP_model,0.5,32,TRUE,32,10,9,FALSE,FALSE,0.906359539,0.979056214,0.937911242,0.906359539,4.552199087
76,TRUE,0.95,SDFA_NAP_model,0.1,64,TRUE,32,10,9,FALSE,FALSE,0.916624937,0.989771422,0.948503581,0.916624937,4.64499055
76,TRUE,0.95,SDFA_NAP_model,0.2,64,TRUE,32,10,9,FALSE,FALSE,0.915498247,0.988657703,0.947357318,0.915498247,4.639707619
76,TRUE,0.95,SDFA_NAP_model,0.5,64,TRUE,32,10,9,FALSE,FALSE,0.914747121,0.987816633,0.94658612,0.914747121,4.652063595
76,TRUE,0.95,SDFA_NAP_model,0.1,16,TRUE,64,10,9,FALSE,FALSE,0.906109164,0.978802669,0.937451575,0.906109164,4.506905745
76,TRUE,0.95,SDFA_NAP_model,0.2,16,TRUE,64,10,9,FALSE,FALSE,0.906484727,0.979273612,0.937927084,0.906484727,4.516301712
76,TRUE,0.95,SDFA_NAP_model,0.5,16,TRUE,64,10,9,FALSE,FALSE,0.730595894,0.988501017,0.807467486,0.730595894,4.517602451
76,TRUE,0.95,SDFA_NAP_model,0.1,32,TRUE,64,10,9,FALSE,FALSE,0.915998998,0.989147518,0.94786754,0.915998998,4.541208985
76,TRUE,0.95,SDFA_NAP_model,0.2,32,TRUE,64,10,9,FALSE,FALSE,0.915122684,0.988261028,0.946776617,0.915122684,4.543801249
76,TRUE,0.95,SDFA_NAP_model,0.5,32,TRUE,64,10,9,FALSE,FALSE,0.914747121,0.988011809,0.946528955,0.914747121,4.561872112
76,TRUE,0.95,SDFA_NAP_model,0.1,64,TRUE,64,10,9,FALSE,FALSE,0.916750125,0.989903659,0.948636294,0.916750125,4.654110883
76,TRUE,0.95,SDFA_NAP_model,0.2,64,TRUE,64,10,9,FALSE,FALSE,0.916124186,0.989337049,0.947975091,0.916124186,4.647456065
76,TRUE,0.95,SDFA_NAP_model,0.5,64,TRUE,64,10,9,FALSE,FALSE,0.915873811,0.989014785,0.947734777,0.915873811,4.65854682
76,TRUE,0.95,SDFA_NAP_model,0.1,16,TRUE,128,10,9,FALSE,FALSE,0.914621933,0.987972541,0.946314103,0.914621933,4.527678025
76,TRUE,0.95,SDFA_NAP_model,0.2,16,TRUE,128,10,9,FALSE,FALSE,0.888332499,0.979892269,0.928102078,0.888332499,4.522169944
76,TRUE,0.95,SDFA_NAP_model,0.5,16,TRUE,128,10,9,FALSE,FALSE,0.887205809,0.979696482,0.925269756,0.887205809,4.529750869
76,TRUE,0.95,SDFA_NAP_model,0.1,32,TRUE,128,10,9,FALSE,FALSE,0.915498247,0.988656247,0.947345407,0.915498247,4.559777018
76,TRUE,0.95,SDFA_NAP_model,0.2,32,TRUE,128,10,9,FALSE,FALSE,0.907486229,0.980029627,0.939115544,0.907486229,4.593485065
76,TRUE,0.95,SDFA_NAP_model,0.5,32,TRUE,128,10,9,FALSE,FALSE,0.906735103,0.979477609,0.938372416,0.906735103,4.615164783
76,TRUE,0.95,SDFA_NAP_model,0.1,64,TRUE,128,10,9,FALSE,FALSE,0.915873811,0.989014263,0.947697314,0.915873811,4.675894814
76,TRUE,0.95,SDFA_NAP_model,0.2,64,TRUE,128,10,9,FALSE,FALSE,0.91649975,0.989641219,0.948371007,0.91649975,4.642351539
76,TRUE,0.95,SDFA_NAP_model,0.5,64,TRUE,128,10,9,FALSE,FALSE,0.915998998,0.989147518,0.94786754,0.915998998,4.641280163
23,FALSE,0.95,NAP_model,0,16,FALSE,32,10,9,FALSE,FALSE,0.905232849,0.97840189,0.935360995,0.905232849,4.293390114
23,FALSE,0.95,NAP_model,0,32,FALSE,32,10,9,FALSE,FALSE,0.915498247,0.988656596,0.947319246,0.915498247,4.33729384
23,FALSE,0.95,NAP_model,0,64,FALSE,32,10,9,FALSE,FALSE,0.91649975,0.989641219,0.948371007,0.91649975,4.442710978
23,FALSE,0.95,SDFA_NAP_model,0.1,16,TRUE,32,10,9,FALSE,FALSE,0.896594892,0.989796078,0.936663938,0.896594892,4.493584629
23,FALSE,0.95,SDFA_NAP_model,0.2,16,TRUE,32,10,9,FALSE,FALSE,0.905858788,0.97854465,0.937505053,0.905858788,4.501215352
23,FALSE,0.95,SDFA_NAP_model,0.5,16,TRUE,32,10,9,FALSE,FALSE,0.887456184,0.979827715,0.927317606,0.887456184,4.512640882
23,FALSE,0.95,SDFA_NAP_model,0.1,32,TRUE,32,10,9,FALSE,FALSE,0.915122684,0.988240737,0.946916226,0.915122684,4.537081885
23,FALSE,0.95,SDFA_NAP_model,0.2,32,TRUE,32,10,9,FALSE,FALSE,0.915247872,0.988448027,0.94702849,0.915247872,4.528892438
23,FALSE,0.95,SDFA_NAP_model,0.5,32,TRUE,32,10,9,FALSE,FALSE,0.907235854,0.979905486,0.938877737,0.907235854,4.544639374
23,FALSE,0.95,SDFA_NAP_model,0.1,64,TRUE,32,10,9,FALSE,FALSE,0.91649975,0.989641219,0.948371007,0.91649975,4.636780712
23,FALSE,0.95,SDFA_NAP_model,0.2,64,TRUE,32,10,9,FALSE,FALSE,0.915873811,0.989014263,0.947697314,0.915873811,4.612309656
23,FALSE,0.95,SDFA_NAP_model,0.5,64,TRUE,32,10,9,FALSE,FALSE,0.915498247,0.988656597,0.947336568,0.915498247,4.633111904
23,TRUE,0.95,SDFA_NAP_model,0.1,16,TRUE,16,10,9,FALSE,FALSE,0.906985478,0.979778174,0.938454844,0.906985478,4.505201972
23,TRUE,0.95,SDFA_NAP_model,0.2,16,TRUE,16,10,9,FALSE,FALSE,0.905107661,0.977767176,0.936269588,0.905107661,4.508952926
23,TRUE,0.95,SDFA_NAP_model,0.5,16,TRUE,16,10,9,FALSE,FALSE,0.88770656,0.9802706,0.925965142,0.88770656,4.51534345
23,TRUE,0.95,SDFA_NAP_model,0.1,32,TRUE,16,10,9,FALSE,FALSE,0.907235854,0.97980845,0.93887516,0.907235854,4.538931942
23,TRUE,0.95,SDFA_NAP_model,0.2,32,TRUE,16,10,9,FALSE,FALSE,0.915623435,0.988790729,0.947402607,0.915623435,4.561017532
23,TRUE,0.95,SDFA_NAP_model,0.5,32,TRUE,16,10,9,FALSE,FALSE,0.906609915,0.979321592,0.938170826,0.906609915,4.555921383
23,TRUE,0.95,SDFA_NAP_model,0.1,64,TRUE,16,10,9,FALSE,FALSE,0.916124186,0.989335844,0.947967929,0.916124186,4.635442512
23,TRUE,0.95,SDFA_NAP_model,0.2,64,TRUE,16,10,9,FALSE,FALSE,0.91649975,0.98964122,0.948388243,0.91649975,4.635492244
23,TRUE,0.95,SDFA_NAP_model,0.5,64,TRUE,16,10,9,FALSE,FALSE,0.915998998,0.989147838,0.947871515,0.915998998,4.660046008
23,TRUE,0.95,SDFA_NAP_model,0.1,16,TRUE,32,10,9,FALSE,FALSE,0.9057336,0.978433824,0.937062517,0.9057336,4.505183271
23,TRUE,0.95,SDFA_NAP_model,0.2,16,TRUE,32,10,9,FALSE,FALSE,0.895468202,0.988551117,0.933779165,0.895468202,4.52199944
23,TRUE,0.95,SDFA_NAP_model,0.5,16,TRUE,32,10,9,FALSE,FALSE,0.887205809,0.97965336,0.927846253,0.887205809,4.531705094
23,TRUE,0.95,SDFA_NAP_model,0.1,32,TRUE,32,10,9,FALSE,FALSE,0.915873811,0.989014785,0.947734777,0.915873811,4.54666913
23,TRUE,0.95,SDFA_NAP_model,0.2,32,TRUE,32,10,9,FALSE,FALSE,0.915623435,0.988790732,0.947490085,0.915623435,4.568464873
23,TRUE,0.95,SDFA_NAP_model,0.5,32,TRUE,32,10,9,FALSE,FALSE,0.915247872,0.988448351,0.947119673,0.915247872,4.552463151
23,TRUE,0.95,SDFA_NAP_model,0.1,64,TRUE,32,10,9,FALSE,FALSE,0.915498247,0.988605031,0.947328182,0.915498247,4.645519955
23,TRUE,0.95,SDFA_NAP_model,0.2,64,TRUE,32,10,9,FALSE,FALSE,0.915873811,0.989058043,0.947721756,0.915873811,4.632519107
23,TRUE,0.95,SDFA_NAP_model,0.5,64,TRUE,32,10,9,FALSE,FALSE,0.915623435,0.988790732,0.947490085,0.915623435,4.669778094
23,TRUE,0.95,SDFA_NAP_model,0.1,16,TRUE,64,10,9,FALSE,FALSE,0.914621933,0.987972833,0.946238586,0.914621933,4.518372466
23,TRUE,0.95,SDFA_NAP_model,0.2,16,TRUE,64,10,9,FALSE,FALSE,0.914121182,0.987445365,0.945787768,0.914121182,4.522726328
23,TRUE,0.95,SDFA_NAP_model,0.5,16,TRUE,64,10,9,FALSE,FALSE,0.887205809,0.979729506,0.92781944,0.887205809,4.521176771
23,TRUE,0.95,SDFA_NAP_model,0.1,32,TRUE,64,10,9,FALSE,FALSE,0.915122684,0.988314705,0.946983197,0.915122684,4.553102468
23,TRUE,0.95,SDFA_NAP_model,0.2,32,TRUE,64,10,9,FALSE,FALSE,0.915623435,0.988790083,0.947447857,0.915623435,4.550408861
23,TRUE,0.95,SDFA_NAP_model,0.5,32,TRUE,64,10,9,FALSE,FALSE,0.915247872,0.98844674,0.947031272,0.915247872,4.565917123
23,TRUE,0.95,SDFA_NAP_model,0.1,64,TRUE,64,10,9,FALSE,FALSE,0.91649975,0.989641219,0.948371007,0.91649975,4.638630421
23,TRUE,0.95,SDFA_NAP_model,0.2,64,TRUE,64,10,9,FALSE,FALSE,0.916249374,0.989487697,0.948120829,0.916249374,4.640986429
23,TRUE,0.95,SDFA_NAP_model,0.5,64,TRUE,64,10,9,FALSE,FALSE,0.90798698,0.980597821,0.939629602,0.90798698,4.642220677
23,TRUE,0.95,SDFA_NAP_model,0.1,16,TRUE,128,10,9,FALSE,FALSE,0.915623435,0.988791369,0.947410196,0.915623435,4.545482042
23,TRUE,0.95,SDFA_NAP_model,0.2,16,TRUE,128,10,9,FALSE,FALSE,0.912744116,0.985938037,0.944204218,0.912744116,4.509780007
23,TRUE,0.95,SDFA_NAP_model,0.5,16,TRUE,128,10,9,FALSE,FALSE,0.888708062,0.981367078,0.928769252,0.888708062,4.530343183
23,TRUE,0.95,SDFA_NAP_model,0.1,32,TRUE,128,10,9,FALSE,FALSE,0.915498247,0.988657703,0.947357318,0.915498247,4.53729315
23,TRUE,0.95,SDFA_NAP_model,0.2,32,TRUE,128,10,9,FALSE,FALSE,0.915998998,0.989147515,0.947797731,0.915998998,4.554374167
23,TRUE,0.95,SDFA_NAP_model,0.5,32,TRUE,128,10,9,FALSE,FALSE,0.907235854,0.979836021,0.938799773,0.907235854,4.542632435
23,TRUE,0.95,SDFA_NAP_model,0.1,64,TRUE,128,10,9,FALSE,FALSE,0.915873811,0.989013676,0.947625867,0.915873811,4.648814726
23,TRUE,0.95,SDFA_NAP_model,0.2,64,TRUE,128,10,9,FALSE,FALSE,0.915998998,0.989147518,0.94786754,0.915998998,4.63494341
23,TRUE,0.95,SDFA_NAP_model,0.5,64,TRUE,128,10,9,FALSE,FALSE,0.915623435,0.988790732,0.947472763,0.915623435,4.652292143
42,FALSE,0.95,NAP_model,0,16,FALSE,32,10,9,FALSE,FALSE,0.914997496,0.988370128,0.94673953,0.914997496,4.341357496
42,FALSE,0.95,NAP_model,0,32,FALSE,32,10,9,FALSE,FALSE,0.915873811,0.989014782,0.947664967,0.915873811,4.304566565
42,FALSE,0.95,NAP_model,0,64,FALSE,32,10,9,FALSE,FALSE,0.915998998,0.989147518,0.94786754,0.915998998,4.329561655
42,FALSE,0.95,SDFA_NAP_model,0.1,16,TRUE,32,10,9,FALSE,FALSE,0.90686029,0.979594673,0.938474255,0.90686029,4.522955074
42,FALSE,0.95,SDFA_NAP_model,0.2,16,TRUE,32,10,9,FALSE,FALSE,0.906359539,0.979049356,0.937822275,0.906359539,4.543061676
42,FALSE,0.95,SDFA_NAP_model,0.5,16,TRUE,32,10,9,FALSE,FALSE,0.886329494,0.977627342,0.925919487,0.886329494,4.51860654
42,FALSE,0.95,SDFA_NAP_model,0.1,32,TRUE,32,10,9,FALSE,FALSE,0.915623435,0.988790732,0.947490085,0.915623435,4.536942218
42,FALSE,0.95,SDFA_NAP_model,0.2,32,TRUE,32,10,9,FALSE,FALSE,0.915498247,0.988656597,0.947336568,0.915498247,4.526832941
42,FALSE,0.95,SDFA_NAP_model,0.5,32,TRUE,32,10,9,FALSE,FALSE,0.915247872,0.988392838,0.947026961,0.915247872,4.530698607
42,FALSE,0.95,SDFA_NAP_model,0.1,64,TRUE,32,10,9,FALSE,FALSE,0.916374562,0.98958705,0.948178635,0.916374562,4.543811103
42,FALSE,0.95,SDFA_NAP_model,0.2,64,TRUE,32,10,9,FALSE,FALSE,0.915873811,0.989013679,0.947713345,0.915873811,4.5632354
42,FALSE,0.95,SDFA_NAP_model,0.5,64,TRUE,32,10,9,FALSE,FALSE,0.915998998,0.989147514,0.947780062,0.915998998,4.545687245
42,TRUE,0.95,SDFA_NAP_model,0.1,16,TRUE,16,10,9,FALSE,FALSE,0.896344517,0.989493378,0.937447322,0.896344517,4.550824998
42,TRUE,0.95,SDFA_NAP_model,0.2,16,TRUE,16,10,9,FALSE,FALSE,0.906735103,0.979470458,0.938372029,0.906735103,4.550409332
42,TRUE,0.95,SDFA_NAP_model,0.5,16,TRUE,16,10,9,FALSE,FALSE,0.886955433,0.979322498,0.926717416,0.886955433,4.565773146
42,TRUE,0.95,SDFA_NAP_model,0.1,32,TRUE,16,10,9,FALSE,FALSE,0.915247872,0.988448027,0.94702849,0.915247872,4.55569662
42,TRUE,0.95,SDFA_NAP_model,0.2,32,TRUE,16,10,9,FALSE,FALSE,0.915873811,0.989014786,0.947752013,0.915873811,4.55908201
42,TRUE,0.95,SDFA_NAP_model,0.5,32,TRUE,16,10,9,FALSE,FALSE,0.906735103,0.979470457,0.938354707,0.906735103,4.555314401
42,TRUE,0.95,SDFA_NAP_model,0.1,64,TRUE,16,10,9,FALSE,FALSE,0.916124186,0.989354965,0.947988065,0.916124186,4.576528075
42,TRUE,0.95,SDFA_NAP_model,0.2,64,TRUE,16,10,9,FALSE,FALSE,0.916249374,0.989487913,0.948103518,0.916249374,4.551246849
42,TRUE,0.95,SDFA_NAP_model,0.5,64,TRUE,16,10,9,FALSE,FALSE,0.90798698,0.980597822,0.939646924,0.90798698,4.543111896
42,TRUE,0.95,SDFA_NAP_model,0.1,16,TRUE,32,10,9,FALSE,FALSE,0.904481723,0.97687082,0.935911384,0.904481723,4.547797169
42,TRUE,0.95,SDFA_NAP_model,0.2,16,TRUE,32,10,9,FALSE,FALSE,0.88770656,0.979277311,0.927419037,0.88770656,4.569821317
42,TRUE,0.95,SDFA_NAP_model,0.5,16,TRUE,32,10,9,FALSE,FALSE,0.888332499,0.980901717,0.92832583,0.888332499,4.555196607
42,TRUE,0.95,SDFA_NAP_model,0.1,32,TRUE,32,10,9,FALSE,FALSE,0.915873811,0.989013679,0.947713345,0.915873811,4.558127915
42,TRUE,0.95,SDFA_NAP_model,0.2,32,TRUE,32,10,9,FALSE,FALSE,0.915998998,0.989147518,0.94786754,0.915998998,4.529521154
42,TRUE,0.95,SDFA_NAP_model,0.5,32,TRUE,32,10,9,FALSE,FALSE,0.906735103,0.979477609,0.938372416,0.906735103,4.530885264
42,TRUE,0.95,SDFA_NAP_model,0.1,64,TRUE,32,10,9,FALSE,FALSE,0.91649975,0.98964122,0.948388243,0.91649975,4.527782394
42,TRUE,0.95,SDFA_NAP_model,0.2,64,TRUE,32,10,9,FALSE,FALSE,0.916124186,0.989337265,0.947957565,0.916124186,4.532854902
42,TRUE,0.95,SDFA_NAP_model,0.5,64,TRUE,32,10,9,FALSE,FALSE,0.907611417,0.980241037,0.939260326,0.907611417,4.555505759
42,TRUE,0.95,SDFA_NAP_model,0.1,16,TRUE,64,10,9,FALSE,FALSE,0.906735103,0.97940695,0.93839961,0.906735103,4.548489928
42,TRUE,0.95,SDFA_NAP_model,0.2,16,TRUE,64,10,9,FALSE,FALSE,0.906985478,0.979784355,0.938421542,0.906985478,4.539964476
42,TRUE,0.95,SDFA_NAP_model,0.5,16,TRUE,64,10,9,FALSE,FALSE,0.889083625,0.980737515,0.929005708,0.889083625,4.562509678
42,TRUE,0.95,SDFA_NAP_model,0.1,32,TRUE,64,10,9,FALSE,FALSE,0.915998998,0.98914838,0.94785401,0.915998998,4.551320377
42,TRUE,0.95,SDFA_NAP_model,0.2,32,TRUE,64,10,9,FALSE,FALSE,0.915122684,0.988314352,0.94694138,0.915122684,4.549644085
42,TRUE,0.95,SDFA_NAP_model,0.5,32,TRUE,64,10,9,FALSE,FALSE,0.914747121,0.988013,0.94653505,0.914747121,4.536449653
42,TRUE,0.95,SDFA_NAP_model,0.1,64,TRUE,64,10,9,FALSE,FALSE,0.91649975,0.989641218,0.948353685,0.91649975,4.558054415
42,TRUE,0.95,SDFA_NAP_model,0.2,64,TRUE,64,10,9,FALSE,FALSE,0.916750125,0.989903659,0.948636294,0.916750125,4.543111392
42,TRUE,0.95,SDFA_NAP_model,0.5,64,TRUE,64,10,9,FALSE,FALSE,0.915873811,0.989014785,0.947734777,0.915873811,4.55730346
42,TRUE,0.95,SDFA_NAP_model,0.1,16,TRUE,128,10,9,FALSE,FALSE,0.914872308,0.988239385,0.946727706,0.914872308,4.542489597
42,TRUE,0.95,SDFA_NAP_model,0.2,16,TRUE,128,10,9,FALSE,FALSE,0.905483225,0.978074488,0.936738574,0.905483225,4.535658273
42,TRUE,0.95,SDFA_NAP_model,0.5,16,TRUE,128,10,9,FALSE,FALSE,0.887831748,0.980285628,0.927765433,0.887831748,4.559042367
42,TRUE,0.95,SDFA_NAP_model,0.1,32,TRUE,128,10,9,FALSE,FALSE,0.915873811,0.989013676,0.947643536,0.915873811,4.547761245
42,TRUE,0.95,SDFA_NAP_model,0.2,32,TRUE,128,10,9,FALSE,FALSE,0.915498247,0.988657702,0.947339995,0.915498247,4.546685107
42,TRUE,0.95,SDFA_NAP_model,0.5,32,TRUE,128,10,9,FALSE,FALSE,0.906735103,0.979462012,0.93835915,0.906735103,4.553125379
42,TRUE,0.95,SDFA_NAP_model,0.1,64,TRUE,128,10,9,FALSE,FALSE,0.91649975,0.989641219,0.948371007,0.91649975,4.539636591
42,TRUE,0.95,SDFA_NAP_model,0.2,64,TRUE,128,10,9,FALSE,FALSE,0.915873811,0.989014785,0.947734777,0.915873811,4.539444668
42,TRUE,0.95,SDFA_NAP_model,0.5,64,TRUE,128,10,9,FALSE,FALSE,0.90798698,0.980604972,0.939647815,0.90798698,4.541820452
4,FALSE,0.95,NAP_model,0,16,FALSE,32,10,9,FALSE,FALSE,0.906735103,0.978790509,0.93751997,0.906735103,4.333054386
4,FALSE,0.95,NAP_model,0,32,FALSE,32,10,9,FALSE,FALSE,0.916624937,0.989773456,0.948486442,0.916624937,4.320163373
4,FALSE,0.95,NAP_model,0,64,FALSE,32,10,9,FALSE,FALSE,0.916750125,0.989981399,0.948624296,0.916750125,4.335235657
4,FALSE,0.95,SDFA_NAP_model,0.1,16,TRUE,32,10,9,FALSE,FALSE,0.906234352,0.978909607,0.937785163,0.906234352,4.515170646
4,FALSE,0.95,SDFA_NAP_model,0.2,16,TRUE,32,10,9,FALSE,FALSE,0.888332499,0.979851768,0.928997543,0.888332499,4.524628638
4,FALSE,0.95,SDFA_NAP_model,0.5,16,TRUE,32,10,9,FALSE,FALSE,0.885327992,0.977600363,0.923493644,0.885327992,4.511702182
4,FALSE,0.95,SDFA_NAP_model,0.1,32,TRUE,32,10,9,FALSE,FALSE,0.915498247,0.988658025,0.947281146,0.915498247,4.51968083
4,FALSE,0.95,SDFA_NAP_model,0.2,32,TRUE,32,10,9,FALSE,FALSE,0.915623435,0.988791053,0.947493925,0.915623435,4.517497483
4,FALSE,0.95,SDFA_NAP_model,0.5,32,TRUE,32,10,9,FALSE,FALSE,0.907611417,0.980240388,0.939244576,0.907611417,4.508080642
4,FALSE,0.95,SDFA_NAP_model,0.1,64,TRUE,32,10,9,FALSE,FALSE,0.915873811,0.989014785,0.947734777,0.915873811,4.516950019
4,FALSE,0.95,SDFA_NAP_model,0.2,64,TRUE,32,10,9,FALSE,FALSE,0.915623435,0.988732313,0.947478501,0.915623435,4.530008408
4,FALSE,0.95,SDFA_NAP_model,0.5,64,TRUE,32,10,9,FALSE,FALSE,0.915498247,0.988657347,0.947227122,0.915498247,4.551006963
4,TRUE,0.95,SDFA_NAP_model,0.1,16,TRUE,16,10,9,FALSE,FALSE,0.906735103,0.979476102,0.938435988,0.906735103,4.532882608
4,TRUE,0.95,SDFA_NAP_model,0.2,16,TRUE,16,10,9,FALSE,FALSE,0.905983976,0.978631825,0.937448358,0.905983976,4.531911699
4,TRUE,0.95,SDFA_NAP_model,0.5,16,TRUE,16,10,9,FALSE,FALSE,0.88770656,0.980149335,0.927527294,0.88770656,4.550809499
4,TRUE,0.95,SDFA_NAP_model,0.1,32,TRUE,16,10,9,FALSE,FALSE,0.915873811,0.989014782,0.947664967,0.915873811,4.527971525
4,TRUE,0.95,SDFA_NAP_model,0.2,32,TRUE,16,10,9,FALSE,FALSE,0.907736605,0.98037348,0.93931647,0.907736605,4.524046994
4,TRUE,0.95,SDFA_NAP_model,0.5,32,TRUE,16,10,9,FALSE,FALSE,0.906359539,0.97905621,0.937822779,0.906359539,4.52658087
4,TRUE,0.95,SDFA_NAP_model,0.1,64,TRUE,16,10,9,FALSE,FALSE,0.915873811,0.98899687,0.947721802,0.915873811,4.520311989
4,TRUE,0.95,SDFA_NAP_model,0.2,64,TRUE,16,10,9,FALSE,FALSE,0.916124186,0.989354965,0.947988065,0.916124186,4.487752087
4,TRUE,0.95,SDFA_NAP_model,0.5,64,TRUE,16,10,9,FALSE,FALSE,0.915873811,0.989014782,0.947647298,0.915873811,4.494841876
4,TRUE,0.95,SDFA_NAP_model,0.1,16,TRUE,32,10,9,FALSE,FALSE,0.888332499,0.980895188,0.928327373,0.888332499,4.486850519
4,TRUE,0.95,SDFA_NAP_model,0.2,16,TRUE,32,10,9,FALSE,FALSE,0.887956935,0.979472238,0.927723599,0.887956935,4.500049649
4,TRUE,0.95,SDFA_NAP_model,0.5,16,TRUE,32,10,9,FALSE,FALSE,0.888082123,0.980710566,0.92886629,0.888082123,4.467900114
4,TRUE,0.95,SDFA_NAP_model,0.1,32,TRUE,32,10,9,FALSE,FALSE,0.915998998,0.989147514,0.947780062,0.915998998,4.468327535
4,TRUE,0.95,SDFA_NAP_model,0.2,32,TRUE,32,10,9,FALSE,FALSE,0.915623435,0.988790085,0.947499602,0.915623435,4.465960579
4,TRUE,0.95,SDFA_NAP_model,0.5,32,TRUE,32,10,9,FALSE,FALSE,0.906735103,0.979461789,0.938206731,0.906735103,4.473691118
4,TRUE,0.95,SDFA_NAP_model,0.1,64,TRUE,32,10,9,FALSE,FALSE,0.915998998,0.989147518,0.94786754,0.915998998,4.452448459
4,TRUE,0.95,SDFA_NAP_model,0.2,64,TRUE,32,10,9,FALSE,FALSE,0.915498247,0.988604474,0.947363643,0.915498247,4.458697019
4,TRUE,0.95,SDFA_NAP_model,0.5,64,TRUE,32,10,9,FALSE,FALSE,0.916249374,0.989487697,0.948120829,0.916249374,4.429951142
4,TRUE,0.95,SDFA_NAP_model,0.1,16,TRUE,64,10,9,FALSE,FALSE,0.9057336,0.978334022,0.937208254,0.9057336,4.434574225
4,TRUE,0.95,SDFA_NAP_model,0.2,16,TRUE,64,10,9,FALSE,FALSE,0.888708062,0.981333224,0.929695736,0.888708062,4.441193781
4,TRUE,0.95,SDFA_NAP_model,0.5,16,TRUE,64,10,9,FALSE,FALSE,0.888708062,0.980315946,0.928608107,0.888708062,4.449383962
4,TRUE,0.95,SDFA_NAP_model,0.1,32,TRUE,64,10,9,FALSE,FALSE,0.915122684,0.988261031,0.946865079,0.915122684,4.464807713
4,TRUE,0.95,SDFA_NAP_model,0.2,32,TRUE,64,10,9,FALSE,FALSE,0.91537306,0.988573327,0.947258661,0.91537306,4.443402096
4,TRUE,0.95,SDFA_NAP_model,0.5,32,TRUE,64,10,9,FALSE,FALSE,0.907235854,0.979912632,0.938790812,0.907235854,4.454813657
4,TRUE,0.95,SDFA_NAP_model,0.1,64,TRUE,64,10,9,FALSE,FALSE,0.916124186,0.989354965,0.947988065,0.916124186,4.428168216
4,TRUE,0.95,SDFA_NAP_model,0.2,64,TRUE,64,10,9,FALSE,FALSE,0.91649975,0.989641219,0.948371007,0.91649975,4.435670243
4,TRUE,0.95,SDFA_NAP_model,0.5,64,TRUE,64,10,9,FALSE,FALSE,0.915623435,0.988790732,0.947490085,0.915623435,4.4473945
4,TRUE,0.95,SDFA_NAP_model,0.1,16,TRUE,128,10,9,FALSE,FALSE,0.906735103,0.979470458,0.938372029,0.906735103,4.435446244
4,TRUE,0.95,SDFA_NAP_model,0.2,16,TRUE,128,10,9,FALSE,FALSE,0.888332499,0.980901638,0.928365999,0.888332499,4.44319268
4,TRUE,0.95,SDFA_NAP_model,0.5,16,TRUE,128,10,9,FALSE,FALSE,0.888582874,0.981289458,0.92702781,0.888582874,4.446053917
4,TRUE,0.95,SDFA_NAP_model,0.1,32,TRUE,128,10,9,FALSE,FALSE,0.915748623,0.988881744,0.947587836,0.915748623,4.448000417
4,TRUE,0.95,SDFA_NAP_model,0.2,32,TRUE,128,10,9,FALSE,FALSE,0.915498247,0.988656241,0.947205691,0.915498247,4.459521177
4,TRUE,0.95,SDFA_NAP_model,0.5,32,TRUE,128,10,9,FALSE,FALSE,0.906735103,0.979477172,0.938263377,0.906735103,4.445879673
4,TRUE,0.95,SDFA_NAP_model,0.1,64,TRUE,128,10,9,FALSE,FALSE,0.915748623,0.988848715,0.947600886,0.915748623,4.448286573
4,TRUE,0.95,SDFA_NAP_model,0.2,64,TRUE,128,10,9,FALSE,FALSE,0.91649975,0.989641336,0.948385289,0.91649975,4.444148669
4,TRUE,0.95,SDFA_NAP_model,0.5,64,TRUE,128,10,9,FALSE,FALSE,0.915873811,0.989014785,0.947734777,0.915873811,4.431976146
108,FALSE,0.95,NAP_model,0,16,FALSE,32,10,9,FALSE,FALSE,0.906735103,0.979468301,0.938434243,0.906735103,4.212795119
108,FALSE,0.95,NAP_model,0,32,FALSE,32,10,9,FALSE,FALSE,0.91424637,0.987298016,0.945962547,0.91424637,4.190682404
108,FALSE,0.95,NAP_model,0,64,FALSE,32,10,9,FALSE,FALSE,0.916124186,0.989260664,0.947988218,0.916124186,4.216077
108,FALSE,0.95,SDFA_NAP_model,0.1,16,TRUE,32,10,9,FALSE,FALSE,0.906985478,0.97981628,0.938672682,0.906985478,4.408766091
108,FALSE,0.95,SDFA_NAP_model,0.2,16,TRUE,32,10,9,FALSE,FALSE,0.906109164,0.978854464,0.937549086,0.906109164,4.42614933
108,FALSE,0.95,SDFA_NAP_model,0.5,16,TRUE,32,10,9,FALSE,FALSE,0.88657987,0.97803735,0.92627249,0.88657987,4.409397484
108,FALSE,0.95,SDFA_NAP_model,0.1,32,TRUE,32,10,9,FALSE,FALSE,0.915873811,0.989013679,0.947696023,0.915873811,4.42470826
108,FALSE,0.95,SDFA_NAP_model,0.2,32,TRUE,32,10,9,FALSE,FALSE,0.915623435,0.988790729,0.947402607,0.915623435,4.428152912
108,FALSE,0.95,SDFA_NAP_model,0.5,32,TRUE,32,10,9,FALSE,FALSE,0.906735103,0.979477609,0.938372416,0.906735103,4.438081915
108,FALSE,0.95,SDFA_NAP_model,0.1,64,TRUE,32,10,9,FALSE,FALSE,0.915873811,0.989014782,0.947647298,0.915873811,4.417251068
108,FALSE,0.95,SDFA_NAP_model,0.2,64,TRUE,32,10,9,FALSE,FALSE,0.915873811,0.988996869,0.947704265,0.915873811,4.42018519
108,FALSE,0.95,SDFA_NAP_model,0.5,64,TRUE,32,10,9,FALSE,FALSE,0.915998998,0.989147838,0.947871515,0.915998998,4.422173795
108,TRUE,0.95,SDFA_NAP_model,0.1,16,TRUE,16,10,9,FALSE,FALSE,0.914371557,0.987613351,0.94604627,0.914371557,4.446299862
108,TRUE,0.95,SDFA_NAP_model,0.2,16,TRUE,16,10,9,FALSE,FALSE,0.885828743,0.978126583,0.923970133,0.885828743,4.45211442
108,TRUE,0.95,SDFA_NAP_model,0.5,16,TRUE,16,10,9,FALSE,FALSE,0.88545318,0.977561045,0.9252208,0.88545318,4.433999002
108,TRUE,0.95,SDFA_NAP_model,0.1,32,TRUE,16,10,9,FALSE,FALSE,0.915498247,0.988657351,0.947315094,0.915498247,4.447070993
108,TRUE,0.95,SDFA_NAP_model,0.2,32,TRUE,16,10,9,FALSE,FALSE,0.915623435,0.988790079,0.947359886,0.915623435,4.429001659
108,TRUE,0.95,SDFA_NAP_model,0.5,32,TRUE,16,10,9,FALSE,FALSE,0.914997496,0.98837099,0.946669658,0.914997496,4.442802118
108,TRUE,0.95,SDFA_NAP_model,0.1,64,TRUE,16,10,9,FALSE,FALSE,0.915873811,0.989014903,0.947748831,0.915873811,4.42680879
108,TRUE,0.95,SDFA_NAP_model,0.2,64,TRUE,16,10,9,FALSE,FALSE,0.915498247,0.988604653,0.947349593,0.915498247,4.432072935
108,TRUE,0.95,SDFA_NAP_model,0.5,64,TRUE,16,10,9,FALSE,FALSE,0.916124186,0.989354965,0.947988065,0.916124186,4.436696737
108,TRUE,0.95,SDFA_NAP_model,0.1,16,TRUE,32,10,9,FALSE,FALSE,0.913620431,0.98692232,0.945247359,0.913620431,4.424771795
108,TRUE,0.95,SDFA_NAP_model,0.2,16,TRUE,32,10,9,FALSE,FALSE,0.888708062,0.980310127,0.928538593,0.888708062,4.432481739
108,TRUE,0.95,SDFA_NAP_model,0.5,16,TRUE,32,10,9,FALSE,FALSE,0.730971457,0.987784724,0.818539116,0.730971457,4.420463599
108,TRUE,0.95,SDFA_NAP_model,0.1,32,TRUE,32,10,9,FALSE,FALSE,0.915623435,0.98879072,0.947367747,0.915623435,4.427181415
108,TRUE,0.95,SDFA_NAP_model,0.2,32,TRUE,32,10,9,FALSE,FALSE,0.915998998,0.989147518,0.94786754,0.915998998,4.446445237
108,TRUE,0.95,SDFA_NAP_model,0.5,32,TRUE,32,10,9,FALSE,FALSE,0.905983976,0.978126514,0.937235291,0.905983976,4.446006404
108,TRUE,0.95,SDFA_NAP_model,0.1,64,TRUE,32,10,9,FALSE,FALSE,0.915998998,0.989221708,0.947858296,0.915998998,4.430708796
108,TRUE,0.95,SDFA_NAP_model,0.2,64,TRUE,32,10,9,FALSE,FALSE,0.915873811,0.989013679,0.947713345,0.915873811,4.430673847
108,TRUE,0.95,SDFA_NAP_model,0.5,64,TRUE,32,10,9,FALSE,FALSE,0.915498247,0.988656593,0.94724909,0.915498247,4.444169562
108,TRUE,0.95,SDFA_NAP_model,0.1,16,TRUE,64,10,9,FALSE,FALSE,0.913870806,0.987029069,0.94549455,0.913870806,4.42883688
108,TRUE,0.95,SDFA_NAP_model,0.2,16,TRUE,64,10,9,FALSE,FALSE,0.906985478,0.979772859,0.938549061,0.906985478,4.440136312
108,TRUE,0.95,SDFA_NAP_model,0.5,16,TRUE,64,10,9,FALSE,FALSE,0.728843265,0.986614999,0.821428418,0.728843265,4.4342632
108,TRUE,0.95,SDFA_NAP_model,0.1,32,TRUE,64,10,9,FALSE,FALSE,0.915873811,0.989014782,0.947647298,0.915873811,4.43864657
108,TRUE,0.95,SDFA_NAP_model,0.2,32,TRUE,64,10,9,FALSE,FALSE,0.915247872,0.988447382,0.947056513,0.915247872,4.428968183
108,TRUE,0.95,SDFA_NAP_model,0.5,32,TRUE,64,10,9,FALSE,FALSE,0.907235854,0.979904836,0.938845153,0.907235854,4.451573627
108,TRUE,0.95,SDFA_NAP_model,0.1,64,TRUE,64,10,9,FALSE,FALSE,0.916875313,0.990113636,0.948757053,0.916875313,4.454223451
108,TRUE,0.95,SDFA_NAP_model,0.2,64,TRUE,64,10,9,FALSE,FALSE,0.915873811,0.989013679,0.947713345,0.915873811,4.446944755
108,TRUE,0.95,SDFA_NAP_model,0.5,64,TRUE,64,10,9,FALSE,FALSE,0.915998998,0.989147517,0.947850217,0.915998998,4.467039759
108,TRUE,0.95,SDFA_NAP_model,0.1,16,TRUE,128,10,9,FALSE,FALSE,0.914371557,0.987613557,0.946192727,0.914371557,4.440392768
108,TRUE,0.95,SDFA_NAP_model,0.2,16,TRUE,128,10,9,FALSE,FALSE,0.906359539,0.979056217,0.937928356,0.906359539,4.435202472
108,TRUE,0.95,SDFA_NAP_model,0.5,16,TRUE,128,10,9,FALSE,FALSE,0.884702053,0.978807961,0.922267806,0.884702053,4.457133099
108,TRUE,0.95,SDFA_NAP_model,0.1,32,TRUE,128,10,9,FALSE,FALSE,0.915623435,0.988736792,0.947482212,0.915623435,4.441792027
108,TRUE,0.95,SDFA_NAP_model,0.2,32,TRUE,128,10,9,FALSE,FALSE,0.915998998,0.989147837,0.947854193,0.915998998,4.46238769
108,TRUE,0.95,SDFA_NAP_model,0.5,32,TRUE,128,10,9,FALSE,FALSE,0.913870806,0.987084791,0.94543804,0.913870806,4.451751938
108,TRUE,0.95,SDFA_NAP_model,0.1,64,TRUE,128,10,9,FALSE,FALSE,0.916124186,0.989353859,0.947966634,0.916124186,4.440975863
108,TRUE,0.95,SDFA_NAP_model,0.2,64,TRUE,128,10,9,FALSE,FALSE,0.915873811,0.989014786,0.947752013,0.915873811,4.434790682
108,TRUE,0.95,SDFA_NAP_model,0.5,64,TRUE,128,10,9,FALSE,FALSE,0.914997496,0.988062939,0.946810244,0.914997496,4.429649082
16,FALSE,0.95,NAP_model,0,16,FALSE,32,10,9,FALSE,FALSE,0.905858788,0.978499892,0.937204887,0.905858788,4.217616248
16,FALSE,0.95,NAP_model,0,32,FALSE,32,10,9,FALSE,FALSE,0.916124186,0.989269892,0.947910624,0.916124186,4.227001859
16,FALSE,0.95,NAP_model,0,64,FALSE,32,10,9,FALSE,FALSE,0.915873811,0.989014785,0.947734777,0.915873811,4.215400426
16,FALSE,0.95,SDFA_NAP_model,0.1,16,TRUE,32,10,9,FALSE,FALSE,0.912618928,0.98572463,0.944099338,0.912618928,4.418793007
16,FALSE,0.95,SDFA_NAP_model,0.2,16,TRUE,32,10,9,FALSE,FALSE,0.905483225,0.978086831,0.937072612,0.905483225,4.420795211
16,FALSE,0.95,SDFA_NAP_model,0.5,16,TRUE,32,10,9,FALSE,FALSE,0.886204306,0.978455326,0.927034421,0.886204306,4.432328924
16,FALSE,0.95,SDFA_NAP_model,0.1,32,TRUE,32,10,9,FALSE,FALSE,0.915873811,0.989014782,0.947647298,0.915873811,4.430766541
16,FALSE,0.95,SDFA_NAP_model,0.2,32,TRUE,32,10,9,FALSE,FALSE,0.915498247,0.9886577,0.94726984,0.915498247,4.415471343
16,FALSE,0.95,SDFA_NAP_model,0.5,32,TRUE,32,10,9,FALSE,FALSE,0.905483225,0.978080649,0.93673944,0.905483225,4.435597785
16,FALSE,0.95,SDFA_NAP_model,0.1,64,TRUE,32,10,9,FALSE,FALSE,0.915873811,0.989014785,0.947734777,0.915873811,4.436456231
16,FALSE,0.95,SDFA_NAP_model,0.2,64,TRUE,32,10,9,FALSE,FALSE,0.916124186,0.989354965,0.947988065,0.916124186,4.431110726
16,FALSE,0.95,SDFA_NAP_model,0.5,64,TRUE,32,10,9,FALSE,FALSE,0.915498247,0.9886577,0.94726984,0.915498247,4.418433758
16,TRUE,0.95,SDFA_NAP_model,0.1,16,TRUE,16,10,9,FALSE,FALSE,0.914621933,0.987945691,0.946547825,0.914621933,4.435306814
16,TRUE,0.95,SDFA_NAP_model,0.2,16,TRUE,16,10,9,FALSE,FALSE,0.904857286,0.977463329,0.936034888,0.904857286,4.429463356
16,TRUE,0.95,SDFA_NAP_model,0.5,16,TRUE,16,10,9,FALSE,FALSE,0.888332499,0.979857613,0.929088658,0.888332499,4.446987252
16,TRUE,0.95,SDFA_NAP_model,0.1,32,TRUE,16,10,9,FALSE,FALSE,0.914872308,0.987929468,0.946614897,0.914872308,4.439937012
16,TRUE,0.95,SDFA_NAP_model,0.2,32,TRUE,16,10,9,FALSE,FALSE,0.915873811,0.989013679,0.947696023,0.915873811,4.449337315
16,TRUE,0.95,SDFA_NAP_model,0.5,32,TRUE,16,10,9,FALSE,FALSE,0.906735103,0.979462658,0.938339345,0.906735103,4.430903644
16,TRUE,0.95,SDFA_NAP_model,0.1,64,TRUE,16,10,9,FALSE,FALSE,0.915873811,0.989013676,0.947625867,0.915873811,4.463882001
16,TRUE,0.95,SDFA_NAP_model,0.2,64,TRUE,16,10,9,FALSE,FALSE,0.915873811,0.989013679,0.947713345,0.915873811,4.4396017
16,TRUE,0.95,SDFA_NAP_model,0.5,64,TRUE,16,10,9,FALSE,FALSE,0.915623435,0.988791588,0.947494215,0.915623435,4.45249571
16,TRUE,0.95,SDFA_NAP_model,0.1,16,TRUE,32,10,9,FALSE,FALSE,0.906735103,0.979477609,0.938372416,0.906735103,4.430189068
16,TRUE,0.95,SDFA_NAP_model,0.2,16,TRUE,32,10,9,FALSE,FALSE,0.905232849,0.977870726,0.93648799,0.905232849,4.435065299
16,TRUE,0.95,SDFA_NAP_model,0.5,16,TRUE,32,10,9,FALSE,FALSE,0.885703555,0.977976895,0.923905894,0.885703555,4.427797319
16,TRUE,0.95,SDFA_NAP_model,0.1,32,TRUE,32,10,9,FALSE,FALSE,0.915998998,0.989147838,0.947871515,0.915998998,4.444057053
16,TRUE,0.95,SDFA_NAP_model,0.2,32,TRUE,32,10,9,FALSE,FALSE,0.914872308,0.988049439,0.946567258,0.914872308,4.437696219
16,TRUE,0.95,SDFA_NAP_model,0.5,32,TRUE,32,10,9,FALSE,FALSE,0.914371557,0.987613455,0.946035984,0.914371557,4.427035971
16,TRUE,0.95,SDFA_NAP_model,0.1,64,TRUE,32,10,9,FALSE,FALSE,0.916750125,0.989903875,0.948650577,0.916750125,4.442281262
16,TRUE,0.95,SDFA_NAP_model,0.2,64,TRUE,32,10,9,FALSE,FALSE,0.915873811,0.989013679,0.947713345,0.915873811,4.458694015
16,TRUE,0.95,SDFA_NAP_model,0.5,64,TRUE,32,10,9,FALSE,FALSE,0.915498247,0.988657703,0.947357318,0.915498247,4.426032406
16,TRUE,0.95,SDFA_NAP_model,0.1,16,TRUE,64,10,9,FALSE,FALSE,0.914371557,0.98774958,0.946051015,0.914371557,4.434462906
16,TRUE,0.95,SDFA_NAP_model,0.2,16,TRUE,64,10,9,FALSE,FALSE,0.905983976,0.97863333,0.937312831,0.905983976,4.42898494
16,TRUE,0.95,SDFA_NAP_model,0.5,16,TRUE,64,10,9,FALSE,FALSE,0.731221833,0.987570449,0.825834368,0.731221833,4.43720934
16,TRUE,0.95,SDFA_NAP_model,0.1,32,TRUE,64,10,9,FALSE,FALSE,0.915623435,0.988790404,0.947469167,0.915623435,4.439365451
16,TRUE,0.95,SDFA_NAP_model,0.2,32,TRUE,64,10,9,FALSE,FALSE,0.907611417,0.980241033,0.939172848,0.907611417,4.452270499
16,TRUE,0.95,SDFA_NAP_model,0.5,32,TRUE,64,10,9,FALSE,FALSE,0.906735103,0.979470458,0.938372029,0.906735103,4.434638205
16,TRUE,0.95,SDFA_NAP_model,0.1,64,TRUE,64,10,9,FALSE,FALSE,0.916750125,0.989903659,0.948636294,0.916750125,4.441547406
16,TRUE,0.95,SDFA_NAP_model,0.2,64,TRUE,64,10,9,FALSE,FALSE,0.916624937,0.989771422,0.948503581,0.916624937,4.433839842
16,TRUE,0.95,SDFA_NAP_model,0.5,64,TRUE,64,10,9,FALSE,FALSE,0.915998998,0.989147514,0.947780062,0.915998998,4.443591556
16,TRUE,0.95,SDFA_NAP_model,0.1,16,TRUE,128,10,9,FALSE,FALSE,0.906109164,0.978804102,0.937489182,0.906109164,4.448440026
16,TRUE,0.95,SDFA_NAP_model,0.2,16,TRUE,128,10,9,FALSE,FALSE,0.905608413,0.978367881,0.936837542,0.905608413,4.427225389
16,TRUE,0.95,SDFA_NAP_model,0.5,16,TRUE,128,10,9,FALSE,FALSE,0.886329494,0.977620877,0.925976206,0.886329494,4.445244396
16,TRUE,0.95,SDFA_NAP_model,0.1,32,TRUE,128,10,9,FALSE,FALSE,0.907235854,0.979829087,0.93881013,0.907235854,4.447409584
16,TRUE,0.95,SDFA_NAP_model,0.2,32,TRUE,128,10,9,FALSE,FALSE,0.915873811,0.989013679,0.947713345,0.915873811,4.426198079
16,TRUE,0.95,SDFA_NAP_model,0.5,32,TRUE,128,10,9,FALSE,FALSE,0.914371557,0.987613555,0.946176092,0.914371557,4.45122944
16,TRUE,0.95,SDFA_NAP_model,0.1,64,TRUE,128,10,9,FALSE,FALSE,0.91649975,0.989641219,0.948371007,0.91649975,4.436735584
16,TRUE,0.95,SDFA_NAP_model,0.2,64,TRUE,128,10,9,FALSE,FALSE,0.915873811,0.989013679,0.947713345,0.915873811,4.446339895
16,TRUE,0.95,SDFA_NAP_model,0.5,64,TRUE,128,10,9,FALSE,FALSE,0.90798698,0.980604972,0.939647815,0.90798698,4.422169248
1089,FALSE,0.95,NAP_model,0,16,FALSE,32,10,9,FALSE,FALSE,0.905358037,0.9779728,0.93657726,0.905358037,4.206051166
1089,FALSE,0.95,NAP_model,0,32,FALSE,32,10,9,FALSE,FALSE,0.908738107,0.981360793,0.940430953,0.908738107,4.206686264
1089,FALSE,0.95,NAP_model,0,64,FALSE,32,10,9,FALSE,FALSE,0.917125689,0.989642297,0.948684919,0.917125689,4.236265931
1089,FALSE,0.95,SDFA_NAP_model,0.1,16,TRUE,32,10,9,FALSE,FALSE,0.913495243,0.986693458,0.944960568,0.913495243,4.422445215
1089,FALSE,0.95,SDFA_NAP_model,0.2,16,TRUE,32,10,9,FALSE,FALSE,0.888708062,0.981276759,0.928681665,0.888708062,4.414819564
1089,FALSE,0.95,SDFA_NAP_model,0.5,16,TRUE,32,10,9,FALSE,FALSE,0.730846269,0.988845885,0.824260947,0.730846269,4.403674492
1089,FALSE,0.95,SDFA_NAP_model,0.1,32,TRUE,32,10,9,FALSE,FALSE,0.914872308,0.988049437,0.946513628,0.914872308,4.430207688
1089,FALSE,0.95,SDFA_NAP_model,0.2,32,TRUE,32,10,9,FALSE,FALSE,0.907110666,0.979690107,0.93867342,0.907110666,4.390084907
1089,FALSE,0.95,SDFA_NAP_model,0.5,32,TRUE,32,10,9,FALSE,FALSE,0.906735103,0.97947609,0.938208174,0.906735103,4.445823659
1089,FALSE,0.95,SDFA_NAP_model,0.1,64,TRUE,32,10,9,FALSE,FALSE,0.915998998,0.989147518,0.94786754,0.915998998,4.439904651
1089,FALSE,0.95,SDFA_NAP_model,0.2,64,TRUE,32,10,9,FALSE,FALSE,0.915873811,0.989014785,0.947734777,0.915873811,4.442430428
1089,FALSE,0.95,SDFA_NAP_model,0.5,64,TRUE,32,10,9,FALSE,FALSE,0.915998998,0.989147514,0.947780062,0.915998998,4.425116556
1089,TRUE,0.95,SDFA_NAP_model,0.1,16,TRUE,16,10,9,FALSE,FALSE,0.888082123,0.979636047,0.927848661,0.888082123,4.444806305
1089,TRUE,0.95,SDFA_NAP_model,0.2,16,TRUE,16,10,9,FALSE,FALSE,0.906359539,0.97904936,0.937910738,0.906359539,4.421696517
1089,TRUE,0.95,SDFA_NAP_model,0.5,16,TRUE,16,10,9,FALSE,FALSE,0.887456184,0.979944473,0.925694382,0.887456184,4.441929235
1089,TRUE,0.95,SDFA_NAP_model,0.1,32,TRUE,16,10,9,FALSE,FALSE,0.915498247,0.988656244,0.947276241,0.915498247,4.439142137
1089,TRUE,0.95,SDFA_NAP_model,0.2,32,TRUE,16,10,9,FALSE,FALSE,0.907611417,0.98025555,0.939185251,0.907611417,4.41150732
1089,TRUE,0.95,SDFA_NAP_model,0.5,32,TRUE,16,10,9,FALSE,FALSE,0.907235854,0.979822314,0.938815527,0.907235854,4.4252819
1089,TRUE,0.95,SDFA_NAP_model,0.1,64,TRUE,16,10,9,FALSE,FALSE,0.915498247,0.988604653,0.947349593,0.915498247,4.449841832
1089,TRUE,0.95,SDFA_NAP_model,0.2,64,TRUE,16,10,9,FALSE,FALSE,0.915748623,0.988991057,0.947607939,0.915748623,4.433890087
1089,TRUE,0.95,SDFA_NAP_model,0.5,64,TRUE,16,10,9,FALSE,FALSE,0.906234352,0.979888341,0.936802995,0.906234352,4.440102789
1089,TRUE,0.95,SDFA_NAP_model,0.1,16,TRUE,32,10,9,FALSE,FALSE,0.915247872,0.98871355,0.946993664,0.915247872,4.437472217
1089,TRUE,0.95,SDFA_NAP_model,0.2,16,TRUE,32,10,9,FALSE,FALSE,0.906735103,0.979468943,0.938296122,0.906735103,4.41997046
1089,TRUE,0.95,SDFA_NAP_model,0.5,16,TRUE,32,10,9,FALSE,FALSE,0.888332499,0.9808168,0.928354367,0.888332499,4.449414837
1089,TRUE,0.95,SDFA_NAP_model,0.1,32,TRUE,32,10,9,FALSE,FALSE,0.915998998,0.989147518,0.94786754,0.915998998,4.435086095
1089,TRUE,0.95,SDFA_NAP_model,0.2,32,TRUE,32,10,9,FALSE,FALSE,0.907235854,0.979904835,0.938810224,0.907235854,4.429191311
1089,TRUE,0.95,SDFA_NAP_model,0.5,32,TRUE,32,10,9,FALSE,FALSE,0.90686029,0.979485813,0.938293496,0.90686029,4.434858363
1089,TRUE,0.95,SDFA_NAP_model,0.1,64,TRUE,32,10,9,FALSE,FALSE,0.916249374,0.989487697,0.948120829,0.916249374,4.422711886
1089,TRUE,0.95,SDFA_NAP_model,0.2,64,TRUE,32,10,9,FALSE,FALSE,0.915498247,0.988605031,0.947328182,0.915498247,4.428882945
1089,TRUE,0.95,SDFA_NAP_model,0.5,64,TRUE,32,10,9,FALSE,FALSE,0.915498247,0.988657702,0.947339995,0.915498247,4.434451341
1089,TRUE,0.95,SDFA_NAP_model,0.1,16,TRUE,64,10,9,FALSE,FALSE,0.906234352,0.97892326,0.937649401,0.906234352,4.424370283
1089,TRUE,0.95,SDFA_NAP_model,0.2,16,TRUE,64,10,9,FALSE,FALSE,0.914747121,0.988012671,0.946496936,0.914747121,4.415924148
1089,TRUE,0.95,SDFA_NAP_model,0.5,16,TRUE,64,10,9,FALSE,FALSE,0.739609414,0.998261444,0.834825101,0.739609414,4.436055316
1089,TRUE,0.95,SDFA_NAP_model,0.1,32,TRUE,64,10,9,FALSE,FALSE,0.915498247,0.988582362,0.947316872,0.915498247,4.449051789
1089,TRUE,0.95,SDFA_NAP_model,0.2,32,TRUE,64,10,9,FALSE,FALSE,0.91424637,0.987560936,0.945890844,0.91424637,4.433598003
1089,TRUE,0.95,SDFA_NAP_model,0.5,32,TRUE,64,10,9,FALSE,FALSE,0.907611417,0.980240384,0.93913927,0.907611417,4.446921771
1089,TRUE,0.95,SDFA_NAP_model,0.1,64,TRUE,64,10,9,FALSE,FALSE,0.916750125,0.989903659,0.948636294,0.916750125,4.439761301
1089,TRUE,0.95,SDFA_NAP_model,0.2,64,TRUE,64,10,9,FALSE,FALSE,0.915873811,0.988995763,0.947682833,0.915873811,4.44282856
1089,TRUE,0.95,SDFA_NAP_model,0.5,64,TRUE,64,10,9,FALSE,FALSE,0.915873811,0.989014786,0.947752013,0.915873811,4.45210596
1089,TRUE,0.95,SDFA_NAP_model,0.1,16,TRUE,128,10,9,FALSE,FALSE,0.912994492,0.98619376,0.94440917,0.912994492,4.440191758
1089,TRUE,0.95,SDFA_NAP_model,0.2,16,TRUE,128,10,9,FALSE,FALSE,0.914371557,0.987613222,0.946021254,0.914371557,4.422491082
1089,TRUE,0.95,SDFA_NAP_model,0.5,16,TRUE,128,10,9,FALSE,FALSE,0.731972959,0.990324306,0.819305592,0.731972959,4.442080314
1089,TRUE,0.95,SDFA_NAP_model,0.1,32,TRUE,128,10,9,FALSE,FALSE,0.915998998,0.989147734,0.947881595,0.915998998,4.433495195
1089,TRUE,0.95,SDFA_NAP_model,0.2,32,TRUE,128,10,9,FALSE,FALSE,0.915998998,0.989147834,0.947784037,0.915998998,4.428117418
1089,TRUE,0.95,SDFA_NAP_model,0.5,32,TRUE,128,10,9,FALSE,FALSE,0.90686029,0.97949267,0.938383244,0.90686029,4.460337679
1089,TRUE,0.95,SDFA_NAP_model,0.1,64,TRUE,128,10,9,FALSE,FALSE,0.91649975,0.989641215,0.948283529,0.91649975,4.443577587
1089,TRUE,0.95,SDFA_NAP_model,0.2,64,TRUE,128,10,9,FALSE,FALSE,0.915998998,0.989147518,0.94786754,0.915998998,4.45659384
1089,TRUE,0.95,SDFA_NAP_model,0.5,64,TRUE,128,10,9,FALSE,FALSE,0.915122684,0.988314705,0.946983197,0.915122684,4.444075764
56,TRUE,0.95,SDFA_NAP_model,0,16,TRUE,32,10,9,FALSE,TRUE,0.915873811,0.989014785,0.947734777,0.915873811,8.233907691
56,TRUE,0.95,SDFA_NAP_model,0,16,TRUE,64,10,9,FALSE,TRUE,0.917000501,0.990282326,0.948874476,0.917000501,5.75842398
56,TRUE,0.95,SDFA_NAP_model,0,16,TRUE,128,10,9,FALSE,TRUE,0.917000501,0.990282326,0.948874476,0.917000501,4.580900218
56,FALSE,0.95,SDFA_NAP_model,0,16,TRUE,128,10,9,FALSE,TRUE,0.917125689,0.990414243,0.949007268,0.917125689,4.557774572
56,TRUE,0.95,SDFA_NAP_model,0.2,16,TRUE,32,10,9,FALSE,TRUE,0.917751627,0.990415321,0.94932118,0.917751627,8.220625986
56,TRUE,0.95,SDFA_NAP_model,0.2,16,TRUE,64,10,9,FALSE,TRUE,0.91762644,0.990283404,0.949188388,0.91762644,5.815229749
56,TRUE,0.95,SDFA_NAP_model,0.2,16,TRUE,128,10,9,FALSE,TRUE,0.917751627,0.990415321,0.94932118,0.917751627,4.603522225
56,FALSE,0.95,SDFA_NAP_model,0.2,16,TRUE,128,10,9,FALSE,TRUE,0.917751627,0.990415321,0.94932118,0.917751627,4.565961109
56,TRUE,0.95,SDFA_NAP_model,0.5,16,TRUE,32,10,9,FALSE,TRUE,0.917751627,0.990415321,0.94932118,0.917751627,8.246711581
56,TRUE,0.95,SDFA_NAP_model,0.5,16,TRUE,64,10,9,FALSE,TRUE,0.760015023,0.997815377,0.841501901,0.760015023,5.759430933
56,TRUE,0.95,SDFA_NAP_model,0.5,16,TRUE,128,10,9,FALSE,TRUE,0.760265398,0.997572163,0.841594451,0.760265398,4.577011525
56,FALSE,0.95,SDFA_NAP_model,0.5,16,TRUE,128,10,9,FALSE,TRUE,0.759639459,0.997338912,0.841096429,0.759639459,4.531908649
56,TRUE,0.95,SDFA_NAP_model,0,32,TRUE,32,10,9,FALSE,TRUE,0.91762644,0.990283404,0.949188388,0.91762644,8.209067485
56,TRUE,0.95,SDFA_NAP_model,0,32,TRUE,64,10,9,FALSE,TRUE,0.91762644,0.990283404,0.949188388,0.91762644,5.771096619
56,TRUE,0.95,SDFA_NAP_model,0,32,TRUE,128,10,9,FALSE,TRUE,0.91762644,0.990281839,0.949194235,0.91762644,4.56305558
56,FALSE,0.95,SDFA_NAP_model,0,32,TRUE,128,10,9,FALSE,TRUE,0.91762644,0.990281839,0.949194235,0.91762644,4.553649364
56,TRUE,0.95,SDFA_NAP_model,0.2,32,TRUE,32,10,9,FALSE,TRUE,0.91762644,0.990283404,0.949198333,0.91762644,8.193896159
56,TRUE,0.95,SDFA_NAP_model,0.2,32,TRUE,64,10,9,FALSE,TRUE,0.91762644,0.990283404,0.949198333,0.91762644,5.801737011
56,TRUE,0.95,SDFA_NAP_model,0.2,32,TRUE,128,10,9,FALSE,TRUE,0.917751627,0.990409374,0.949330575,0.917751627,4.564260484
56,FALSE,0.95,SDFA_NAP_model,0.2,32,TRUE,128,10,9,FALSE,TRUE,0.917751627,0.990409374,0.949320586,0.917751627,4.546839476
56,TRUE,0.95,SDFA_NAP_model,0.5,32,TRUE,32,10,9,FALSE,TRUE,0.917751627,0.990409374,0.949330575,0.917751627,8.216943443
56,TRUE,0.95,SDFA_NAP_model,0.5,32,TRUE,64,10,9,FALSE,TRUE,0.917751627,0.990409374,0.949320586,0.917751627,5.820437715
56,TRUE,0.95,SDFA_NAP_model,0.5,32,TRUE,128,10,9,FALSE,TRUE,0.917751627,0.990409374,0.949320586,0.917751627,4.562948531
56,FALSE,0.95,SDFA_NAP_model,0.5,32,TRUE,128,10,9,FALSE,TRUE,0.917751627,0.990409374,0.949320586,0.917751627,4.555956776
56,TRUE,0.95,SDFA_NAP_model,0,64,TRUE,32,10,9,FALSE,TRUE,0.91762644,0.990283404,0.949188388,0.91762644,8.213892283
56,TRUE,0.95,SDFA_NAP_model,0,64,TRUE,64,10,9,FALSE,TRUE,0.917125689,0.990182391,0.948853908,0.917125689,5.778941748
56,TRUE,0.95,SDFA_NAP_model,0,64,TRUE,128,10,9,FALSE,TRUE,0.917125689,0.990182391,0.948853908,0.917125689,4.579600768
56,FALSE,0.95,SDFA_NAP_model,0,64,TRUE,128,10,9,FALSE,TRUE,0.917250876,0.990307579,0.948991916,0.917250876,4.543874972
56,TRUE,0.95,SDFA_NAP_model,0.2,64,TRUE,32,10,9,FALSE,TRUE,0.917125689,0.990182391,0.948853908,0.917125689,8.214338616
56,TRUE,0.95,SDFA_NAP_model,0.2,64,TRUE,64,10,9,FALSE,TRUE,0.91762644,0.990033028,0.949078324,0.91762644,5.807811422
56,TRUE,0.95,SDFA_NAP_model,0.2,64,TRUE,128,10,9,FALSE,TRUE,0.91762644,0.990033028,0.949078324,0.91762644,4.580477451
56,FALSE,0.95,SDFA_NAP_model,0.2,64,TRUE,128,10,9,FALSE,TRUE,0.910115173,0.972833294,0.937087787,0.910115173,4.5811399
56,TRUE,0.95,SDFA_NAP_model,0.5,64,TRUE,32,10,9,FALSE,TRUE,0.917125689,0.990051454,0.948798352,0.917125689,8.179908412
56,TRUE,0.95,SDFA_NAP_model,0.5,64,TRUE,64,10,9,FALSE,TRUE,0.910115173,0.972833294,0.937087787,0.910115173,5.782025877
56,TRUE,0.95,SDFA_NAP_model,0.5,64,TRUE,128,10,9,FALSE,TRUE,0.910115173,0.972833294,0.937087787,0.910115173,4.559189864
56,FALSE,0.95,SDFA_NAP_model,0.5,64,TRUE,128,10,9,FALSE,TRUE,0.910115173,0.972840125,0.937077685,0.910115173,4.542499028
56,FALSE,0.95,NAP_model,0,16,FALSE,128,10,9,TRUE,FALSE,0.905358037,0.977604266,0.936812203,0.905358037,15.62075197
56,FALSE,0.95,NAP_model,0,32,FALSE,128,10,9,TRUE,FALSE,0.91649975,0.98964122,0.948388243,0.91649975,15.62742184
56,FALSE,0.95,NAP_model,0,64,FALSE,128,10,9,TRUE,FALSE,0.916124186,0.989260311,0.947927891,0.916124186,15.69867398
8,TRUE,0.95,SDFA_NAP_model,0,16,TRUE,32,10,9,FALSE,TRUE,0.915623435,0.988790733,0.947507321,0.915623435,8.164381197
8,TRUE,0.95,SDFA_NAP_model,0,16,TRUE,64,10,9,FALSE,TRUE,0.916750125,0.989942147,0.948638424,0.916750125,5.744684408
8,TRUE,0.95,SDFA_NAP_model,0,16,TRUE,128,10,9,FALSE,TRUE,0.917000501,0.99028211,0.948891701,0.917000501,4.593860685
8,FALSE,0.95,SDFA_NAP_model,0,16,TRUE,128,10,9,FALSE,TRUE,0.917125689,0.99018061,0.948877032,0.917125689,4.553328671
8,TRUE,0.95,SDFA_NAP_model,0.2,16,TRUE,32,10,9,FALSE,TRUE,0.917876815,0.990541076,0.94947502,0.917876815,8.196142842
8,TRUE,0.95,SDFA_NAP_model,0.2,16,TRUE,64,10,9,FALSE,TRUE,0.917751627,0.990415105,0.94934291,0.917751627,5.809335007
8,TRUE,0.95,SDFA_NAP_model,0.2,16,TRUE,128,10,9,FALSE,TRUE,0.917876815,0.990541076,0.94947502,0.917876815,4.570226445
8,FALSE,0.95,SDFA_NAP_model,0.2,16,TRUE,128,10,9,FALSE,TRUE,0.917876815,0.990541076,0.94947502,0.917876815,4.589241377
8,TRUE,0.95,SDFA_NAP_model,0.5,16,TRUE,32,10,9,FALSE,TRUE,0.917250876,0.990314093,0.949008215,0.917250876,8.196377433
8,TRUE,0.95,SDFA_NAP_model,0.5,16,TRUE,64,10,9,FALSE,TRUE,0.917376064,0.990440063,0.949140325,0.917376064,5.814216576
8,TRUE,0.95,SDFA_NAP_model,0.5,16,TRUE,128,10,9,FALSE,TRUE,0.917751627,0.990415105,0.94934291,0.917751627,4.589836654
8,FALSE,0.95,SDFA_NAP_model,0.5,16,TRUE,128,10,9,FALSE,TRUE,0.917876815,0.990541076,0.94947502,0.917876815,4.55036511
8,TRUE,0.95,SDFA_NAP_model,0,32,TRUE,32,10,9,FALSE,TRUE,0.91649975,0.989641219,0.948371007,0.91649975,8.24872572
8,TRUE,0.95,SDFA_NAP_model,0,32,TRUE,64,10,9,FALSE,TRUE,0.91762644,0.990283404,0.949188388,0.91762644,5.799961265
8,TRUE,0.95,SDFA_NAP_model,0,32,TRUE,128,10,9,FALSE,TRUE,0.917751627,0.990408592,0.949326396,0.917751627,4.574076802
8,FALSE,0.95,SDFA_NAP_model,0,32,TRUE,128,10,9,FALSE,TRUE,0.917751627,0.990408592,0.949326396,0.917751627,4.599975139
8,TRUE,0.95,SDFA_NAP_model,0.2,32,TRUE,32,10,9,FALSE,TRUE,0.917751627,0.990409374,0.949320586,0.917751627,8.235184242
8,TRUE,0.95,SDFA_NAP_model,0.2,32,TRUE,64,10,9,FALSE,TRUE,0.917751627,0.990409374,0.949320586,0.917751627,5.787398069
8,TRUE,0.95,SDFA_NAP_model,0.2,32,TRUE,128,10,9,FALSE,TRUE,0.917000501,0.990011987,0.948740972,0.917000501,4.581683967
8,FALSE,0.95,SDFA_NAP_model,0.2,32,TRUE,128,10,9,FALSE,TRUE,0.917000501,0.990011987,0.948740972,0.917000501,4.553837616
8,TRUE,0.95,SDFA_NAP_model,0.5,32,TRUE,32,10,9,FALSE,TRUE,0.917376064,0.990440278,0.949118853,0.917376064,8.230634488
8,TRUE,0.95,SDFA_NAP_model,0.5,32,TRUE,64,10,9,FALSE,TRUE,0.916750125,0.989007355,0.948124914,0.916750125,5.799907853
8,TRUE,0.95,SDFA_NAP_model,0.5,32,TRUE,128,10,9,FALSE,TRUE,0.909989985,0.972360348,0.936809947,0.909989985,4.573356443
8,FALSE,0.95,SDFA_NAP_model,0.5,32,TRUE,128,10,9,FALSE,TRUE,0.909864797,0.972228629,0.936667181,0.909864797,4.585392461
8,TRUE,0.95,SDFA_NAP_model,0,64,TRUE,32,10,9,FALSE,TRUE,0.91762644,0.990283404,0.949188388,0.91762644,8.237153448
8,TRUE,0.95,SDFA_NAP_model,0,64,TRUE,64,10,9,FALSE,TRUE,0.917125689,0.990182391,0.948853908,0.917125689,5.785943482
8,TRUE,0.95,SDFA_NAP_model,0,64,TRUE,128,10,9,FALSE,TRUE,0.917125689,0.990055638,0.948804701,0.917125689,4.595813849
8,FALSE,0.95,SDFA_NAP_model,0,64,TRUE,128,10,9,FALSE,TRUE,0.917125689,0.990055638,0.948804701,0.917125689,4.551206413
8,TRUE,0.95,SDFA_NAP_model,0.2,64,TRUE,32,10,9,FALSE,TRUE,0.917125689,0.990057203,0.948798898,0.917125689,8.238670553
8,TRUE,0.95,SDFA_NAP_model,0.2,64,TRUE,64,10,9,FALSE,TRUE,0.91762644,0.990158216,0.949133378,0.91762644,5.793754445
8,TRUE,0.95,SDFA_NAP_model,0.2,64,TRUE,128,10,9,FALSE,TRUE,0.909489234,0.972526604,0.93664404,0.909489234,4.55107212
8,FALSE,0.95,SDFA_NAP_model,0.2,64,TRUE,128,10,9,FALSE,TRUE,0.909113671,0.971668041,0.936049998,0.909113671,4.576063941
8,TRUE,0.95,SDFA_NAP_model,0.5,64,TRUE,32,10,9,FALSE,TRUE,0.909864797,0.973238212,0.937126407,0.909864797,8.238597226
8,TRUE,0.95,SDFA_NAP_model,0.5,64,TRUE,64,10,9,FALSE,TRUE,0.909739609,0.972870831,0.93688597,0.909739609,5.762146642
8,TRUE,0.95,SDFA_NAP_model,0.5,64,TRUE,128,10,9,FALSE,TRUE,0.910240361,0.972971844,0.93722045,0.910240361,4.547054423
8,FALSE,0.95,SDFA_NAP_model,0.5,64,TRUE,128,10,9,FALSE,TRUE,0.910240361,0.972971844,0.93722045,0.910240361,4.563841204
8,FALSE,0.95,NAP_model,0,16,FALSE,128,10,9,TRUE,FALSE,0.89672008,0.989903659,0.937484927,0.89672008,15.73348333
8,FALSE,0.95,NAP_model,0,32,FALSE,128,10,9,TRUE,FALSE,0.915623435,0.988790732,0.947490085,0.915623435,15.69748179
8,FALSE,0.95,NAP_model,0,64,FALSE,128,10,9,TRUE,FALSE,0.916124186,0.989260313,0.947962647,0.916124186,15.72398681
15,TRUE,0.95,SDFA_NAP_model,0,16,TRUE,32,10,9,FALSE,TRUE,0.916374562,0.989432754,0.948241287,0.916374562,8.187184264
15,TRUE,0.95,SDFA_NAP_model,0,16,TRUE,64,10,9,FALSE,TRUE,0.916875313,0.990111601,0.94875687,0.916875313,5.756020125
15,TRUE,0.95,SDFA_NAP_model,0,16,TRUE,128,10,9,FALSE,TRUE,0.917250876,0.990308361,0.948986105,0.917250876,4.569418291
15,FALSE,0.95,SDFA_NAP_model,0,16,TRUE,128,10,9,FALSE,TRUE,0.917250876,0.990308361,0.948986105,0.917250876,4.558302335
15,TRUE,0.95,SDFA_NAP_model,0.2,16,TRUE,32,10,9,FALSE,TRUE,0.91762644,0.990244917,0.949203494,0.91762644,8.172350206
15,TRUE,0.95,SDFA_NAP_model,0.2,16,TRUE,64,10,9,FALSE,TRUE,0.917501252,0.990112901,0.949074982,0.917501252,5.755134806
15,TRUE,0.95,SDFA_NAP_model,0.2,16,TRUE,128,10,9,FALSE,TRUE,0.917501252,0.990112679,0.949070781,0.917501252,4.574523467
15,FALSE,0.95,SDFA_NAP_model,0.2,16,TRUE,128,10,9,FALSE,TRUE,0.779043565,0.982015175,0.833261314,0.779043565,4.557526727
15,TRUE,0.95,SDFA_NAP_model,0.5,16,TRUE,32,10,9,FALSE,TRUE,0.917501252,0.990112901,0.949074982,0.917501252,8.234628907
15,TRUE,0.95,SDFA_NAP_model,0.5,16,TRUE,64,10,9,FALSE,TRUE,0.779043565,0.982015175,0.833261314,0.779043565,5.790370884
15,TRUE,0.95,SDFA_NAP_model,0.5,16,TRUE,128,10,9,FALSE,TRUE,0.779043565,0.982133434,0.833308468,0.779043565,4.559875965
15,FALSE,0.95,SDFA_NAP_model,0.5,16,TRUE,128,10,9,FALSE,TRUE,0.779043565,0.982133434,0.833308468,0.779043565,4.532033741
15,TRUE,0.95,SDFA_NAP_model,0,32,TRUE,32,10,9,FALSE,TRUE,0.917000501,0.990282326,0.948874476,0.917000501,8.227532298
15,TRUE,0.95,SDFA_NAP_model,0,32,TRUE,64,10,9,FALSE,TRUE,0.917751627,0.990409374,0.949320586,0.917751627,5.767367712
15,TRUE,0.95,SDFA_NAP_model,0,32,TRUE,128,10,9,FALSE,TRUE,0.917250876,0.990307579,0.948991916,0.917250876,4.573908236
15,FALSE,0.95,SDFA_NAP_model,0,32,TRUE,128,10,9,FALSE,TRUE,0.917250876,0.990307579,0.948991916,0.917250876,4.530767908
15,TRUE,0.95,SDFA_NAP_model,0.2,32,TRUE,32,10,9,FALSE,TRUE,0.917376064,0.990440278,0.949118853,0.917376064,8.154848876
15,TRUE,0.95,SDFA_NAP_model,0.2,32,TRUE,64,10,9,FALSE,TRUE,0.917125689,0.990182391,0.948853908,0.917125689,5.775750538
15,TRUE,0.95,SDFA_NAP_model,0.2,32,TRUE,128,10,9,FALSE,TRUE,0.917125689,0.989932015,0.948743844,0.917125689,4.573722487
15,FALSE,0.95,SDFA_NAP_model,0.2,32,TRUE,128,10,9,FALSE,TRUE,0.917125689,0.989932015,0.948743844,0.917125689,4.56052135
15,TRUE,0.95,SDFA_NAP_model,0.5,32,TRUE,32,10,9,FALSE,TRUE,0.916875313,0.989881464,0.948603727,0.916875313,8.195340933
15,TRUE,0.95,SDFA_NAP_model,0.5,32,TRUE,64,10,9,FALSE,TRUE,0.778668002,0.824218932,0.793805933,0.778668002,5.775483682
15,TRUE,0.95,SDFA_NAP_model,0.5,32,TRUE,128,10,9,FALSE,TRUE,0.779168753,0.824319945,0.794140413,0.779168753,4.598283094
15,FALSE,0.95,SDFA_NAP_model,0.5,32,TRUE,128,10,9,FALSE,TRUE,0.778668002,0.824218932,0.793805933,0.778668002,4.540227414
15,TRUE,0.95,SDFA_NAP_model,0,64,TRUE,32,10,9,FALSE,TRUE,0.91762644,0.990244917,0.949203494,0.91762644,8.246556213
15,TRUE,0.95,SDFA_NAP_model,0,64,TRUE,64,10,9,FALSE,TRUE,0.917125689,0.990182391,0.948853908,0.917125689,5.812609119
15,TRUE,0.95,SDFA_NAP_model,0,64,TRUE,128,10,9,FALSE,TRUE,0.917501252,0.990112679,0.949070781,0.917501252,4.583328349
15,FALSE,0.95,SDFA_NAP_model,0,64,TRUE,128,10,9,FALSE,TRUE,0.917501252,0.990112679,0.949070781,0.917501252,4.565100476
15,TRUE,0.95,SDFA_NAP_model,0.2,64,TRUE,32,10,9,FALSE,TRUE,0.917125689,0.990182391,0.948853908,0.917125689,8.202599871
15,TRUE,0.95,SDFA_NAP_model,0.2,64,TRUE,64,10,9,FALSE,TRUE,0.917250876,0.990183173,0.948931052,0.917250876,5.805522191
15,TRUE,0.95,SDFA_NAP_model,0.2,64,TRUE,128,10,9,FALSE,TRUE,0.917250876,0.990183173,0.948931052,0.917250876,4.560738287
15,FALSE,0.95,SDFA_NAP_model,0.2,64,TRUE,128,10,9,FALSE,TRUE,0.917125689,0.989932015,0.948743844,0.917125689,4.585132221
15,TRUE,0.95,SDFA_NAP_model,0.5,64,TRUE,32,10,9,FALSE,TRUE,0.917000501,0.989886799,0.948681212,0.917000501,8.207624985
15,TRUE,0.95,SDFA_NAP_model,0.5,64,TRUE,64,10,9,FALSE,TRUE,0.909864797,0.973117898,0.937069377,0.909864797,5.7707137
15,TRUE,0.95,SDFA_NAP_model,0.5,64,TRUE,128,10,9,FALSE,TRUE,0.909864797,0.973117898,0.937069377,0.909864797,4.566356587
15,FALSE,0.95,SDFA_NAP_model,0.5,64,TRUE,128,10,9,FALSE,TRUE,0.909864797,0.973117898,0.937069377,0.909864797,4.531420293
15,FALSE,0.95,NAP_model,0,16,FALSE,128,10,9,TRUE,FALSE,0.906109164,0.978845693,0.937510451,0.906109164,15.62074708
15,FALSE,0.95,NAP_model,0,32,FALSE,128,10,9,TRUE,FALSE,0.915122684,0.988260757,0.946876223,0.915122684,15.6387078
15,FALSE,0.95,NAP_model,0,64,FALSE,128,10,9,TRUE,FALSE,0.916374562,0.989572974,0.948179349,0.916374562,15.6432873
76,TRUE,0.95,SDFA_NAP_model,0,16,TRUE,32,10,9,FALSE,TRUE,0.915873811,0.989015017,0.947710454,0.915873811,8.239169382
76,TRUE,0.95,SDFA_NAP_model,0,16,TRUE,64,10,9,FALSE,TRUE,0.917000501,0.990011667,0.948736301,0.917000501,5.775931532
76,TRUE,0.95,SDFA_NAP_model,0,16,TRUE,128,10,9,FALSE,TRUE,0.917000501,0.990011667,0.948736301,0.917000501,4.503895461
76,FALSE,0.95,SDFA_NAP_model,0,16,TRUE,128,10,9,FALSE,TRUE,0.917000501,0.990011667,0.948736301,0.917000501,4.535085187
76,TRUE,0.95,SDFA_NAP_model,0.2,16,TRUE,32,10,9,FALSE,TRUE,0.917125689,0.990182391,0.948853908,0.917125689,8.127290255
76,TRUE,0.95,SDFA_NAP_model,0.2,16,TRUE,64,10,9,FALSE,TRUE,0.917125689,0.990182391,0.948853908,0.917125689,5.704367191
76,TRUE,0.95,SDFA_NAP_model,0.2,16,TRUE,128,10,9,FALSE,TRUE,0.917125689,0.990182391,0.948853908,0.917125689,4.53675589
76,FALSE,0.95,SDFA_NAP_model,0.2,16,TRUE,128,10,9,FALSE,TRUE,0.916875313,0.989881464,0.948603727,0.916875313,4.510153209
76,TRUE,0.95,SDFA_NAP_model,0.5,16,TRUE,32,10,9,FALSE,TRUE,0.917125689,0.990182391,0.948853908,0.917125689,8.044010742
76,TRUE,0.95,SDFA_NAP_model,0.5,16,TRUE,64,10,9,FALSE,TRUE,0.917000501,0.990011888,0.948740502,0.917000501,5.704624912
76,TRUE,0.95,SDFA_NAP_model,0.5,16,TRUE,128,10,9,FALSE,TRUE,0.917376064,0.989982477,0.948938208,0.917376064,4.48426475
76,FALSE,0.95,SDFA_NAP_model,0.5,16,TRUE,128,10,9,FALSE,TRUE,0.917125689,0.990182391,0.948853908,0.917125689,4.499982125
76,TRUE,0.95,SDFA_NAP_model,0,32,TRUE,32,10,9,FALSE,TRUE,0.91649975,0.989641336,0.948385289,0.91649975,8.077922615
76,TRUE,0.95,SDFA_NAP_model,0,32,TRUE,64,10,9,FALSE,TRUE,0.917376064,0.989982477,0.948938208,0.917376064,5.680905495
76,TRUE,0.95,SDFA_NAP_model,0,32,TRUE,128,10,9,FALSE,TRUE,0.91762644,0.990244917,0.949217765,0.91762644,4.525025944
76,FALSE,0.95,SDFA_NAP_model,0,32,TRUE,128,10,9,FALSE,TRUE,0.917250876,0.990314308,0.9489867,0.917250876,4.516173143
76,TRUE,0.95,SDFA_NAP_model,0.2,32,TRUE,32,10,9,FALSE,TRUE,0.917376064,0.989982378,0.948952477,0.917376064,8.011816372
76,TRUE,0.95,SDFA_NAP_model,0.2,32,TRUE,64,10,9,FALSE,TRUE,0.91762644,0.990283305,0.949202658,0.91762644,5.69747656
76,TRUE,0.95,SDFA_NAP_model,0.2,32,TRUE,128,10,9,FALSE,TRUE,0.91762644,0.990283305,0.949202658,0.91762644,4.482999689
76,FALSE,0.95,SDFA_NAP_model,0.2,32,TRUE,128,10,9,FALSE,TRUE,0.917125689,0.990182292,0.948868177,0.917125689,4.490022884
76,TRUE,0.95,SDFA_NAP_model,0.5,32,TRUE,32,10,9,FALSE,TRUE,0.917000501,0.990011568,0.948750571,0.917000501,8.050578326
76,TRUE,0.95,SDFA_NAP_model,0.5,32,TRUE,64,10,9,FALSE,TRUE,0.917125689,0.990057104,0.948813168,0.917125689,5.645960784
76,TRUE,0.95,SDFA_NAP_model,0.5,32,TRUE,128,10,9,FALSE,TRUE,0.917250876,0.989233136,0.948528753,0.917250876,4.530640857
76,FALSE,0.95,SDFA_NAP_model,0.5,32,TRUE,128,10,9,FALSE,TRUE,0.917250876,0.989233136,0.948528753,0.917250876,4.47930262
76,TRUE,0.95,SDFA_NAP_model,0,64,TRUE,32,10,9,FALSE,TRUE,0.917376064,0.989982477,0.948938208,0.917376064,7.982694325
76,TRUE,0.95,SDFA_NAP_model,0,64,TRUE,64,10,9,FALSE,TRUE,0.91762644,0.990283404,0.949188388,0.91762644,5.651092103
76,TRUE,0.95,SDFA_NAP_model,0,64,TRUE,128,10,9,FALSE,TRUE,0.917501252,0.989987713,0.949029962,0.917501252,4.474826072
76,FALSE,0.95,SDFA_NAP_model,0,64,TRUE,128,10,9,FALSE,TRUE,0.91762644,0.990244917,0.949203494,0.91762644,4.448963316
76,TRUE,0.95,SDFA_NAP_model,0.2,64,TRUE,32,10,9,FALSE,TRUE,0.91762644,0.990283404,0.949188388,0.91762644,7.960517357
76,TRUE,0.95,SDFA_NAP_model,0.2,64,TRUE,64,10,9,FALSE,TRUE,0.91762644,0.990033028,0.949078324,0.91762644,5.65725409
76,TRUE,0.95,SDFA_NAP_model,0.2,64,TRUE,128,10,9,FALSE,TRUE,0.910240361,0.972971844,0.93722045,0.910240361,4.488779859
76,FALSE,0.95,SDFA_NAP_model,0.2,64,TRUE,128,10,9,FALSE,TRUE,0.910240361,0.972971844,0.93722045,0.910240361,4.478490428
76,TRUE,0.95,SDFA_NAP_model,0.5,64,TRUE,32,10,9,FALSE,TRUE,0.910240361,0.972971844,0.93722045,0.910240361,7.964437575
76,TRUE,0.95,SDFA_NAP_model,0.5,64,TRUE,64,10,9,FALSE,TRUE,0.910240361,0.972971844,0.93722045,0.910240361,5.636180092
76,TRUE,0.95,SDFA_NAP_model,0.5,64,TRUE,128,10,9,FALSE,TRUE,0.910240361,0.972971844,0.93722045,0.910240361,4.462690666
76,FALSE,0.95,SDFA_NAP_model,0.5,64,TRUE,128,10,9,FALSE,TRUE,0.910240361,0.972971844,0.93722045,0.910240361,4.46834632
76,FALSE,0.95,NAP_model,0,16,FALSE,128,10,9,TRUE,FALSE,0.90460691,0.976906886,0.936205841,0.90460691,15.2678737
76,FALSE,0.95,NAP_model,0,32,FALSE,128,10,9,TRUE,FALSE,0.915498247,0.988077667,0.947068782,0.915498247,15.34575595
76,FALSE,0.95,NAP_model,0,64,FALSE,128,10,9,TRUE,FALSE,0.915873811,0.989014785,0.947734777,0.915873811,15.26515756
23,TRUE,0.95,SDFA_NAP_model,0,16,TRUE,32,10,9,FALSE,TRUE,0.915122684,0.988313599,0.946980363,0.915122684,7.995527498
23,TRUE,0.95,SDFA_NAP_model,0,16,TRUE,64,10,9,FALSE,TRUE,0.91762644,0.990283404,0.949188388,0.91762644,5.611711219
23,TRUE,0.95,SDFA_NAP_model,0,16,TRUE,128,10,9,FALSE,TRUE,0.917876815,0.990541291,0.949453334,0.917876815,4.497214749
23,FALSE,0.95,SDFA_NAP_model,0,16,TRUE,128,10,9,FALSE,TRUE,0.917876815,0.990541291,0.949453334,0.917876815,4.43732466
23,TRUE,0.95,SDFA_NAP_model,0.2,16,TRUE,32,10,9,FALSE,TRUE,0.917876815,0.990540509,0.949469177,0.917876815,7.935243333
23,TRUE,0.95,SDFA_NAP_model,0.2,16,TRUE,64,10,9,FALSE,TRUE,0.917751627,0.990415321,0.949331169,0.917751627,5.625415017
23,TRUE,0.95,SDFA_NAP_model,0.2,16,TRUE,128,10,9,FALSE,TRUE,0.91762644,0.990283188,0.94920588,0.91762644,4.454322548
23,FALSE,0.95,SDFA_NAP_model,0.2,16,TRUE,128,10,9,FALSE,TRUE,0.917125689,0.990182175,0.948871185,0.917125689,4.447727567
23,TRUE,0.95,SDFA_NAP_model,0.5,16,TRUE,32,10,9,FALSE,TRUE,0.917376064,0.990440278,0.949133124,0.917376064,7.965665664
23,TRUE,0.95,SDFA_NAP_model,0.5,16,TRUE,64,10,9,FALSE,TRUE,0.917125689,0.990182391,0.948863853,0.917125689,5.610216821
23,TRUE,0.95,SDFA_NAP_model,0.5,16,TRUE,128,10,9,FALSE,TRUE,0.917250876,0.990314093,0.949003977,0.917250876,4.46315003
23,FALSE,0.95,SDFA_NAP_model,0.5,16,TRUE,128,10,9,FALSE,TRUE,0.917376064,0.990440063,0.949136131,0.917376064,4.436837571
23,TRUE,0.95,SDFA_NAP_model,0,32,TRUE,32,10,9,FALSE,TRUE,0.916750125,0.989981183,0.94864152,0.916750125,7.965174831
23,TRUE,0.95,SDFA_NAP_model,0,32,TRUE,64,10,9,FALSE,TRUE,0.91762644,0.990283305,0.949202658,0.91762644,5.644108076
23,TRUE,0.95,SDFA_NAP_model,0,32,TRUE,128,10,9,FALSE,TRUE,0.917751627,0.990415321,0.949335451,0.917751627,4.444609801
23,FALSE,0.95,SDFA_NAP_model,0,32,TRUE,128,10,9,FALSE,TRUE,0.917000501,0.990013701,0.948736484,0.917000501,4.443190276
23,TRUE,0.95,SDFA_NAP_model,0.2,32,TRUE,32,10,9,FALSE,TRUE,0.917376064,0.989982477,0.948938208,0.917376064,7.933105988
23,TRUE,0.95,SDFA_NAP_model,0.2,32,TRUE,64,10,9,FALSE,TRUE,0.91762644,0.990283404,0.949188388,0.91762644,5.60494832
23,TRUE,0.95,SDFA_NAP_model,0.2,32,TRUE,128,10,9,FALSE,TRUE,0.91762644,0.990283404,0.949188388,0.91762644,4.461760532
23,FALSE,0.95,SDFA_NAP_model,0.2,32,TRUE,128,10,9,FALSE,TRUE,0.917376064,0.989982477,0.948938208,0.917376064,4.456571227
23,TRUE,0.95,SDFA_NAP_model,0.5,32,TRUE,32,10,9,FALSE,TRUE,0.917501252,0.990112901,0.949074982,0.917501252,7.96183473
23,TRUE,0.95,SDFA_NAP_model,0.5,32,TRUE,64,10,9,FALSE,TRUE,0.917376064,0.989982378,0.948952477,0.917376064,5.640900752
23,TRUE,0.95,SDFA_NAP_model,0.5,32,TRUE,128,10,9,FALSE,TRUE,0.778918378,0.824906645,0.794439778,0.778918378,4.483131059
23,FALSE,0.95,SDFA_NAP_model,0.5,32,TRUE,128,10,9,FALSE,TRUE,0.778918378,0.824899815,0.794427661,0.778918378,4.466596799
23,TRUE,0.95,SDFA_NAP_model,0,64,TRUE,32,10,9,FALSE,TRUE,0.91762644,0.990283404,0.949188388,0.91762644,8.016083623
23,TRUE,0.95,SDFA_NAP_model,0,64,TRUE,64,10,9,FALSE,TRUE,0.917125689,0.990182391,0.948853908,0.917125689,5.667317191
23,TRUE,0.95,SDFA_NAP_model,0,64,TRUE,128,10,9,FALSE,TRUE,0.917125689,0.990179261,0.948875216,0.917125689,4.460171807
23,FALSE,0.95,SDFA_NAP_model,0,64,TRUE,128,10,9,FALSE,TRUE,0.917125689,0.990180826,0.948869744,0.917125689,4.448619211
23,TRUE,0.95,SDFA_NAP_model,0.2,64,TRUE,32,10,9,FALSE,TRUE,0.91762644,0.990283404,0.949188388,0.91762644,7.986823557
23,TRUE,0.95,SDFA_NAP_model,0.2,64,TRUE,64,10,9,FALSE,TRUE,0.917125689,0.990182391,0.948853908,0.917125689,5.623085371
23,TRUE,0.95,SDFA_NAP_model,0.2,64,TRUE,128,10,9,FALSE,TRUE,0.917125689,0.989930451,0.948759681,0.917125689,4.491262694
23,FALSE,0.95,SDFA_NAP_model,0.2,64,TRUE,128,10,9,FALSE,TRUE,0.917125689,0.989930451,0.948759681,0.917125689,4.446639341
23,TRUE,0.95,SDFA_NAP_model,0.5,64,TRUE,32,10,9,FALSE,TRUE,0.916750125,0.98900579,0.94814075,0.916750125,7.951374326
23,TRUE,0.95,SDFA_NAP_model,0.5,64,TRUE,64,10,9,FALSE,TRUE,0.917125689,0.989930451,0.948759681,0.917125689,5.645265445
23,TRUE,0.95,SDFA_NAP_model,0.5,64,TRUE,128,10,9,FALSE,TRUE,0.909864797,0.972111717,0.936642245,0.909864797,4.467065487
23,FALSE,0.95,SDFA_NAP_model,0.5,64,TRUE,128,10,9,FALSE,TRUE,0.909864797,0.972111717,0.936642245,0.909864797,4.460565744
23,FALSE,0.95,NAP_model,0,16,FALSE,128,10,9,TRUE,FALSE,0.906109164,0.978769118,0.937398355,0.906109164,15.23955219
23,FALSE,0.95,NAP_model,0,32,FALSE,128,10,9,TRUE,FALSE,0.915623435,0.988790079,0.947359886,0.915623435,15.27530508
23,FALSE,0.95,NAP_model,0,64,FALSE,128,10,9,TRUE,FALSE,0.916750125,0.989942146,0.948621188,0.916750125,15.25751377
42,TRUE,0.95,SDFA_NAP_model,0,16,TRUE,32,10,9,FALSE,TRUE,0.915873811,0.989014785,0.947734777,0.915873811,8.238417785
42,TRUE,0.95,SDFA_NAP_model,0,16,TRUE,64,10,9,FALSE,TRUE,0.917000501,0.990243839,0.948889582,0.917000501,5.802264605
42,TRUE,0.95,SDFA_NAP_model,0,16,TRUE,128,10,9,FALSE,TRUE,0.917501252,0.990112679,0.949070781,0.917501252,4.601088354
42,FALSE,0.95,SDFA_NAP_model,0,16,TRUE,128,10,9,FALSE,TRUE,0.91762644,0.990244917,0.949203494,0.91762644,4.594234387
42,TRUE,0.95,SDFA_NAP_model,0.2,16,TRUE,32,10,9,FALSE,TRUE,0.91762644,0.990244917,0.949203494,0.91762644,8.271425333
42,TRUE,0.95,SDFA_NAP_model,0.2,16,TRUE,64,10,9,FALSE,TRUE,0.917751627,0.990409374,0.949320586,0.917751627,5.786138122
42,TRUE,0.95,SDFA_NAP_model,0.2,16,TRUE,128,10,9,FALSE,TRUE,0.917501252,0.990112679,0.949070781,0.917501252,4.594655354
42,FALSE,0.95,SDFA_NAP_model,0.2,16,TRUE,128,10,9,FALSE,TRUE,0.917501252,0.989987812,0.949015692,0.917501252,4.585139614
42,TRUE,0.95,SDFA_NAP_model,0.5,16,TRUE,32,10,9,FALSE,TRUE,0.917501252,0.989987812,0.949015692,0.917501252,8.244757224
42,TRUE,0.95,SDFA_NAP_model,0.5,16,TRUE,64,10,9,FALSE,TRUE,0.917376064,0.989857609,0.948883163,0.917376064,5.792482106
42,TRUE,0.95,SDFA_NAP_model,0.5,16,TRUE,128,10,9,FALSE,TRUE,0.917376064,0.989732742,0.948828074,0.917376064,4.596432802
42,FALSE,0.95,SDFA_NAP_model,0.5,16,TRUE,128,10,9,FALSE,TRUE,0.917376064,0.989732742,0.948828074,0.917376064,4.568728903
42,TRUE,0.95,SDFA_NAP_model,0,32,TRUE,32,10,9,FALSE,TRUE,0.91762644,0.990244917,0.949217765,0.91762644,8.281251914
42,TRUE,0.95,SDFA_NAP_model,0,32,TRUE,64,10,9,FALSE,TRUE,0.91762644,0.990283305,0.949202658,0.91762644,5.829649008
42,TRUE,0.95,SDFA_NAP_model,0,32,TRUE,128,10,9,FALSE,TRUE,0.91762644,0.99028174,0.949208505,0.91762644,4.606764157
42,FALSE,0.95,SDFA_NAP_model,0,32,TRUE,128,10,9,FALSE,TRUE,0.91762644,0.99028174,0.949208505,0.91762644,4.570961512
42,TRUE,0.95,SDFA_NAP_model,0.2,32,TRUE,32,10,9,FALSE,TRUE,0.917751627,0.990408493,0.949340666,0.917751627,8.225559037
42,TRUE,0.95,SDFA_NAP_model,0.2,32,TRUE,64,10,9,FALSE,TRUE,0.917751627,0.990409275,0.949334856,0.917751627,5.788857124
42,TRUE,0.95,SDFA_NAP_model,0.2,32,TRUE,128,10,9,FALSE,TRUE,0.917250876,0.989231892,0.948534521,0.917250876,4.583167817
42,FALSE,0.95,SDFA_NAP_model,0.2,32,TRUE,128,10,9,FALSE,TRUE,0.916750125,0.989130879,0.94820004,0.916750125,4.585073935
42,TRUE,0.95,SDFA_NAP_model,0.5,32,TRUE,32,10,9,FALSE,TRUE,0.917376064,0.989483832,0.948721735,0.917376064,8.223298267
42,TRUE,0.95,SDFA_NAP_model,0.5,32,TRUE,64,10,9,FALSE,TRUE,0.916875313,0.989382819,0.948387255,0.916875313,5.810823316
42,TRUE,0.95,SDFA_NAP_model,0.5,32,TRUE,128,10,9,FALSE,TRUE,0.909489234,0.972379551,0.9365469,0.909489234,4.597623431
42,FALSE,0.95,SDFA_NAP_model,0.5,32,TRUE,128,10,9,FALSE,TRUE,0.909489234,0.972379551,0.9365469,0.909489234,4.597137902
42,TRUE,0.95,SDFA_NAP_model,0,64,TRUE,32,10,9,FALSE,TRUE,0.91762644,0.990244917,0.949203494,0.91762644,8.254666567
42,TRUE,0.95,SDFA_NAP_model,0,64,TRUE,64,10,9,FALSE,TRUE,0.91762644,0.990283404,0.949188388,0.91762644,5.810783481
42,TRUE,0.95,SDFA_NAP_model,0,64,TRUE,128,10,9,FALSE,TRUE,0.91762644,0.990283404,0.949188388,0.91762644,4.586147823
42,FALSE,0.95,SDFA_NAP_model,0,64,TRUE,128,10,9,FALSE,TRUE,0.917250876,0.990314308,0.9489867,0.917250876,4.579015638
42,TRUE,0.95,SDFA_NAP_model,0.2,64,TRUE,32,10,9,FALSE,TRUE,0.91762644,0.990283404,0.949188388,0.91762644,8.234005938
42,TRUE,0.95,SDFA_NAP_model,0.2,64,TRUE,64,10,9,FALSE,TRUE,0.917751627,0.990284186,0.949265532,0.917751627,5.806718629
42,TRUE,0.95,SDFA_NAP_model,0.2,64,TRUE,128,10,9,FALSE,TRUE,0.91762644,0.990033028,0.949078324,0.91762644,4.598521865
42,FALSE,0.95,SDFA_NAP_model,0.2,64,TRUE,128,10,9,FALSE,TRUE,0.917501252,0.989318881,0.94865683,0.917501252,4.595182148
42,TRUE,0.95,SDFA_NAP_model,0.5,64,TRUE,32,10,9,FALSE,TRUE,0.910240361,0.972971844,0.93722045,0.910240361,8.217983762
42,TRUE,0.95,SDFA_NAP_model,0.5,64,TRUE,64,10,9,FALSE,TRUE,0.91762644,0.990033028,0.949078324,0.91762644,5.792281901
42,TRUE,0.95,SDFA_NAP_model,0.5,64,TRUE,128,10,9,FALSE,TRUE,0.910240361,0.972971844,0.93722045,0.910240361,4.597255347
42,FALSE,0.95,SDFA_NAP_model,0.5,64,TRUE,128,10,9,FALSE,TRUE,0.910240361,0.972971844,0.93722045,0.910240361,4.569948772
42,FALSE,0.95,NAP_model,0,16,FALSE,128,10,9,TRUE,FALSE,0.914997496,0.987599636,0.946477682,0.914997496,15.47123556
42,FALSE,0.95,NAP_model,0,32,FALSE,128,10,9,TRUE,FALSE,0.914872308,0.988049223,0.946649222,0.914872308,15.43313292
42,FALSE,0.95,NAP_model,0,64,FALSE,128,10,9,TRUE,FALSE,0.915873811,0.989013679,0.947713345,0.915873811,15.37001709
4,TRUE,0.95,SDFA_NAP_model,0,16,TRUE,32,10,9,FALSE,TRUE,0.915623435,0.988790083,0.947447857,0.915623435,8.074084461
4,TRUE,0.95,SDFA_NAP_model,0,16,TRUE,64,10,9,FALSE,TRUE,0.916750125,0.989981399,0.948624296,0.916750125,5.670721644
4,TRUE,0.95,SDFA_NAP_model,0,16,TRUE,128,10,9,FALSE,TRUE,0.91762644,0.990314955,0.949202866,0.91762644,4.499594836
4,FALSE,0.95,SDFA_NAP_model,0,16,TRUE,128,10,9,FALSE,TRUE,0.917751627,0.990415321,0.94932118,0.917751627,4.508611954
4,TRUE,0.95,SDFA_NAP_model,0.2,16,TRUE,32,10,9,FALSE,TRUE,0.916750125,0.989749745,0.948460961,0.916750125,8.057525833
4,TRUE,0.95,SDFA_NAP_model,0.2,16,TRUE,64,10,9,FALSE,TRUE,0.917000501,0.990050672,0.948711142,0.917000501,5.68489925
4,TRUE,0.95,SDFA_NAP_model,0.2,16,TRUE,128,10,9,FALSE,TRUE,0.917125689,0.990182391,0.948843885,0.917125689,4.494461656
4,FALSE,0.95,SDFA_NAP_model,0.2,16,TRUE,128,10,9,FALSE,TRUE,0.917000501,0.990050672,0.948711142,0.917000501,4.502531049
4,TRUE,0.95,SDFA_NAP_model,0.5,16,TRUE,32,10,9,FALSE,TRUE,0.916875313,0.989881784,0.94859367,0.916875313,8.025805392
4,TRUE,0.95,SDFA_NAP_model,0.5,16,TRUE,64,10,9,FALSE,TRUE,0.917125689,0.990182391,0.948843885,0.917125689,5.690590833
4,TRUE,0.95,SDFA_NAP_model,0.5,16,TRUE,128,10,9,FALSE,TRUE,0.917125689,0.990182391,0.948843885,0.917125689,4.505170643
4,FALSE,0.95,SDFA_NAP_model,0.5,16,TRUE,128,10,9,FALSE,TRUE,0.917125689,0.990182391,0.948843885,0.917125689,4.477258482
4,TRUE,0.95,SDFA_NAP_model,0,32,TRUE,32,10,9,FALSE,TRUE,0.916249374,0.989487697,0.948120829,0.916249374,8.085304695
4,TRUE,0.95,SDFA_NAP_model,0,32,TRUE,64,10,9,FALSE,TRUE,0.91762644,0.990283404,0.949188388,0.91762644,5.679719254
4,TRUE,0.95,SDFA_NAP_model,0,32,TRUE,128,10,9,FALSE,TRUE,0.917000501,0.990282326,0.948874476,0.917000501,4.509138467
4,FALSE,0.95,SDFA_NAP_model,0,32,TRUE,128,10,9,FALSE,TRUE,0.917000501,0.990282326,0.948874476,0.917000501,4.472471095
4,TRUE,0.95,SDFA_NAP_model,0.2,32,TRUE,32,10,9,FALSE,TRUE,0.917250876,0.990540213,0.949139422,0.917250876,7.991836386
4,TRUE,0.95,SDFA_NAP_model,0.2,32,TRUE,64,10,9,FALSE,TRUE,0.917125689,0.990408296,0.949006674,0.917125689,5.654267958
4,TRUE,0.95,SDFA_NAP_model,0.2,32,TRUE,128,10,9,FALSE,TRUE,0.917125689,0.990408296,0.949006674,0.917125689,4.484181401
4,FALSE,0.95,SDFA_NAP_model,0.2,32,TRUE,128,10,9,FALSE,TRUE,0.917000501,0.99003195,0.948764413,0.917000501,4.477068387
4,TRUE,0.95,SDFA_NAP_model,0.5,32,TRUE,32,10,9,FALSE,TRUE,0.760390586,0.999371282,0.846499659,0.760390586,8.026344031
4,TRUE,0.95,SDFA_NAP_model,0.5,32,TRUE,64,10,9,FALSE,TRUE,0.760390586,0.999371282,0.842299591,0.760390586,5.656420958
4,TRUE,0.95,SDFA_NAP_model,0.5,32,TRUE,128,10,9,FALSE,TRUE,0.760390586,0.999371282,0.842299591,0.760390586,4.49303573
4,FALSE,0.95,SDFA_NAP_model,0.5,32,TRUE,128,10,9,FALSE,TRUE,0.760390586,0.999371282,0.842299591,0.760390586,4.46226197
4,TRUE,0.95,SDFA_NAP_model,0,64,TRUE,32,10,9,FALSE,TRUE,0.917376064,0.989982477,0.948938208,0.917376064,8.021384034
4,TRUE,0.95,SDFA_NAP_model,0,64,TRUE,64,10,9,FALSE,TRUE,0.917125689,0.990182391,0.948853908,0.917125689,5.650974799
4,TRUE,0.95,SDFA_NAP_model,0,64,TRUE,128,10,9,FALSE,TRUE,0.917125689,0.990182391,0.948853908,0.917125689,4.483357105
4,FALSE,0.95,SDFA_NAP_model,0,64,TRUE,128,10,9,FALSE,TRUE,0.917125689,0.990179261,0.948875216,0.917125689,4.484021183
4,TRUE,0.95,SDFA_NAP_model,0.2,64,TRUE,32,10,9,FALSE,TRUE,0.917250876,0.990314308,0.9489867,0.917250876,8.006682322
4,TRUE,0.95,SDFA_NAP_model,0.2,64,TRUE,64,10,9,FALSE,TRUE,0.917125689,0.989932015,0.948743844,0.917125689,5.780811242
4,TRUE,0.95,SDFA_NAP_model,0.2,64,TRUE,128,10,9,FALSE,TRUE,0.917125689,0.990182391,0.948853908,0.917125689,4.4924536
4,FALSE,0.95,SDFA_NAP_model,0.2,64,TRUE,128,10,9,FALSE,TRUE,0.917125689,0.989932015,0.948743844,0.917125689,4.495602629
4,TRUE,0.95,SDFA_NAP_model,0.5,64,TRUE,32,10,9,FALSE,TRUE,0.917125689,0.989932015,0.948743844,0.917125689,8.040876219
4,TRUE,0.95,SDFA_NAP_model,0.5,64,TRUE,64,10,9,FALSE,TRUE,0.909364046,0.972012269,0.936291928,0.909364046,5.654201249
4,TRUE,0.95,SDFA_NAP_model,0.5,64,TRUE,128,10,9,FALSE,TRUE,0.909364046,0.972012269,0.936291928,0.909364046,4.472114399
4,FALSE,0.95,SDFA_NAP_model,0.5,64,TRUE,128,10,9,FALSE,TRUE,0.909364046,0.972012269,0.936291928,0.909364046,4.454133883
4,FALSE,0.95,NAP_model,0,16,FALSE,128,10,9,TRUE,FALSE,0.914496745,0.987843001,0.946209121,0.914496745,15.23546998
4,FALSE,0.95,NAP_model,0,32,FALSE,128,10,9,TRUE,FALSE,0.90686029,0.979485496,0.938426737,0.90686029,15.24539584
4,FALSE,0.95,NAP_model,0,64,FALSE,128,10,9,TRUE,FALSE,0.915623435,0.988097562,0.947094404,0.915623435,15.31744278
108,TRUE,0.95,SDFA_NAP_model,0,16,TRUE,32,10,9,FALSE,TRUE,0.916750125,0.989904737,0.948619466,0.916750125,8.040142579
108,TRUE,0.95,SDFA_NAP_model,0,16,TRUE,64,10,9,FALSE,TRUE,0.91762644,0.990244917,0.949203494,0.91762644,5.65381794
108,TRUE,0.95,SDFA_NAP_model,0,16,TRUE,128,10,9,FALSE,TRUE,0.917876815,0.990541291,0.949453334,0.917876815,4.474964504
108,FALSE,0.95,SDFA_NAP_model,0,16,TRUE,128,10,9,FALSE,TRUE,0.917876815,0.990541291,0.949453334,0.917876815,4.479335452
108,TRUE,0.95,SDFA_NAP_model,0.2,16,TRUE,32,10,9,FALSE,TRUE,0.917751627,0.990415321,0.94932118,0.917751627,8.016397281
108,TRUE,0.95,SDFA_NAP_model,0.2,16,TRUE,64,10,9,FALSE,TRUE,0.91762644,0.990283404,0.949188388,0.91762644,5.665414664
108,TRUE,0.95,SDFA_NAP_model,0.2,16,TRUE,128,10,9,FALSE,TRUE,0.917751627,0.990415321,0.94932118,0.917751627,4.480980503
108,FALSE,0.95,SDFA_NAP_model,0.2,16,TRUE,128,10,9,FALSE,TRUE,0.917751627,0.990290133,0.949266126,0.917751627,4.465778377
108,TRUE,0.95,SDFA_NAP_model,0.5,16,TRUE,32,10,9,FALSE,TRUE,0.917751627,0.990415321,0.94932118,0.917751627,7.992967695
108,TRUE,0.95,SDFA_NAP_model,0.5,16,TRUE,64,10,9,FALSE,TRUE,0.917751627,0.990415321,0.94932118,0.917751627,5.639322879
108,TRUE,0.95,SDFA_NAP_model,0.5,16,TRUE,128,10,9,FALSE,TRUE,0.917751627,0.990415321,0.94932118,0.917751627,4.470970684
108,FALSE,0.95,SDFA_NAP_model,0.5,16,TRUE,128,10,9,FALSE,TRUE,0.909614422,0.981702051,0.940429702,0.909614422,4.476413932
108,TRUE,0.95,SDFA_NAP_model,0,32,TRUE,32,10,9,FALSE,TRUE,0.917250876,0.989882111,0.948819894,0.917250876,8.042017218
108,TRUE,0.95,SDFA_NAP_model,0,32,TRUE,64,10,9,FALSE,TRUE,0.91762644,0.990283404,0.949188388,0.91762644,5.677609096
108,TRUE,0.95,SDFA_NAP_model,0,32,TRUE,128,10,9,FALSE,TRUE,0.91762644,0.990281839,0.949194235,0.91762644,4.496708422
108,FALSE,0.95,SDFA_NAP_model,0,32,TRUE,128,10,9,FALSE,TRUE,0.916875313,0.990149041,0.948737558,0.916875313,4.491551435
108,TRUE,0.95,SDFA_NAP_model,0.2,32,TRUE,32,10,9,FALSE,TRUE,0.917000501,0.990282326,0.948874476,0.917000501,7.985019526
108,TRUE,0.95,SDFA_NAP_model,0.2,32,TRUE,64,10,9,FALSE,TRUE,0.917000501,0.990282326,0.948874476,0.917000501,5.680910178
108,TRUE,0.95,SDFA_NAP_model,0.2,32,TRUE,128,10,9,FALSE,TRUE,0.917125689,0.990057203,0.948798898,0.917125689,4.492359443
108,FALSE,0.95,SDFA_NAP_model,0.2,32,TRUE,128,10,9,FALSE,TRUE,0.909614422,0.973085032,0.936957829,0.909614422,4.464029416
108,TRUE,0.95,SDFA_NAP_model,0.5,32,TRUE,32,10,9,FALSE,TRUE,0.917125689,0.990180826,0.948859755,0.917125689,7.995664371
108,TRUE,0.95,SDFA_NAP_model,0.5,32,TRUE,64,10,9,FALSE,TRUE,0.909739609,0.973099364,0.93698847,0.909739609,5.65976572
108,TRUE,0.95,SDFA_NAP_model,0.5,32,TRUE,128,10,9,FALSE,TRUE,0.770781172,0.980721921,0.831733859,0.770781172,4.511489056
108,FALSE,0.95,SDFA_NAP_model,0.5,32,TRUE,128,10,9,FALSE,TRUE,0.770781172,0.98071783,0.831730191,0.770781172,4.490642261
108,TRUE,0.95,SDFA_NAP_model,0,64,TRUE,32,10,9,FALSE,TRUE,0.917376064,0.989982477,0.948938208,0.917376064,8.057714992
108,TRUE,0.95,SDFA_NAP_model,0,64,TRUE,64,10,9,FALSE,TRUE,0.916750125,0.989981399,0.948624296,0.916750125,5.674754911
108,TRUE,0.95,SDFA_NAP_model,0,64,TRUE,128,10,9,FALSE,TRUE,0.916875313,0.990111921,0.948761541,0.916875313,4.517596095
108,FALSE,0.95,SDFA_NAP_model,0,64,TRUE,128,10,9,FALSE,TRUE,0.916875313,0.990111921,0.948761541,0.916875313,4.483915526
108,TRUE,0.95,SDFA_NAP_model,0.2,64,TRUE,32,10,9,FALSE,TRUE,0.916624937,0.989232157,0.948200571,0.916624937,8.04141162
108,TRUE,0.95,SDFA_NAP_model,0.2,64,TRUE,64,10,9,FALSE,TRUE,0.916875313,0.989900231,0.948621647,0.916875313,5.677777225
108,TRUE,0.95,SDFA_NAP_model,0.2,64,TRUE,128,10,9,FALSE,TRUE,0.909238858,0.971880549,0.936149162,0.909238858,4.513220969
108,FALSE,0.95,SDFA_NAP_model,0.2,64,TRUE,128,10,9,FALSE,TRUE,0.909238858,0.971880549,0.936149162,0.909238858,4.486733182
108,TRUE,0.95,SDFA_NAP_model,0.5,64,TRUE,32,10,9,FALSE,TRUE,0.91649975,0.98897557,0.948002716,0.91649975,8.045111925
108,TRUE,0.95,SDFA_NAP_model,0.5,64,TRUE,64,10,9,FALSE,TRUE,0.916875313,0.989900231,0.948621647,0.916875313,5.664019101
108,TRUE,0.95,SDFA_NAP_model,0.5,64,TRUE,128,10,9,FALSE,TRUE,0.916875313,0.989900231,0.948621647,0.916875313,4.489956417
108,FALSE,0.95,SDFA_NAP_model,0.5,64,TRUE,128,10,9,FALSE,TRUE,0.916875313,0.989900231,0.948621647,0.916875313,4.492778931
108,FALSE,0.95,NAP_model,0,16,FALSE,128,10,9,TRUE,FALSE,0.913370055,0.986472678,0.94490296,0.913370055,15.30831798
108,FALSE,0.95,NAP_model,0,32,FALSE,128,10,9,TRUE,FALSE,0.914872308,0.988049219,0.94656076,0.914872308,15.32416553
108,FALSE,0.95,NAP_model,0,64,FALSE,128,10,9,TRUE,FALSE,0.917000501,0.989541931,0.948566605,0.917000501,15.30999201
16,TRUE,0.95,SDFA_NAP_model,0,16,TRUE,32,10,9,FALSE,TRUE,0.915873811,0.988996986,0.947718352,0.915873811,8.020518323
16,TRUE,0.95,SDFA_NAP_model,0,16,TRUE,64,10,9,FALSE,TRUE,0.917000501,0.989519785,0.94856625,0.917000501,5.669931217
16,TRUE,0.95,SDFA_NAP_model,0,16,TRUE,128,10,9,FALSE,TRUE,0.917376064,0.989943224,0.948935099,0.917376064,4.502624963
16,FALSE,0.95,SDFA_NAP_model,0,16,TRUE,128,10,9,FALSE,TRUE,0.917751627,0.990415321,0.949325418,0.917751627,4.474286203
16,TRUE,0.95,SDFA_NAP_model,0.2,16,TRUE,32,10,9,FALSE,TRUE,0.917501252,0.990115034,0.949075167,0.917501252,7.994611883
16,TRUE,0.95,SDFA_NAP_model,0.2,16,TRUE,64,10,9,FALSE,TRUE,0.917376064,0.989990549,0.948956216,0.917376064,5.656504194
16,TRUE,0.95,SDFA_NAP_model,0.2,16,TRUE,128,10,9,FALSE,TRUE,0.778918378,0.824650903,0.794293939,0.778918378,4.487929426
16,FALSE,0.95,SDFA_NAP_model,0.2,16,TRUE,128,10,9,FALSE,TRUE,0.779043565,0.825275277,0.794662618,0.779043565,4.46356587
16,TRUE,0.95,SDFA_NAP_model,0.5,16,TRUE,32,10,9,FALSE,TRUE,0.917501252,0.990115034,0.949075167,0.917501252,7.986788264
16,TRUE,0.95,SDFA_NAP_model,0.5,16,TRUE,64,10,9,FALSE,TRUE,0.621682524,0.675642789,0.641219907,0.621682524,5.652654236
16,TRUE,0.95,SDFA_NAP_model,0.5,16,TRUE,128,10,9,FALSE,TRUE,0.778542814,0.825174264,0.794328138,0.778542814,4.476126489
16,FALSE,0.95,SDFA_NAP_model,0.5,16,TRUE,128,10,9,FALSE,TRUE,0.778542814,0.825174264,0.794328138,0.778542814,4.477061521
16,TRUE,0.95,SDFA_NAP_model,0,32,TRUE,32,10,9,FALSE,TRUE,0.91762644,0.990244917,0.949203494,0.91762644,7.990453032
16,TRUE,0.95,SDFA_NAP_model,0,32,TRUE,64,10,9,FALSE,TRUE,0.917876815,0.990541291,0.949457528,0.917876815,5.648613589
16,TRUE,0.95,SDFA_NAP_model,0,32,TRUE,128,10,9,FALSE,TRUE,0.91762644,0.990245237,0.949207652,0.91762644,4.476852959
16,FALSE,0.95,SDFA_NAP_model,0,32,TRUE,128,10,9,FALSE,TRUE,0.917376064,0.990440278,0.949123047,0.917376064,4.473482003
16,TRUE,0.95,SDFA_NAP_model,0.2,32,TRUE,32,10,9,FALSE,TRUE,0.917501252,0.990115355,0.94907928,0.917501252,8.02391935
16,TRUE,0.95,SDFA_NAP_model,0.2,32,TRUE,64,10,9,FALSE,TRUE,0.917501252,0.990115355,0.94907928,0.917501252,5.661492922
16,TRUE,0.95,SDFA_NAP_model,0.2,32,TRUE,128,10,9,FALSE,TRUE,0.917501252,0.990115355,0.94907928,0.917501252,4.497624546
16,FALSE,0.95,SDFA_NAP_model,0.2,32,TRUE,128,10,9,FALSE,TRUE,0.917501252,0.990115355,0.94907928,0.917501252,4.490838344
16,TRUE,0.95,SDFA_NAP_model,0.5,32,TRUE,32,10,9,FALSE,TRUE,0.917000501,0.989889154,0.948685553,0.917000501,8.008637022
16,TRUE,0.95,SDFA_NAP_model,0.5,32,TRUE,64,10,9,FALSE,TRUE,0.917501252,0.989990167,0.949020034,0.917501252,5.676016228
16,TRUE,0.95,SDFA_NAP_model,0.5,32,TRUE,128,10,9,FALSE,TRUE,0.910115173,0.973095402,0.937219677,0.910115173,4.499933165
16,FALSE,0.95,SDFA_NAP_model,0.5,32,TRUE,128,10,9,FALSE,TRUE,0.910115173,0.973095402,0.937219677,0.910115173,4.500312132
16,TRUE,0.95,SDFA_NAP_model,0,64,TRUE,32,10,9,FALSE,TRUE,0.917501252,0.990114714,0.949070964,0.917501252,8.072967618
16,TRUE,0.95,SDFA_NAP_model,0,64,TRUE,64,10,9,FALSE,TRUE,0.91762644,0.990283404,0.949188388,0.91762644,5.703827393
16,TRUE,0.95,SDFA_NAP_model,0,64,TRUE,128,10,9,FALSE,TRUE,0.917376064,0.989732742,0.948828074,0.917376064,4.507100053
16,FALSE,0.95,SDFA_NAP_model,0,64,TRUE,128,10,9,FALSE,TRUE,0.916875313,0.989631729,0.948493593,0.916875313,4.481841568
16,TRUE,0.95,SDFA_NAP_model,0.2,64,TRUE,32,10,9,FALSE,TRUE,0.91762644,0.990158216,0.949133378,0.91762644,8.063566743
16,TRUE,0.95,SDFA_NAP_model,0.2,64,TRUE,64,10,9,FALSE,TRUE,0.91762644,0.990033028,0.949078324,0.91762644,5.670838844
16,TRUE,0.95,SDFA_NAP_model,0.2,64,TRUE,128,10,9,FALSE,TRUE,0.91762644,0.990033028,0.949078324,0.91762644,4.503972865
16,FALSE,0.95,SDFA_NAP_model,0.2,64,TRUE,128,10,9,FALSE,TRUE,0.917125689,0.989932015,0.948743844,0.917125689,4.486042409
16,TRUE,0.95,SDFA_NAP_model,0.5,64,TRUE,32,10,9,FALSE,TRUE,0.917125689,0.990057203,0.948798898,0.917125689,8.021945598
16,TRUE,0.95,SDFA_NAP_model,0.5,64,TRUE,64,10,9,FALSE,TRUE,0.917125689,0.989932015,0.948743844,0.917125689,5.681424241
16,TRUE,0.95,SDFA_NAP_model,0.5,64,TRUE,128,10,9,FALSE,TRUE,0.917125689,0.989932015,0.948743844,0.917125689,4.521954232
16,FALSE,0.95,SDFA_NAP_model,0.5,64,TRUE,128,10,9,FALSE,TRUE,0.91762644,0.990033028,0.949078324,0.91762644,4.487780031
16,FALSE,0.95,NAP_model,0,16,FALSE,128,10,9,TRUE,FALSE,0.915498247,0.988725491,0.947371389,0.915498247,15.31301687
16,FALSE,0.95,NAP_model,0,32,FALSE,128,10,9,TRUE,FALSE,0.915998998,0.989147518,0.94786754,0.915998998,15.35629024
16,FALSE,0.95,NAP_model,0,64,FALSE,128,10,9,TRUE,FALSE,0.915998998,0.989147518,0.94786754,0.915998998,15.37663925
1089,TRUE,0.95,SDFA_NAP_model,0,16,TRUE,32,10,9,FALSE,TRUE,0.915498247,0.988656244,0.947276241,0.915498247,8.023286735
1089,TRUE,0.95,SDFA_NAP_model,0,16,TRUE,64,10,9,FALSE,TRUE,0.916875313,0.990111601,0.94875687,0.916875313,5.67968959
1089,TRUE,0.95,SDFA_NAP_model,0,16,TRUE,128,10,9,FALSE,TRUE,0.917125689,0.990143904,0.948869013,0.917125689,4.493584643
1089,FALSE,0.95,SDFA_NAP_model,0,16,TRUE,128,10,9,FALSE,TRUE,0.779043565,0.982015175,0.833261314,0.779043565,4.478411563
1089,TRUE,0.95,SDFA_NAP_model,0.2,16,TRUE,32,10,9,FALSE,TRUE,0.917125689,0.990143904,0.948869013,0.917125689,8.020681965
1089,TRUE,0.95,SDFA_NAP_model,0.2,16,TRUE,64,10,9,FALSE,TRUE,0.917376064,0.990440278,0.949118853,0.917376064,5.698288159
1089,TRUE,0.95,SDFA_NAP_model,0.2,16,TRUE,128,10,9,FALSE,TRUE,0.917250876,0.990308361,0.948986105,0.917250876,4.49367125
1089,FALSE,0.95,SDFA_NAP_model,0.2,16,TRUE,128,10,9,FALSE,TRUE,0.917376064,0.990440278,0.949118853,0.917376064,4.480820645
1089,TRUE,0.95,SDFA_NAP_model,0.5,16,TRUE,32,10,9,FALSE,TRUE,0.917125689,0.990143904,0.948869013,0.917125689,8.001494011
1089,TRUE,0.95,SDFA_NAP_model,0.5,16,TRUE,64,10,9,FALSE,TRUE,0.91762644,0.990283404,0.949188388,0.91762644,5.669158057
1089,TRUE,0.95,SDFA_NAP_model,0.5,16,TRUE,128,10,9,FALSE,TRUE,0.917125689,0.990182391,0.948853908,0.917125689,4.476396202
1089,FALSE,0.95,SDFA_NAP_model,0.5,16,TRUE,128,10,9,FALSE,TRUE,0.917376064,0.990440278,0.949118853,0.917376064,4.473648069
1089,TRUE,0.95,SDFA_NAP_model,0,32,TRUE,32,10,9,FALSE,TRUE,0.917376064,0.989982477,0.948938208,0.917376064,8.025762048
1089,TRUE,0.95,SDFA_NAP_model,0,32,TRUE,64,10,9,FALSE,TRUE,0.91762644,0.990283404,0.949188388,0.91762644,5.695260107
1089,TRUE,0.95,SDFA_NAP_model,0,32,TRUE,128,10,9,FALSE,TRUE,0.917876815,0.990541291,0.949453334,0.917876815,4.500386176
1089,FALSE,0.95,SDFA_NAP_model,0,32,TRUE,128,10,9,FALSE,TRUE,0.91762644,0.990283404,0.949188388,0.91762644,4.481465316
1089,TRUE,0.95,SDFA_NAP_model,0.2,32,TRUE,32,10,9,FALSE,TRUE,0.91762644,0.990283404,0.949188388,0.91762644,8.012392401
1089,TRUE,0.95,SDFA_NAP_model,0.2,32,TRUE,64,10,9,FALSE,TRUE,0.917501252,0.990151469,0.949063147,0.917501252,5.695710971
1089,TRUE,0.95,SDFA_NAP_model,0.2,32,TRUE,128,10,9,FALSE,TRUE,0.91762644,0.990283404,0.949188388,0.91762644,4.491060833
1089,FALSE,0.95,SDFA_NAP_model,0.2,32,TRUE,128,10,9,FALSE,TRUE,0.91762644,0.990283404,0.949188388,0.91762644,4.490710845
1089,TRUE,0.95,SDFA_NAP_model,0.5,32,TRUE,32,10,9,FALSE,TRUE,0.917876815,0.990541291,0.949453334,0.917876815,8.015777384
1089,TRUE,0.95,SDFA_NAP_model,0.5,32,TRUE,64,10,9,FALSE,TRUE,0.917376064,0.98989476,0.94886542,0.917376064,5.686820344
1089,TRUE,0.95,SDFA_NAP_model,0.5,32,TRUE,128,10,9,FALSE,TRUE,0.917501252,0.990026281,0.948998071,0.917501252,4.491279842
1089,FALSE,0.95,SDFA_NAP_model,0.5,32,TRUE,128,10,9,FALSE,TRUE,0.917501252,0.990026281,0.948998071,0.917501252,4.471878332
1089,TRUE,0.95,SDFA_NAP_model,0,64,TRUE,32,10,9,FALSE,TRUE,0.91762644,0.990283404,0.949188388,0.91762644,8.05795926
1089,TRUE,0.95,SDFA_NAP_model,0,64,TRUE,64,10,9,FALSE,TRUE,0.91762644,0.990283404,0.949188388,0.91762644,5.648355768
1089,TRUE,0.95,SDFA_NAP_model,0,64,TRUE,128,10,9,FALSE,TRUE,0.91762644,0.990283404,0.949188388,0.91762644,4.47256435
1089,FALSE,0.95,SDFA_NAP_model,0,64,TRUE,128,10,9,FALSE,TRUE,0.91762644,0.990281839,0.949194235,0.91762644,4.463446136
1089,TRUE,0.95,SDFA_NAP_model,0.2,64,TRUE,32,10,9,FALSE,TRUE,0.91762644,0.990283404,0.949188388,0.91762644,7.969434568
1089,TRUE,0.95,SDFA_NAP_model,0.2,64,TRUE,64,10,9,FALSE,TRUE,0.91762644,0.990283404,0.949188388,0.91762644,5.665020873
1089,TRUE,0.95,SDFA_NAP_model,0.2,64,TRUE,128,10,9,FALSE,TRUE,0.917376064,0.989813989,0.948891448,0.917376064,4.492380534
1089,FALSE,0.95,SDFA_NAP_model,0.2,64,TRUE,128,10,9,FALSE,TRUE,0.917376064,0.989688801,0.948836395,0.917376064,4.481539338
1089,TRUE,0.95,SDFA_NAP_model,0.5,64,TRUE,32,10,9,FALSE,TRUE,0.91762644,0.990283404,0.949188388,0.91762644,8.01981949
1089,TRUE,0.95,SDFA_NAP_model,0.5,64,TRUE,64,10,9,FALSE,TRUE,0.917376064,0.989688801,0.948836395,0.917376064,5.650944067
1089,TRUE,0.95,SDFA_NAP_model,0.5,64,TRUE,128,10,9,FALSE,TRUE,0.917376064,0.989688801,0.948836395,0.917376064,4.477468889
1089,FALSE,0.95,SDFA_NAP_model,0.5,64,TRUE,128,10,9,FALSE,TRUE,0.917751627,0.990408592,0.949326396,0.917751627,4.481920865
1089,FALSE,0.95,NAP_model,0,16,FALSE,128,10,9,TRUE,FALSE,0.896469705,0.989692026,0.936592577,0.896469705,15.31996594
1089,FALSE,0.95,NAP_model,0,32,FALSE,128,10,9,TRUE,FALSE,0.906735103,0.979468944,0.938313588,0.906735103,15.29937553
1089,FALSE,0.95,NAP_model,0,64,FALSE,128,10,9,TRUE,FALSE,0.915873811,0.98901489,0.947741976,0.915873811,15.28219463